metric_id,subject_id,subtopic_id,label,sentence_label,definition,source_id,table_or_series,variables,universe,units,measure_basis,stat_type,aggregation,uncertainty,geo_levels,periods,frequency,history_start,comparable_span,breaks,suppression,comparisons,viz,limitations,doc_url
pop_total_acs,demographics,population_size,Total population,total population,Total resident population (ACS 5-year period estimate).,census_acs5,B01003,B01003_001,Total population,persons,resident,count,sum,acs_moe,nation;region;division;state;county;cousub;place;tract;bg;zcta;cbsa;sd,2005-2009 to 2020-2024,5-year periods released annually,2005-2009,2005-2009 to 2020-2024 (legal-area boundaries of each release),"Controlled to Population Estimates for counties and larger areas (MOE shown as *****, i.e. no sampling error).",Estimates for very small areas may be unreliable.,parents;time,line;table,"Period estimate, not a point-in-time count; use decennial counts or annual estimates for trends in size.",https://www.census.gov/programs-surveys/acs/technical-documentation/table-shells.html
pop_total_dec,demographics,population_size,Population (census count),population (census count),Resident population counted in the decennial census on April 1.,census_dec,2000/2010 SF1 P001; 2020 DHC P1,2000:P001001; 2010:P001001; 2020:P1_001N,Total population,persons,resident,count,sum,census_count,nation;region;division;state;county;cousub;place;tract;bg;zcta,"2000, 2010, 2020 (earlier censuses not in the API)",decennial,2000,2000-2020 (boundaries in effect at each census),Each count uses the boundaries at that census (annexations change places). 2020 counts include differential privacy noise at small geographies.,None for totals; 2020 disclosure avoidance adds noise below the state level.,time;parents,line,Counts for places reflect the legal area at each census (evolving boundaries).,https://www.census.gov/programs-surveys/decennial-census/decade/2020/planning-management/release/about-2020-data-products.html
housing_units_dec,housing,housing_stock,Housing units (census count),number of housing units (census count),Housing units counted in the decennial census on April 1.,census_dec,2000/2010 SF1 H001; 2020 DHC H1,2000:H001001; 2010:H001001; 2020:H1_001N,Housing units,housing_units,housing_unit,count,sum,census_count,nation;region;division;state;county;cousub;place;tract;bg;zcta,"2000, 2010, 2020",decennial,2000,2000-2020 (boundaries in effect at each census),Boundaries change between censuses.,None for totals.,time,line,Counts reflect the legal area at each census.,https://www.census.gov/programs-surveys/decennial-census/decade/2020/planning-management/release/about-2020-data-products.html
median_age_acs,demographics,age_sex,Median age,median age,"Age that divides the population into two equal groups (published median, years).",census_acs5,B01002,B01002_001,Total population,years,resident,median,not_aggregable,acs_moe,nation;region;division;state;county;cousub;place;tract;bg;zcta;cbsa;sd,2005-2009 to 2020-2024,5-year periods,2005-2009,2005-2009 to 2020-2024,,Medians in open-ended intervals are shown as bounds.,parents;time,dot;line,Cannot be combined across areas from published tables (no single-year age distribution in B01002); shown for each member instead.,https://www.census.gov/programs-surveys/acs/technical-documentation/table-shells.html
age_under5_share_acs,demographics,age_sex,Under 5 years,share of residents under 5,Share of residents under age 5.,census_acs5,B01001,B01001_003;B01001_027 / B01001_001,Total population,percent,resident,share,recompute_from_components,acs_moe,nation;region;division;state;county;cousub;place;tract;bg;zcta;cbsa;sd,2005-2009 to 2020-2024,5-year periods,2005-2009,2005-2009 to 2020-2024,,,subgroups;time;parents,stacked_bar,,https://www.census.gov/programs-surveys/acs/technical-documentation/table-shells.html
age_5_17_share_acs,demographics,age_sex,5 to 17 years,share of residents aged 5 to 17,Share of residents aged 5 to 17.,census_acs5,B01001,B01001_004-006;B01001_028-030 / B01001_001,Total population,percent,resident,share,recompute_from_components,acs_moe,nation;region;division;state;county;cousub;place;tract;bg;zcta;cbsa;sd,2005-2009 to 2020-2024,5-year periods,2005-2009,2005-2009 to 2020-2024,,,subgroups;time,stacked_bar,,https://www.census.gov/programs-surveys/acs/technical-documentation/table-shells.html
age_18_24_share_acs,demographics,age_sex,18 to 24 years,share of residents aged 18 to 24,Share of residents aged 18 to 24.,census_acs5,B01001,B01001_007-010;B01001_031-034 / B01001_001,Total population,percent,resident,share,recompute_from_components,acs_moe,nation;region;division;state;county;cousub;place;tract;bg;zcta;cbsa;sd,2005-2009 to 2020-2024,5-year periods,2005-2009,2005-2009 to 2020-2024,,,subgroups;time,stacked_bar,,https://www.census.gov/programs-surveys/acs/technical-documentation/table-shells.html
age_25_44_share_acs,demographics,age_sex,25 to 44 years,share of residents aged 25 to 44,Share of residents aged 25 to 44.,census_acs5,B01001,B01001_011-014;B01001_035-038 / B01001_001,Total population,percent,resident,share,recompute_from_components,acs_moe,nation;region;division;state;county;cousub;place;tract;bg;zcta;cbsa;sd,2005-2009 to 2020-2024,5-year periods,2005-2009,2005-2009 to 2020-2024,,,subgroups;time,stacked_bar,,https://www.census.gov/programs-surveys/acs/technical-documentation/table-shells.html
age_45_64_share_acs,demographics,age_sex,45 to 64 years,share of residents aged 45 to 64,Share of residents aged 45 to 64.,census_acs5,B01001,B01001_015-019;B01001_039-043 / B01001_001,Total population,percent,resident,share,recompute_from_components,acs_moe,nation;region;division;state;county;cousub;place;tract;bg;zcta;cbsa;sd,2005-2009 to 2020-2024,5-year periods,2005-2009,2005-2009 to 2020-2024,,,subgroups;time,stacked_bar,,https://www.census.gov/programs-surveys/acs/technical-documentation/table-shells.html
age_65plus_share_acs,demographics,age_sex,65 years and over,share of residents aged 65 and over,Share of residents aged 65 and over.,census_acs5,B01001,B01001_020-025;B01001_044-049 / B01001_001,Total population,percent,resident,share,recompute_from_components,acs_moe,nation;region;division;state;county;cousub;place;tract;bg;zcta;cbsa;sd,2005-2009 to 2020-2024,5-year periods,2005-2009,2005-2009 to 2020-2024,,,subgroups;time;parents,stacked_bar;dot,,https://www.census.gov/programs-surveys/acs/technical-documentation/table-shells.html
hispanic_share_acs,demographics,race_ethnicity,Hispanic or Latino,Hispanic or Latino share of residents,Share of residents who are Hispanic or Latino (of any race).,census_acs5,B03002,B03002_012 / B03002_001,Total population,percent,resident,share,recompute_from_components,acs_moe,nation;region;division;state;county;cousub;place;tract;bg;zcta;cbsa;sd,2005-2009 to 2020-2024,5-year periods,2005-2009,2015-2019 to 2020-2024 with caution,Race and Hispanic origin coding improved from 2020 data; comparisons across 2020 need caution (Census Bureau).,,subgroups;time,stacked_bar,,https://www.census.gov/library/stories/2021/08/improved-race-ethnicity-measures-reveal-united-states-population-much-more-multiracial.html
nh_white_share_acs,demographics,race_ethnicity,"White alone, not Hispanic",non-Hispanic White share of residents,Share of residents who identify as White alone and not Hispanic or Latino.,census_acs5,B03002,B03002_003 / B03002_001,Total population,percent,resident,share,recompute_from_components,acs_moe,nation;region;division;state;county;cousub;place;tract;bg;zcta;cbsa;sd,2005-2009 to 2020-2024,5-year periods,2005-2009,2015-2019 to 2020-2024 with caution,Race coding improved from 2020 data; 'alone' categories fell partly because more people were coded as multiracial.,,subgroups;time,stacked_bar,,https://www.census.gov/library/stories/2021/08/improved-race-ethnicity-measures-reveal-united-states-population-much-more-multiracial.html
nh_black_share_acs,demographics,race_ethnicity,"Black alone, not Hispanic",non-Hispanic Black share of residents,Share of residents who identify as Black or African American alone and not Hispanic or Latino.,census_acs5,B03002,B03002_004 / B03002_001,Total population,percent,resident,share,recompute_from_components,acs_moe,nation;region;division;state;county;cousub;place;tract;bg;zcta;cbsa;sd,2005-2009 to 2020-2024,5-year periods,2005-2009,2015-2019 to 2020-2024 with caution,Race coding improved from 2020 data.,,subgroups;time,stacked_bar,,https://www.census.gov/library/stories/2021/08/improved-race-ethnicity-measures-reveal-united-states-population-much-more-multiracial.html
nh_asian_share_acs,demographics,race_ethnicity,"Asian alone, not Hispanic",non-Hispanic Asian share of residents,Share of residents who identify as Asian alone and not Hispanic or Latino.,census_acs5,B03002,B03002_006 / B03002_001,Total population,percent,resident,share,recompute_from_components,acs_moe,nation;region;division;state;county;cousub;place;tract;bg;zcta;cbsa;sd,2005-2009 to 2020-2024,5-year periods,2005-2009,2015-2019 to 2020-2024 with caution,Race coding improved from 2020 data.,,subgroups;time,stacked_bar,,https://www.census.gov/library/stories/2021/08/improved-race-ethnicity-measures-reveal-united-states-population-much-more-multiracial.html
nh_multiracial_share_acs,demographics,race_ethnicity,"Two or more races, not Hispanic",non-Hispanic multiracial share of residents,Share of residents who identify with two or more races and are not Hispanic or Latino.,census_acs5,B03002,B03002_009 / B03002_001,Total population,percent,resident,share,recompute_from_components,acs_moe,nation;region;division;state;county;cousub;place;tract;bg;zcta;cbsa;sd,2005-2009 to 2020-2024,5-year periods,2005-2009,2015-2019 to 2020-2024 with caution,Improved coding of write-in responses from 2020 raised multiracial counts; the increase is partly a measurement change.,,subgroups;time,stacked_bar,,https://www.census.gov/library/stories/2021/08/improved-race-ethnicity-measures-reveal-united-states-population-much-more-multiracial.html
nh_other_share_acs,demographics,race_ethnicity,"Other single race, not Hispanic",share of residents in other single-race groups (non-Hispanic),"Share of residents who identify as American Indian and Alaska Native, Native Hawaiian and Other Pacific Islander, or some other race alone, and not Hispanic or Latino.",census_acs5,B03002,B03002_005;B03002_007;B03002_008 / B03002_001,Total population,percent,resident,share,recompute_from_components,acs_moe,nation;region;division;state;county;cousub;place;tract;bg;zcta;cbsa;sd,2005-2009 to 2020-2024,5-year periods,2005-2009,2015-2019 to 2020-2024 with caution,Race coding improved from 2020 data.,,subgroups;time,stacked_bar,Combines three smaller groups for readability; each is published separately in B03002.,https://www.census.gov/programs-surveys/acs/technical-documentation/table-shells.html
median_household_income_acs,income_poverty_hardship,household_income,Median household income,median household income,"Median income in the past 12 months of all households, in dollars of the final year of the period.",census_acs5,B19013; distribution B19001,B19013_001; bins B19001_002-017,Households,dollars,household,median,median_from_distribution,acs_moe,nation;region;division;state;county;cousub;place;tract;bg;zcta;cbsa;sd,2005-2009 to 2020-2024,5-year periods,2005-2009,2005-2009 to 2020-2024 in constant dollars,,"Medians in the open-ended top interval are shown as bounds (e.g. $250,000+).",parents;time;distribution,line;dot,Combined areas: interpolated from the summed 16-bin distribution; differs slightly from Census medians (computed from finer internal distributions); MOE not computed.,https://www.census.gov/topics/income-poverty/income/guidance/income-sources.html
per_capita_income_acs,income_poverty_hardship,per_capita_income,Per capita income,per capita income,"Aggregate income in the past 12 months divided by total population, in dollars of the final year of the period.",census_acs5,B19301; B19313 / B01003,B19301_001; B19313_001 / B01003_001,Total population,dollars,resident,ratio,recompute_from_components,acs_moe,nation;region;division;state;county;cousub;place;tract;bg;zcta;cbsa;sd,2005-2009 to 2020-2024,5-year periods,2005-2009,2005-2009 to 2020-2024 in constant dollars,,,parents;time,line;dot,Survey-based; differs from BEA per capita personal income (a national-accounts measure).,https://www.census.gov/programs-surveys/acs/technical-documentation/table-shells.html
poverty_rate_acs,income_poverty_hardship,poverty,Poverty rate,poverty rate,Share of people for whom poverty status is determined whose income is below the official poverty threshold.,census_acs5,B17001,B17001_002 / B17001_001,People for whom poverty status is determined,percent,resident,share,recompute_from_components,acs_moe,nation;region;division;state;county;cousub;place;tract;bg;zcta;cbsa;sd,2005-2009 to 2020-2024,5-year periods,2005-2009,2005-2009 to 2020-2024,,,parents;time;within_area,line;dot;map,"Excludes people in institutions, military group quarters, college dormitories and unrelated children under 15.",https://www.census.gov/topics/income-poverty/poverty/guidance/poverty-measures.html
child_poverty_rate_acs,children_early_childhood,child_poverty,Child poverty rate (under 18),poverty rate for children under 18,Share of children under 18 for whom poverty status is determined who are below the poverty threshold.,census_acs5,B17020,B17020_003-005 / (B17020_003-005 + B17020_011-013),Children under 18 for whom poverty status is determined,percent,resident,share,recompute_from_components,acs_moe,nation;region;division;state;county;cousub;place;tract;bg;zcta;cbsa;sd,2010-2014 to 2020-2024,5-year periods,2010-2014,2010-2014 to 2020-2024,B17020 is not published in the 2005-2009 release.,,parents;time,line;dot,,https://www.census.gov/programs-surveys/acs/technical-documentation/table-shells.html
labor_force_participation_acs,employment_labor,labor_force,Labor force participation rate,labor force participation rate,Share of residents aged 16 and over who are in the labor force (employed or unemployed).,census_acs5,B23025,B23025_002 / B23025_001,Population 16 years and over,percent,resident,share,recompute_from_components,acs_moe,nation;region;division;state;county;cousub;place;tract;bg;zcta;cbsa;sd,2010-2014 to 2020-2024,5-year periods,2010-2014,2010-2014 to 2020-2024,B23025 is not published in the 2005-2009 release.,,parents;time,dot;line,Resident-based (where workers live).,https://www.census.gov/programs-surveys/acs/technical-documentation/table-shells.html
unemployment_rate_acs,employment_labor,unemployment,Unemployment rate (ACS),unemployment rate (ACS),Share of the civilian labor force aged 16 and over that is unemployed (5-year period average).,census_acs5,B23025,B23025_005 / B23025_003,Civilian labor force 16 years and over,percent,resident,share,recompute_from_components,acs_moe,nation;region;division;state;county;cousub;place;tract;bg;zcta;cbsa;sd,2010-2014 to 2020-2024,5-year periods,2010-2014,2010-2014 to 2020-2024,B23025 is not published in the 2005-2009 release.,,parents,dot,"Period average; for annual unemployment use BLS LAUS, which differs in method and timing.",https://www.bls.gov/lau/acsqa.htm
bachelors_plus_share_acs,education,attainment,Bachelor's degree or higher,share of adults 25 and over with a bachelor's degree or higher,Share of adults aged 25 and over with a bachelor's degree or higher.,census_acs5,B15003,B15003_022-025 / B15003_001,Population 25 years and over,percent,resident,share,recompute_from_components,acs_moe,nation;region;division;state;county;cousub;place;tract;bg;zcta;cbsa;sd,2010-2014 to 2020-2024,5-year periods,2010-2014,2010-2014 to 2020-2024,B15003 is not published in the 2005-2009 release.,,parents;time,dot;line,,https://www.census.gov/programs-surveys/acs/technical-documentation/table-shells.html
snap_households_share_acs,income_poverty_hardship,public_assistance,Households receiving SNAP,share of households receiving SNAP,Share of households that received Food Stamps/SNAP in the past 12 months.,census_acs5,B22001,B22001_002 / B22001_001,Households,percent,household,share,recompute_from_components,acs_moe,nation;region;division;state;county;cousub;place;tract;bg;zcta;cbsa;sd,2005-2009 to 2020-2024,5-year periods,2005-2009,2005-2009 to 2020-2024,,,parents;time,dot;line,Survey reports of receipt are known to understate administrative caseloads.,https://www.census.gov/programs-surveys/acs/technical-documentation/table-shells.html
housing_units_acs,housing,housing_stock,Housing units,number of housing units,Total housing units (ACS 5-year period estimate).,census_acs5,B25001,B25001_001,Housing units,housing_units,housing_unit,count,sum,acs_moe,nation;region;division;state;county;cousub;place;tract;bg;zcta;cbsa;sd,2005-2009 to 2020-2024,5-year periods,2005-2009,2005-2009 to 2020-2024,Controlled to housing unit estimates for counties and larger areas.,,parents;time,table,,https://www.census.gov/programs-surveys/acs/technical-documentation/table-shells.html
owner_occupied_share_acs,housing,tenure,Homeownership rate,homeownership rate,Share of occupied housing units that are owner-occupied.,census_acs5,B25003,B25003_002 / B25003_001,Occupied housing units,percent,housing_unit,share,recompute_from_components,acs_moe,nation;region;division;state;county;cousub;place;tract;bg;zcta;cbsa;sd,2005-2009 to 2020-2024,5-year periods,2005-2009,2005-2009 to 2020-2024,,,parents;time;within_area,line;dot;map,,https://www.census.gov/programs-surveys/acs/technical-documentation/table-shells.html
vacancy_rate_acs,housing,vacancy,Vacancy rate,vacancy rate,"Share of all housing units that are vacant (any reason, including seasonal).",census_acs5,B25002,B25002_003 / B25002_001,Housing units,percent,housing_unit,share,recompute_from_components,acs_moe,nation;region;division;state;county;cousub;place;tract;bg;zcta;cbsa;sd,2005-2009 to 2020-2024,5-year periods,2005-2009,2005-2009 to 2020-2024,,,parents;time,dot;line,"Includes seasonal and other vacant units, not only units for rent or sale.",https://www.census.gov/programs-surveys/acs/technical-documentation/table-shells.html
median_home_value_acs,housing,home_values_rents,Median home value,median home value,"Median owner-reported value of owner-occupied housing units, in dollars of the final year of the period.",census_acs5,B25077; distribution B25075,B25077_001; bins B25075,Owner-occupied housing units,dollars,housing_unit,median,median_from_distribution,acs_moe,nation;region;division;state;county;cousub;place;tract;bg;zcta;cbsa;sd,2005-2009 to 2020-2024,5-year periods,2005-2009,2005-2009 to 2020-2024 in constant dollars,"Top value bins expanded in 2015 (above $1,000,000); bins are read per release.",Medians in open-ended intervals are shown as bounds.,parents;time;distribution,line;dot,"Owner estimates, not sale prices; combined-area medians interpolated from bins without MOE.",https://www.census.gov/programs-surveys/acs/technical-documentation/table-shells.html
median_gross_rent_acs,housing,home_values_rents,Median gross rent,median gross rent,"Median monthly gross rent (contract rent plus utilities) of renter-occupied units paying cash rent, in dollars of the final year of the period.",census_acs5,B25064; distribution B25063,B25064_001; bins B25063,Renter-occupied housing units paying cash rent,dollars,housing_unit,median,median_from_distribution,acs_moe,nation;region;division;state;county;cousub;place;tract;bg;zcta;cbsa;sd,2005-2009 to 2020-2024,5-year periods,2005-2009,2005-2009 to 2020-2024 in constant dollars,Top rent bins expanded in 2015; bins are read per release.,Medians in open-ended intervals are shown as bounds.,parents;time;distribution,line;dot,Combined-area medians interpolated from bins without MOE.,https://www.census.gov/programs-surveys/acs/technical-documentation/table-shells.html
rent_burden_30plus_share_acs,housing,cost_burden,Renters paying 30% or more of income on rent,share of renter households paying 30% or more of income on rent,Share of renter households (with computed ratio) whose gross rent is 30 percent or more of household income.,census_acs5,B25070,B25070_007-010 / B25070_002-010,Renter-occupied units with gross rent as a percentage of income computed,percent,household,share,recompute_from_components,acs_moe,nation;region;division;state;county;cousub;place;tract;bg;zcta;cbsa;sd,2005-2009 to 2020-2024,5-year periods,2005-2009,2005-2009 to 2020-2024,,,parents;time,line;dot,Excludes units with no cash rent or zero/negative income (not computed).,https://www.census.gov/programs-surveys/acs/technical-documentation/table-shells.html
children_under5_acs,children_early_childhood,child_population,Children under 5,number of children under 5,Resident children under age 5.,census_acs5,B01001,B01001_003;B01001_027,Total population,children,resident,count,sum,acs_moe,nation;region;division;state;county;cousub;place;tract;bg;zcta;cbsa;sd,2005-2009 to 2020-2024,5-year periods,2005-2009,2005-2009 to 2020-2024,,,time;parents,line;table,,https://www.census.gov/programs-surveys/acs/technical-documentation/table-shells.html
own_children_under6_acs,children_early_childhood,working_parents,Own children under 6,number of own children under 6,Children under 6 living with one or both parents (own children in families and subfamilies).,census_acs5,B23008,B23008_002,Own children under 18 in families and subfamilies,children,resident,count,sum,acs_moe,nation;region;division;state;county;cousub;place;tract;bg;zcta;cbsa;sd,2005-2009 to 2020-2024,5-year periods,2005-2009,2005-2009 to 2020-2024,,,time,table,Excludes children not living with a parent (e.g. with grandparents only).,https://www.census.gov/programs-surveys/acs/technical-documentation/table-shells.html
children_under6_all_parents_working_share_acs,childcare,childcare_need,Children under 6 with all parents in the labor force,share of young children (under 6) whose parents all work,"Share of own children under 6 whose parent(s) living with them are all in the labor force: both parents in two-parent families, or the parent in one-parent families. A standard indicator of potential need for child care, not of care used.",census_acs5,B23008,B23008_004;B23008_010;B23008_013 / B23008_002,Own children under 6 in families and subfamilies,percent,resident,share,recompute_from_components,acs_moe,nation;region;division;state;county;cousub;place;tract;bg;zcta;cbsa;sd,2005-2009 to 2020-2024,5-year periods,2005-2009,2005-2009 to 2020-2024,,,parents;time,line;dot,"Estimated potential need only: says nothing about care arrangements, hours, or supply.",https://www.census.gov/programs-surveys/acs/technical-documentation/table-shells.html
mean_commute_minutes_acs,transportation,travel_time,Mean travel time to work,mean travel time to work (minutes),Average one-way commute in minutes for workers 16 and over who did not work from home.,census_acs5,B08013 / B08012,B08013_001 / B08012_001,Workers 16 years and over who did not work from home,minutes,resident,ratio,recompute_from_components,acs_moe,nation;region;division;state;county;cousub;place;tract;bg;zcta;cbsa;sd,2010-2014 to 2020-2024,5-year periods,2010-2014,2010-2014 to 2020-2024,B08012 structure differs in the 2005-2009 release.,,parents;time,dot,,https://www.census.gov/programs-surveys/acs/technical-documentation/table-shells.html
broadband_households_share_acs,broadband,internet_subscription,Households with a broadband subscription,share of households with a broadband subscription,Share of households with a broadband internet subscription of any type.,census_acs5,B28002,B28002_004 / B28002_001,Households,percent,household,share,recompute_from_components,acs_moe,nation;region;division;state;county;cousub;place;tract;bg;zcta;cbsa;sd,2015-2019 to 2020-2024,5-year periods,2013-2017,2015-2019 to 2020-2024,"Internet questions were added to the ACS in 2013 and revised in 2016; 5-year periods before 2016-2020 mix the old and new wording, so compare them with caution.",,parents;time,dot,"Subscription, not availability; history is short (two non-overlapping periods).",https://www.census.gov/topics/population/computer-internet.html
pop_estimate_pep,demographics,population_size,Population (annual estimate),estimated population,"Resident population on July 1 estimated by the Population Estimates Program from census counts, births, deaths and migration.",census_pep,"PEP totals (NST-EST2025, CO-EST2025, SUB-EST2025; intercensal 2000-2010 and 2010-2020)",POPESTIMATEyyyy,Resident population,persons,resident,count,sum,modeled_no_published_error,nation;region;division;state;county;place;cousub,2000-2025,annual,2000,"Within each series: 2000-2009, 2010-2019, 2020-2025","Three separately estimated series (2000-2010 and 2010-2020 intercensal, Vintage 2025) with different boundaries; drawn as separate lines, never spliced.",None; CDPs are not estimated.,time;parents,line,"Estimates, not counts; revised each vintage. No estimates for census designated places.",https://www.census.gov/programs-surveys/popest.html
pop_hist_census,demographics,population_size,"Population (census count, 1900-1990)",population (census count),"Resident population counted in each decennial census from 1900 to 1990, on the county boundaries of each census.",census_hist,Population of Counties by Decennial Census: 1900 to 1990,pop1900..pop1990,Resident population,persons,resident,count,sum,census_count,nation;region;division;state;county,1900-1990,decennial,1900,1900-1990 (legal county boundaries of each census),County boundary changes over the century are not harmonized; Connecticut planning regions have no counts before 2020.,None,time,line,Machine-readable copy maintained by NBER; the Census Bureau's original files now return 404.,https://data.nber.org/census/population/cencounts/
per_capita_personal_income_bea,income_poverty_hardship,personal_income,Per capita personal income,per capita personal income,"Personal income (wages, proprietors' income, dividends, interest, rent and transfer receipts) divided by resident population, from BEA regional accounts.",bea_cainc,CAINC1 (lines 1-3),"LineCode 1, 2, 3",Resident population,dollars,resident,ratio,recompute_from_components,modeled_no_published_error,nation;region;division;state;county,1969-2024,annual,1969,1969-2024 (revised each release),"Connecticut: counties through 2023, planning regions 2024 only (no overlap). Some Virginia independent cities are combined with counties.",(NA) where not available,time;parents,line,A national-accounts measure that differs from ACS per capita income. Place-level data are not published.,https://apps.bea.gov/regional/docs/DataAvailability.cfm
house_price_index_fhfa,housing,house_prices,House price index (2000 = 100),house price index (2000 = 100),"FHFA all-transactions repeat-sales index of single-family house prices, annual, rebased to 2000 = 100 (nominal).",fhfa_hpi,"HPI_AT county, state and national annual files",HPI with 2000 base,Single-family homes with repeat transactions,index,area_estimate,index,not_aggregable,none_published,nation;state;cbsa;county;zip5;tract,1975-2025,annual,1975,Varies by county (first year with enough sales),Indexes are developmental and revised; counties enter when sales are sufficient.,Missing where too few transactions,time;parents,line,Nominal (not adjusted for inflation); cannot be combined across areas; not published for places.,https://www.fhfa.gov/data/hpi/datasets
housing_units_authorized_bps,housing,housing_production,New housing units authorized,number of new housing units authorized by building permits,"New privately owned housing units authorized by building permits in the year (all structure sizes), estimates including imputation for non-reporting months.",census_bps,BPS annual county and place files,"units (1, 2, 3-4, 5+ unit structures)",Permit-issuing jurisdictions,units,administrative,count,sum,administrative_no_sampling_error,state;county;place,"2000-2025 (counties), 2007-2025 (places)",annual,2000,2000-2025,Place FIPS codes are available from 2007; the permit-issuing universe was updated from 2023.,None; values for non-reporting places are imputed (flagged),time,line,"Authorizations, not completions; imputed when a place reported fewer than 12 months.",https://www.census.gov/construction/bps/
childcare_price_center_infant_ndcp,childcare,childcare_cost,Center-based infant care price (weekly),median weekly price of full-time center-based infant care,"Median weekly full-time price of center-based care for infants (0-23 months) from state market rate surveys, compiled by the Women's Bureau.",dol_ndcp,NDCP 2008-2022 (county file),MCINFANT,Licensed child care centers in state market rate surveys,dollars,facility,median,not_aggregable,none_published,county,2008-2022,annual,2008,2008-2022 (varies by state),State survey methods and years differ; some values are imputed or interpolated (flags in the source).,No data for Indiana or New Mexico; gaps in other states.,time,line,"Prices charged, not family spending or subsidy rates; a county median, not combinable across counties.",https://www.dol.gov/agencies/wb/topics/featured-childcare
childcare_price_center_preschool_ndcp,childcare,childcare_cost,Center-based preschool-age care price (weekly),median weekly price of full-time center-based care for preschool-age children,Median weekly full-time price of center-based care for children aged 36-54 months.,dol_ndcp,NDCP 2008-2022,MCPRESCHOOL,Licensed child care centers in state market rate surveys,dollars,facility,median,not_aggregable,none_published,county,2008-2022,annual,2008,2008-2022 (varies by state),State survey methods differ.,No data for Indiana or New Mexico.,time,line,Prices charged; not combinable across counties.,https://www.dol.gov/agencies/wb/topics/featured-childcare
childcare_price_family_infant_ndcp,childcare,childcare_cost,Home-based (family child care) infant price (weekly),median weekly price of full-time family child care for infants,Median weekly full-time price of regulated family child care (home-based) for infants.,dol_ndcp,NDCP 2008-2022,MFCCINFANT,Regulated family child care homes in state market rate surveys,dollars,facility,median,not_aggregable,none_published,county,2008-2022,annual,2008,2008-2022 (varies by state),State survey methods differ.,No data for Indiana or New Mexico.,time,line,Prices charged; not combinable across counties.,https://www.dol.gov/agencies/wb/topics/featured-childcare
childcare_price_infant_share_income_ndcp,childcare,childcare_cost,Infant center care price as % of median family income,annual price of center-based infant care as a share of median family income,"52 times the median weekly center-based infant price, divided by the county median family income (both nominal, same year), times 100.",dol_ndcp,NDCP 2008-2022,MCINFANT; MFI,Families (income); licensed centers (price),percent,facility,ratio,not_aggregable,none_published,county,2008-2022,annual,2008,2008-2022 (varies by state),Income is the ACS 5-year median family income carried in the NDCP file.,No data for Indiana or New Mexico.,time,line,"An affordability indicator for a median-income family, not the share any family actually pays.",https://www.dol.gov/agencies/wb/topics/featured-childcare
childcare_establishments_cbp,childcare,childcare_supply,Child day care establishments (with employees),number of child day care establishments with paid employees,Establishments classified in NAICS 624410 (child day care services) with paid employees in mid-March.,census_cbp,"County Business Patterns, NAICS 624410",ESTAB (NAICS 624410),Business establishments with paid employees,establishments,establishment,count,sum,administrative_no_sampling_error,nation;state;county;cbsa;zcta,1998-2023,annual,1998,1998-2023 (NAICS 624410 unchanged since 1997),SIC-based data (1986-1997) are a different classification and are not joined. Noise infusion from 2007; cells under 3 establishments not shown from 2017.,"From 2017, counties with fewer than 3 establishments are not shown (marked suppressed).",time;parents,line,"Counts businesses by location, not licensed slots; excludes home-based providers without employees and most public programs.",https://www.census.gov/programs-surveys/cbp.html
childcare_capacity_tx,childcare,childcare_capacity,Licensed child care capacity (Texas),licensed child care capacity,"Sum of licensed maximum capacity of Texas licensed centers, licensed child-care homes and registered child-care homes with current operations (listed family homes excluded).",tx_hhsc,HHSC CCL Daycare and Residential Operations Data (bc5r-88dy),total_capacity,Regulated child care operations in Texas,children,facility,count,sum,administrative_no_sampling_error,state;county,Current snapshot,snapshot (updated daily),,None (no archived snapshots),No history: only current records are published.,None,parents,table,"Capacity is the licensed maximum (often including school-age slots), not enrollment or vacancies. Counties by name; facility mailing city is not a census place.",https://data.texas.gov/See-Category-Tile/HHSC-CCL-Daycare-and-Residential-Operations-Data/bc5r-88dy
unemployment_rate_laus,employment_labor,unemployment,Unemployment rate (annual average),unemployment rate,"Unemployed persons as a percentage of the civilian labor force, annual average of monthly model-based estimates (not seasonally adjusted).",bls_laus,LAUS annual averages (measures 03 and 06),"measures 03, 04, 06; period M13",Civilian labor force 16 and over (resident),percent,resident,share,recompute_from_components,modeled_no_published_error,nation;region;division;state;county;place;cbsa,"1976-2025 (states), 1990-2025 (substate)",annual,1990,2010-2025 for substate areas; 1976-2025 for states,2015 redesign carried back to 2010 for substate areas (break 2009/2010); 2025 annual averages cover 11 months.,"Cities under 25,000 not published",time;parents,line,Nation is the sum of state estimates (LAUS has no U.S. series).,https://www.bls.gov/lau/
labor_force_laus,employment_labor,labor_force,Civilian labor force (annual average),civilian labor force,"Employed plus unemployed residents 16 and over, annual average.",bls_laus,LAUS measure 06,measure 06; M13,Civilian noninstitutional population 16+,persons,resident,count,sum,modeled_no_published_error,nation;region;division;state;county;place,1990-2025,annual,1990,2010-2025 for substate areas,Substate break 2009/2010.,"Cities under 25,000 not published",time,line,Model-based estimates.,https://www.bls.gov/lau/
childcare_price_center_toddler_ndcp,childcare,childcare_cost,Median weekly price: center-based toddler care,,Median full-time weekly price charged by child care centers for toddlers (24-35 months) from the state market rate survey for the county or its rate zone; aggregated from six-month bands (MCToddler_flag).,dol_ndcp,NDCP2022.xlsx sheet County_LevelNDCP_v8_update2008_,MCTODDLER;MCToddler_flag;iMC24to29;iMC30to35,Regulated child care centers covered by state market rate surveys,US dollars per week (study-year dollars),area_estimate,dollars,not_aggregable,modeled_no_published_error,county,2008-2022 annual,annual (irregular releases),2009,2009-2022 within a state whose survey method is stable; check i* imputation flags,"Between-survey years interpolated; 2024 update revised 2008-2018; CA, NC and VA 2022 extrapolated","Blank for all Indiana and New Mexico counties; 558 of 3,221 counties blank in 2022",parents;time;distribution,map;line;dot,"Market prices of regulated care, not family spending; nominal dollars.",https://www.dol.gov/sites/dolgov/files/WB/National-Database-of-Childcare-Prices-Technical-Report.pdf
childcare_price_center_schoolage_ndcp,childcare,childcare_cost,Median weekly price: center-based school-age care,,Median full-time weekly price charged by child care centers for school-age children (ICF used the earliest full-time school age where possible; typically kindergarten).,dol_ndcp,NDCP2022.xlsx sheet County_LevelNDCP_v8_update2008_,MCSA;iMCSA,Regulated child care centers covered by state market rate surveys,US dollars per week (study-year dollars),area_estimate,dollars,not_aggregable,modeled_no_published_error,county,2008-2022 annual,annual (irregular releases),2009,2009-2022 within a state whose survey method is stable,Between-survey years interpolated; state school-age definitions vary (some 6-12),"Blank for all Indiana and New Mexico counties; 575 of 3,221 counties blank in 2022",parents;time;distribution,map;line;dot,Full-time weekly rate; many school-age children use part-time before/after-school care priced differently.,https://www.dol.gov/sites/dolgov/files/WB/National-Database-of-Childcare-Prices-Technical-Report.pdf
childcare_price_home_infant_ndcp,childcare,childcare_cost,Median weekly price: family child care home infant care,,Median full-time weekly price charged by regulated family child care homes for infants (0-23 months) from the state market rate survey; aggregated from six-month bands (MFCCInfant_flag).,dol_ndcp,NDCP2022.xlsx sheet County_LevelNDCP_v8_update2008_,MFCCINFANT;MFCCInfant_flag;iMFCCBto5;iMFCC6to11;iMFCC12to17;iMFCC18to23,Regulated family child care homes covered by state market rate surveys,US dollars per week (study-year dollars),area_estimate,dollars,not_aggregable,modeled_no_published_error,county,2008-2022 annual,annual (irregular releases),2009,2009-2022 within a state whose survey method is stable; check i* imputation flags,"Between-survey years interpolated; 2024 update revised 2008-2018; CA, NC and VA 2022 extrapolated","Blank for all Indiana and New Mexico counties; 637 of 3,221 counties blank in 2022",parents;time;distribution,map;line;dot,Home-based regulated care only (unregulated care excluded); nominal dollars.,https://www.dol.gov/sites/dolgov/files/WB/National-Database-of-Childcare-Prices-Technical-Report.pdf
childcare_price_home_toddler_ndcp,childcare,childcare_cost,Median weekly price: family child care home toddler care,,Median full-time weekly price charged by regulated family child care homes for toddlers (24-35 months) (MFCCToddler_flag).,dol_ndcp,NDCP2022.xlsx sheet County_LevelNDCP_v8_update2008_,MFCCTODDLER;MFCCToddler_flag;iMFCC24to29;iMFCC30to35,Regulated family child care homes covered by state market rate surveys,US dollars per week (study-year dollars),area_estimate,dollars,not_aggregable,modeled_no_published_error,county,2008-2022 annual,annual (irregular releases),2009,2009-2022 within a state whose survey method is stable,Between-survey years interpolated; 2024 update revised 2008-2018,"Blank for all Indiana and New Mexico counties; 641 of 3,221 counties blank in 2022",parents;time;distribution,map;line;dot,Home-based regulated care only; nominal dollars.,https://www.dol.gov/sites/dolgov/files/WB/National-Database-of-Childcare-Prices-Technical-Report.pdf
childcare_price_home_preschool_ndcp,childcare,childcare_cost,Median weekly price: family child care home preschool-age care,,Median full-time weekly price charged by regulated family child care homes for preschoolers (36-54 months) (MFCCPreschool_flag).,dol_ndcp,NDCP2022.xlsx sheet County_LevelNDCP_v8_update2008_,MFCCPRESCHOOL;MFCCPreschool_flag;iMFCC36to41;iMFCC42to47;iMFCC48to53,Regulated family child care homes covered by state market rate surveys,US dollars per week (study-year dollars),area_estimate,dollars,not_aggregable,modeled_no_published_error,county,2008-2022 annual,annual (irregular releases),2009,2009-2022 within a state whose survey method is stable,Between-survey years interpolated; 2024 update revised 2008-2018,"Blank for all Indiana and New Mexico counties; 635 of 3,221 counties blank in 2022",parents;time;distribution,map;line;dot,Home-based regulated care only; nominal dollars.,https://www.dol.gov/sites/dolgov/files/WB/National-Database-of-Childcare-Prices-Technical-Report.pdf
childcare_price_home_schoolage_ndcp,childcare,childcare_cost,Median weekly price: family child care home school-age care,,Median full-time weekly price charged by regulated family child care homes for school-age children.,dol_ndcp,NDCP2022.xlsx sheet County_LevelNDCP_v8_update2008_,MFCCSA;iMFCCSA,Regulated family child care homes covered by state market rate surveys,US dollars per week (study-year dollars),area_estimate,dollars,not_aggregable,modeled_no_published_error,county,2008-2022 annual,annual (irregular releases),2009,2009-2022 within a state whose survey method is stable,Between-survey years interpolated; state school-age definitions vary,"Blank for all Indiana and New Mexico counties; 665 of 3,221 counties blank in 2022",parents;time;distribution,map;line;dot,Full-time weekly rate; nominal dollars.,https://www.dol.gov/sites/dolgov/files/WB/National-Database-of-Childcare-Prices-Technical-Report.pdf
childcare_price_center_infant_p75_ndcp,childcare,childcare_cost,75th percentile weekly price: center-based infant care,,75th percentile full-time weekly price charged by child care centers for infants (0-23 months); the 75th percentile is the benchmark states are encouraged to use for CCDF subsidy payment rates.,dol_ndcp,NDCP2022.xlsx sheet County_LevelNDCP_v8_update2008_,_75CINFANT;_75CInfant_flag;i_75CBto5;i_75C6to11;i_75C12to17;i_75C18to23,Regulated child care centers covered by state market rate surveys,US dollars per week (study-year dollars),area_estimate,dollars,not_aggregable,modeled_no_published_error,county,2008-2022 annual,annual (irregular releases),2009,2009-2022 within a state whose survey method is stable,Missing percentiles imputed for 18 states with a lognormal model (flag digit 4); between-survey years interpolated,"Blank for all Indiana and New Mexico counties; 560 of 3,221 counties blank in 2022",parents;time;distribution,map;line;dot,Often imputed from the median; nominal dollars.,https://www.dol.gov/sites/dolgov/files/WB/National-Database-of-Childcare-Prices-Technical-Report.pdf
childcare_price_home_infant_p75_ndcp,childcare,childcare_cost,75th percentile weekly price: family child care home infant care,,75th percentile full-time weekly price charged by regulated family child care homes for infants (0-23 months).,dol_ndcp,NDCP2022.xlsx sheet County_LevelNDCP_v8_update2008_,_75FCCINFANT;_75FCCInfant_flag;i_75FCCBto5;i_75FCC6to11;i_75FCC12to17;i_75FCC18to23,Regulated family child care homes covered by state market rate surveys,US dollars per week (study-year dollars),area_estimate,dollars,not_aggregable,modeled_no_published_error,county,2008-2022 annual,annual (irregular releases),2009,2009-2022 within a state whose survey method is stable,Missing percentiles imputed with a lognormal model (flag digit 4); between-survey years interpolated,Blank for all Indiana and New Mexico counties,parents;time;distribution,map;line;dot,Often imputed from the median; nominal dollars.,https://www.dol.gov/sites/dolgov/files/WB/National-Database-of-Childcare-Prices-Technical-Report.pdf
childcare_price_age_band_ndcp,childcare,childcare_cost,Median weekly price by six-month age band (centers and family homes),,"Median full-time weekly prices for 11 standardized age bands (birth-5 months, 6-11, 12-17, 18-23, 24-29, 30-35, 36-41, 42-47, 48-53 months, 54 months to school age, school age) for centers (MC*) and family child care homes (MFCC*); 75th percentile analogs _75C* and _75FCC*; DOL recommends these granular bands over the aggregates.",dol_ndcp,NDCP2022.xlsx sheet County_LevelNDCP_v8_update2008_,MCBto5;MC6to11;MC12to17;MC18to23;MC24to29;MC30to35;MC36to41;MC42to47;MC48to53;MC54toSA;MCSA;MFCCBto5;MFCC6to11;MFCC12to17;MFCC18to23;MFCC24to29;MFCC30to35;MFCC36to41;MFCC42to47;MFCC48to53;MFCC54toSA;MFCCSA,Regulated centers and family child care homes covered by state market rate surveys,US dollars per week (study-year dollars),area_estimate,dollars,not_aggregable,modeled_no_published_error,county,2008-2022 annual,annual (irregular releases),2009,2009-2022 within a state whose survey method is stable,State age definitions aligned to bands within 3 months; imputation flags i{var} per band,Blank for all Indiana and New Mexico counties,parents;time;distribution,line;table,Read i* flags as text to keep leading zeros (e.g. 00011); nominal dollars.,https://www.dol.gov/sites/dolgov/files/WB/National-Database-of-Childcare-Prices-Technical-Report.pdf
childcare_price_burden_center_infant_ndcp,childcare,childcare_cost,Center infant care price as percent of median family income,,"Derived: MCINFANT x 52 / MFI x 100, the annualized median weekly center-based infant price divided by county median family income for the same study year (both nominal); mirrors DOL's affordability concept of price as a percent of median family income.",dol_ndcp,NDCP2022.xlsx sheet County_LevelNDCP_v8_update2008_,MCINFANT;MFI,Counties with center infant price and median family income,percent of median family income,area_estimate,share,not_aggregable,modeled_no_published_error,county,2008-2022 annual,annual (irregular releases),2009,2009-2022 within a state whose survey method is stable,"NDCP ACS covariates mix 1-, 3- and 5-year ACS products across years; price breaks as for MCINFANT","Blank where MCINFANT blank (all IN, NM counties)",parents;time;distribution,map;bar;line,"Median family income overstates ability to pay for lower-income families; 52 weeks assumes full-year care. Example: Travis Co TX 2022 = 229 x 52 / 119,793 = 9.9%.",https://www.dol.gov/sites/dolgov/files/WB/National-Database-of-Childcare-Prices-Technical-Report.pdf
female_lfpr_children_under6_ndcp,children_early_childhood,working_parents,Labor force participation rate of women 20-64 with children under 6 only (NDCP),,"Percent of women ages 20-64 whose own children are all under 6 who are in the labor force, as carried in NDCP from ACS table S2301; county and state versions.",dol_ndcp,NDCP2022.xlsx sheet County_LevelNDCP_v8_update2008_,FLFPR_20to64_UNDER6;iFLFPR_20to64_UNDER6;FLFPR_20to64_UNDER6_STATE,Women 20-64 with own children under 6 only,percent,resident,rate,not_aggregable,none_published,county;state,2008-2022 annual,annual (irregular releases),2009,2009-2022 (2008 from 3-year ACS for counties of 20k+ only),"NDCP ACS inputs mix 1-, 3- and 5-year products; imputed values flagged (iFLFPR_20to64_UNDER6 = 1)",Imputed where ACS value missing (flag),parents;time,map;line,No MOEs carried; for current values with MOE use ACS S2301 directly.,https://www.dol.gov/sites/dolgov/files/WB/National-Database-of-Childcare-Prices-Technical-Report.pdf
childcare_price_state_median_ndcp,childcare,childcare_cost,State median weekly childcare price by age group and care type,,"Median of county full-time weekly prices across a state's counties for infant, toddler, preschool and school-age care, by TYPE (Center or Family), computed by DOL.",dol_wb_ndcp_state,NDCP2022-state-level-estimates-and-rankings.xlsx sheet 'State Child Care Affordability ',MEDIAN_INFANT_PRICE;MEDIAN_TODDLER_PRICE;MEDIAN_PRESCHOOL_PRICE;MEDIAN_SCHOOLAGE_PRICE;TYPE;PCT_VALID_INFANT,Counties in the state with price estimates,US dollars per week (study-year dollars),area_estimate,dollars,not_aggregable,modeled_no_published_error,state,2008-2022 annual,annual (irregular releases),2008,2008-2022 where PCT_VALID_* is high,Inherits county NDCP breaks and imputations,Blank for Indiana and New Mexico (all years),parents;time;subgroups,bar;line;map,Masks within-state variation (DOL cautions against rankings); Texas 2022 Center infant = 185.,https://www.dol.gov/sites/dolgov/files/WB/National-Database-of-Childcare-Prices-Technical-Report.pdf
childcare_least_affordable_share_ndcp,childcare,childcare_cost,Share of children living in counties in the least-affordable national quintile,,"Proportion of a state's infants (also toddlers, preschool, school-age) living in counties whose childcare price as a percent of median family income is in the national least-affordable quintile (quintile 5), by care type.",dol_wb_ndcp_state,NDCP2022-state-level-estimates-and-rankings.xlsx sheet 'State Child Care Affordability ',AFFORDABILITY_Q5_INFANT;AFFORDABILITY_Q5_TODDLER;AFFORDABILITY_Q5_PRESCHOOL;AFFORDABILITY_Q5_SCHOOLAGE;AFFORDABILITY_Q1_INFANT;TYPE,Estimated child population by care age group in counties with prices,proportion of children (0-1),area_estimate,share,not_aggregable,modeled_no_published_error,state,2008-2022 annual,annual (irregular releases),2008,2008-2022 (quintile ranges in Appendix H),Child populations by age group imputed from national proportions,Blank where county prices are missing,parents;time;distribution,stacked_bar;map,Excludes children in counties without price data (see PCT_VALID_*); affordability based on median family income.,https://www.dol.gov/sites/dolgov/files/WB/National-Database-of-Childcare-Prices-Technical-Report.pdf
childcare_licensed_centers_tx_hhsc,childcare,childcare_supply,Licensed child care centers (Texas),,"Count of open operations with operation_type = Licensed Center and operation_status = Y, by county name, city or ZIP; care_type separates Child Care Program, Before/After School Program and School Age Program.",tx_hhsc,Socrata dataset bc5r-88dy,operation_type;operation_status;care_type;county;city;zipcode,Currently regulated Texas day care operations,centers,facility,count,sum,administrative_no_sampling_error,county;zcta;place;state,Current snapshot (retrieved 2026-09-28),daily snapshot (no history),2026,None (point-in-time; archive own snapshots),Program types defined by Texas rules; not comparable across states,None,parents;within_area;subgroups,map;bar;table,Includes school-age-only centers (filter care_type); county names need a FIPS crosswalk; zipcode is ZIP+4 text.,https://data.texas.gov/See-Category-Tile/HHSC-CCL-Daycare-and-Residential-Operations-Data/bc5r-88dy
childcare_licensed_capacity_tx_hhsc,childcare,childcare_capacity,Licensed capacity of child care centers and homes (Texas),,"Sum of total_capacity for open Licensed Centers, Licensed Child-Care Homes and Registered Child-Care Homes; Listed Family Homes excluded (capacity field fixed at 3).",tx_hhsc,Socrata dataset bc5r-88dy,total_capacity;operation_type;operation_status;licensed_to_serve_ages;county;zipcode,Open licensed and registered Texas day care operations,licensed slots (maximum children at one time),facility,count,sum,administrative_no_sampling_error,county;zcta;place;state,Current snapshot (retrieved 2026-09-28),daily snapshot (no history),2026,None (point-in-time),Capacity rules differ by operation type,None,parents;within_area;subgroups,map;bar;table,"Regulatory maximum, not enrollment or vacancies; includes school-age slots. Travis Co: centers 55,710 + homes 1,245.",https://data.texas.gov/See-Category-Tile/HHSC-CCL-Daycare-and-Residential-Operations-Data/bc5r-88dy
childcare_homes_by_type_tx_hhsc,childcare,childcare_supply,Home-based child care operations by type (Texas),,"Counts of open Licensed Child-Care Homes, Registered Child-Care Homes and Listed Family Homes (observed capacity: licensed homes 6-12, registered homes 1-12, listed homes all 3).",tx_hhsc,Socrata dataset bc5r-88dy,operation_type;operation_status;type_of_issuance;county;zipcode,Currently regulated Texas home-based day care operations,operations,facility,count,sum,administrative_no_sampling_error,county;zcta;place;state,Current snapshot (retrieved 2026-09-28),daily snapshot (no history),2026,None (point-in-time),Listed vs registered vs licensed homes follow Texas rules,None,parents;within_area;subgroups,bar;table;map,"Statewide 2026-09-28: 1,584 licensed, 1,758 registered, 1,375 listed homes; unregulated care not included.",https://data.texas.gov/See-Category-Tile/HHSC-CCL-Daycare-and-Residential-Operations-Data/bc5r-88dy
childcare_centers_accepting_subsidy_share_tx_hhsc,childcare,childcare_subsidy,Share of licensed centers accepting child care subsidies (Texas),,Licensed Centers with accepts_child_care_subsidies = Y divided by all open Licensed Centers.,tx_hhsc,Socrata dataset bc5r-88dy,accepts_child_care_subsidies;operation_type;operation_status;county,Open Texas Licensed Centers,percent,facility,share,recompute_from_components,administrative_no_sampling_error,county;zcta;state,Current snapshot (retrieved 2026-09-28),daily snapshot (no history),2026,None (point-in-time),None known,None,parents;within_area,map;bar,Self-reported flag; not subsidy enrollment (see TWC CCS data).,https://data.texas.gov/See-Category-Tile/HHSC-CCL-Daycare-and-Residential-Operations-Data/bc5r-88dy
childcare_capacity_per_100_under5_tx,childcare,childcare_capacity,Licensed child care capacity per 100 children under 5 (Texas),,"Derived: sum of total_capacity (Licensed Centers, Licensed and Registered Child-Care Homes) divided by PEP UNDER5_TOT for the county, x 100.",tx_hhsc,Socrata bc5r-88dy with PEP cc-est2025-agesex,total_capacity;operation_type;UNDER5_TOT,Children under 5 (PEP) and open licensed/registered operations,slots per 100 children under 5,facility,ratio,recompute_from_components,modeled_no_published_error,county;state,Current capacity snapshot vs latest PEP year,snapshot,2026,None (point-in-time),Denominator vintage changes yearly,None,parents;within_area,map;bar,"Capacity is not age-specific and includes school-age slots, so the ratio overstates under-5 supply; excludes unregulated care and public pre-K; not comparable across states.",https://data.texas.gov/See-Category-Tile/HHSC-CCL-Daycare-and-Residential-Operations-Data/bc5r-88dy
childcare_licensed_capacity_in_fssa,childcare,childcare_capacity,Licensed child care capacity (Indiana centers and homes),,Sum of Capacity for Licensed Center and Licensed Home rows in the FSSA provider listing by county; registered ministries list no capacity.,in_fssa_provider_listings,HTML tables on FSSA Child Care Provider Listings page,Capacity;Provider Type;County;Age Range Served,Currently licensed Indiana centers and homes,licensed slots,facility,count,sum,administrative_no_sampling_error,county;state,Current snapshot (page updated August 2026),periodic page updates (no history),2026,None (point-in-time; archive own snapshots),Unlicensed registered ministries (732) excluded because capacity not listed,Home addresses withheld (county only),parents;within_area;subgroups,map;bar;table,"Scraping required; per-age capacities embedded in Age Range Served text (e.g. Infant (8)). Marion Co: centers 19,691 + homes 4,530.",https://www.in.gov/fssa/carefinder/family-resources/forms/child-care-provider-listings
childcare_providers_by_type_in_fssa,childcare,childcare_supply,Child care providers by type (Indiana),,"Counts of Licensed Center, Licensed Home and Unlicensed Registered Ministry rows by county.",in_fssa_provider_listings,HTML tables on FSSA Child Care Provider Listings page,Facility Number;Provider Type;County,Currently licensed or registered Indiana child care providers,providers,facility,count,sum,administrative_no_sampling_error,county;state,Current snapshot (page updated August 2026),periodic page updates (no history),2026,None (point-in-time),None known,None,parents;within_area;subgroups,bar;table;map,"Statewide: 770 centers, 1,813 licensed homes, 732 registered ministries; license-exempt legal providers not listed.",https://www.in.gov/fssa/carefinder/family-resources/forms/child-care-provider-listings
childcare_ptq_level3_4_capacity_in_fssa,childcare,childcare_capacity,Capacity in Paths to QUALITY Level 3-4 programs (Indiana),,Sum of Capacity for licensed centers and homes whose PTQ Level is Level 3 or Level 4 (highest levels observed); also as a share of all licensed capacity.,in_fssa_provider_listings,HTML tables on FSSA Child Care Provider Listings page,Capacity;PTQ Level;Provider Type;County,Currently licensed Indiana centers and homes,licensed slots,facility,count,sum,administrative_no_sampling_error,county;state,Current snapshot (page updated August 2026),periodic page updates (no history),2026,None (point-in-time),Rating system rules may change,None,parents;within_area,map;bar,Quality rating is a program rating at a point in time; ministries have ratings but no capacity.,https://www.in.gov/fssa/carefinder/family-resources/forms/child-care-provider-listings
childcare_capacity_per_100_under5_in,childcare,childcare_capacity,Licensed child care capacity per 100 children under 5 (Indiana),,Derived: sum of Capacity for licensed centers and homes divided by PEP UNDER5_TOT for the county x 100.,in_fssa_provider_listings,FSSA listing with PEP cc-est2025-agesex,Capacity;Provider Type;UNDER5_TOT,Children under 5 (PEP) and licensed centers/homes,slots per 100 children under 5,facility,ratio,recompute_from_components,modeled_no_published_error,county;state,Current capacity snapshot vs latest PEP year,snapshot,2026,None (point-in-time),Denominator vintage changes yearly,None,parents;within_area,map;bar,"Capacity includes school-age slots; ministries excluded; Marion Co: (19,691 + 4,530) / 69,906 = 34.6 per 100.",https://www.in.gov/fssa/carefinder/family-resources/forms/child-care-provider-listings
childcare_licensed_capacity_ny_ocfs,childcare,childcare_capacity,Regulated child care capacity (New York OCFS programs),,"Sum of total_capacity for programs with facility_status License or Registration (optionally incl. Pending Revocation or Suspended), by county, ZIP or school district and program_type (DCC, SDCC, GFDC, FDC, SACC).",ny_ocfs_regulated_programs,Socrata dataset cb42-qumz,total_capacity;program_type;facility_status;county;zip_code;school_district_name,OCFS-regulated child care programs (excludes NYC day care centers),licensed slots,facility,count,sum,administrative_no_sampling_error,county;zcta;sd;state,Current snapshot (retrieved 2026-09-28),daily snapshot (no history),2026,None (point-in-time),None known,Addresses/coordinates withheld for opted-out providers (county and ZIP retained),parents;within_area;subgroups,map;bar;table,NYC counties undercount (NYC centers regulated by DOHMH); SACC capacity (school-age) is large and should be separated.,https://data.ny.gov/Human-Services/Child-Care-Regulated-Programs/cb42-qumz
childcare_infant_toddler_capacity_ny_ocfs,childcare,childcare_capacity,Infant and toddler center capacity (New York OCFS),,Sum of infant_capacity (children up to 18 months) and toddler_capacity (18-36 months) for day care centers.,ny_ocfs_regulated_programs,Socrata dataset cb42-qumz,infant_capacity;toddler_capacity;program_type;facility_status;county,OCFS-regulated day care centers (excludes NYC),licensed slots,facility,count,sum,administrative_no_sampling_error,county;zcta;sd;state,Current snapshot (retrieved 2026-09-28),daily snapshot (no history),2026,None (point-in-time),None known,As above,parents;within_area,map;bar,Family and group family homes report mixed-age capacity (capacity_description) not split by age.,https://data.ny.gov/Human-Services/Child-Care-Regulated-Programs/cb42-qumz
childcare_licensed_capacity_ca_ccld,childcare,childcare_capacity,Licensed child care capacity (California CCLD),,"Sum of facility_capacity for facilities with facility_status LICENSED or ON PROBATION, by county or ZIP and facility_type (Day Care Center, Infant Center, School Age Day Care Center, Single Licensed Child Care Center, Family Day Care Home).",ca_cdss_ccld_facilities,CHHS ccl-facilities CSVs (Child Care Centers; Family Child Care Homes),facility_capacity;facility_type;facility_status;county_name;facility_zip;closed_date,California licensed child care facilities,licensed slots,facility,count,sum,administrative_no_sampling_error,county;zcta;state,CSV snapshot 2025-05-25 (ArcGIS layer current for centers),irregular snapshots,2025,None (point-in-time),Licensing categories set by California rules,Family home street addresses withheld (ZIP retained),parents;within_area;subgroups,map;bar;table,Family home capacity is mostly the maximum 14; snapshot older than ArcGIS layer.,https://data.chhs.ca.gov/dataset/ccl-facilities
childcare_licensed_capacity_co_cdec,childcare,childcare_capacity,Licensed child care capacity (Colorado CDEC),,"Sum of total_licensed_capacity by county and provider_service_type; age-specific fields (infant, toddler, preschool, school-age) also available.",co_cdec_licensed_facilities,Socrata dataset a9rr-k8mu (time series 4r7n-43gt),total_licensed_capacity;provider_service_type;licensed_infant_capacity;licensed_toddler_capacity;licensed_preschool_capacity;county;zip,Colorado non-24-hour licensed child care facilities,licensed slots,facility,count,sum,administrative_no_sampling_error,county;zcta;sd;state,Current monthly snapshot; monthly 2017-07 to 2019-05 in time series,monthly,2017,2017-07 to 2019-05 (time series) then current only,Gap after May 2019 in published history,None,parents;time;within_area,map;bar;line,Resident camps and school-age centers inflate totals; age capacities overlap so do not sum.,https://data.colorado.gov/Early-childhood/Colorado-Licensed-Child-Care-Facilities-Report/a9rr-k8mu
childcare_licensed_capacity_wa_dcyf,childcare,childcare_capacity,Licensed child care center and school-age capacity (Washington DCYF),,"Sum of licensecapacity for latestoperatingstatus = Active by facilitytypegeneric (CHILD CARE CENTER, SCHOOL-AGE PROGRAM, OUTDOOR NATURE BASED PROGRAM) and county.",wa_dcyf_licensed_providers,Socrata dataset was8-3ni8,licensecapacity;facilitytypegeneric;licensecertificatetypedesc;latestoperatingstatus;startingage;endingage;physicalcounty;physicalzip,Active Washington center and school-age licenses,licensed slots,facility,count,sum,administrative_no_sampling_error,county;zcta;state,Current snapshot (monthly),monthly snapshot (no history),2026,None (point-in-time),None known,None,parents;within_area;subgroups,map;bar;table,Family home child care capacity not included in this dataset.,https://data.wa.gov/education/DCYF-Licensed-Childcare-Center-and-School-Age-Prog/was8-3ni8
childcare_subsidy_uptake_rate_wa_dcyf,childcare,childcare_subsidy,State program uptake rate among eligible children (Washington),,"metric_type = Uptake Rate: percent of children served by WCCC and/or ECEAP out of all children in the same geography, program eligibility group, age group and SMI bin.",wa_dcyf_need_supply,Socrata dataset hiqz-y2vv,metric_type;metric_value;program_type;age_group;smi_bin;geography_type;geography_id;metric_date,Children in eligibility groups defined by DCYF (ACS-based),percent,area_estimate,rate,not_aggregable,modeled_no_published_error,state;county;sd;zcta;other:legislative_district,Quarterly (state from 2022-01-31; substate 2026-03-31),quarterly,2022,State 2022-2026,Dataset restructured to long format,Program served 1-9 suppressed; populations under 50 removed,parents;subgroups;time,map;bar,Washington-specific definitions; modeled denominators.,https://data.wa.gov/education/Childcare-Need-Supply/hiqz-y2vv
childcare_unserved_estimate_wa_dcyf,childcare,childcare_need,Estimated children with unmet childcare need (Washington),,"metric_type = unserved Estimate: modeled number of children in the population group not served by state programs or private-pay care, by geography, age group and SMI bin.",wa_dcyf_need_supply,Socrata dataset hiqz-y2vv,metric_type;metric_value;age_group;smi_bin;geography_type;geography_id;metric_date,Children in DCYF population groups,children,area_estimate,count,sum,modeled_no_published_error,state;county;sd;zcta;other:legislative_district,Quarterly (substate 2026-03-31),quarterly,2026,Latest quarter only for substate geographies,Dataset restructured to long format,Program served 1-9 suppressed; populations under 50 removed,parents;subgroups,map;bar,Modeled estimate; definitions specific to Washington.,https://data.wa.gov/education/Childcare-Need-Supply/hiqz-y2vv
childcare_licensed_capacity_mo_dese,childcare,childcare_capacity,Licensed child care capacity (Missouri),,"Sum of total capacity by COUNTY for facility type CHILD CARE CENTER, FAMILY HOME and GROUP HOME (regulatory status LICENSABLE); license-exempt programs reported separately.",mo_dese_provider_listing,License and License-Exempt Child Care Provider Listing xlsx (sheet Actives-Webstie),total capacity;facility type;regulatory status;COUNTY;zip code;minimum age;maximum age,Active Missouri licensed and license-exempt providers,licensed slots,facility,count,sum,administrative_no_sampling_error,county;zcta;state,Snapshot 2026-09-01,periodic dated files,2026,None (point-in-time; archive own snapshots),None known,None,parents;within_area;subgroups,map;bar;table,"Statewide licensed capacity 133,480 (centers 126,845; family homes 4,558; group homes 2,077); county names need FIPS crosswalk.",https://dese.mo.gov/childhood/child-care/find-care
childcare_employment_cbp,childcare,childcare_supply,Child day care employment,number of paid employees of child day care establishments,Paid employees of child day care establishments (NAICS 624410) in the pay period including March 12.,census_cbp,"County Business Patterns, NAICS 624410",EMP; EMP_F (NAICS 624410),Paid employees of child day care establishments,employees,workplace,count,sum,administrative_no_sampling_error,nation;state;county,1998-2023 annual,annual,1998,1998-2023 (NAICS 624410 unchanged since 1997),County Business Patterns switched from SIC to NAICS industry codes in 1998; earlier years are not shown.,From 2007 values are published with noise; before 2017 the employment and payroll of small cells were withheld (shown as suppressed); from 2017 cells with fewer than 3 establishments are not published (suppressed).,time;parents,line,"Counts establishments with paid employees and their employees where they are located; excludes self-employed people, private household employees, railroad employees, crop and animal production and most government employees. From 2007 values are published with noise; before 2017 the employment and payroll of small cells were withheld (shown as suppressed); from 2017 cells with fewer than 3 establishments are not published (suppressed). Census Data API {year}/cbp with EMPSZES=001 and (from 2008) LFO=001.",https://www.census.gov/programs-surveys/cbp/technical-documentation/methodology.html
childcare_nonemployer_establishments_nes,childcare,childcare_supply,Child day care nonemployer businesses (NES),,Number of nonemployer establishments (no paid employees; receipts of $1000 or more) in NAICS 624410 / 62441.,census_nes,NES county files nonemp{YY}co.zip; API dataset nonemp,NESTAB;NAICS2022=624410 (API 2022-2023);ESTAB;NAICS=62441 (county bulk),Businesses without paid employees filing with child day care industry codes,establishments,establishment,count,sum,administrative_no_sampling_error,nation;state;county;cbsa;csa,1997-2023 annual,annual,1997,1997-2023 (NAICS-based throughout),NAICS vintage updates; noise infusion from 2005,ESTAB_F flags,parents;time,map;line,"Proxy for home-based and self-employed providers, regulated or not; located by mailing address; Marion Co IN 2023 = 1,694.",https://www.census.gov/programs-surveys/nonemployer-statistics/technical-documentation/methodology.html
childcare_nonemployer_receipts_nes,childcare,childcare_supply,Child day care nonemployer receipts (NES),,Total receipts of nonemployer establishments in NAICS 624410 / 62441.,census_nes,NES county files nonemp{YY}co.zip; API dataset nonemp,NRCPTOT;NRCPTOT_N;RCPTOT;RCPTOT_N_F,Businesses without paid employees in child day care,thousands of US dollars (nominal),establishment,dollars,sum,administrative_no_sampling_error,nation;state;county;cbsa;csa,1997-2023 annual,annual,1997,1997-2023,NAICS vintage updates; noise infusion from 2005 (flags from 2007),Noise flags G/H/J (RCPTOT_N_F); RCPTOT_F flags,parents;time,map;line,Nominal receipts; tax-reported income of mostly small providers.,https://www.census.gov/programs-surveys/nonemployer-statistics/technical-documentation/methodology.html
childcare_establishments_qcew,childcare,childcare_supply,Child day care establishments (QCEW annual average),,"Annual average establishment count in NAICS 624410 by ownership (own_code 5 private; 3 local, 2 state, 1 federal government).",bls_qcew,QCEW open data industry slice 624410,annual_avg_estabs;own_code;area_fips;agglvl_code;disclosure_code,UI-covered child day care establishments,establishments,establishment,count,sum,administrative_no_sampling_error,nation;state;county;cbsa;csa,Quarterly and annual (API 2014+; bulk 1990+),quarterly,1990,1990-2025 (check NAICS revisions),NAICS revisions reclassify some establishments,disclosure_code N = not disclosed,parents;time;subgroups,map;line,Private establishments only for most counties; Marion Co IN 2024 private = 253.,https://www.bls.gov/cew/additional-resources/open-data/csv-data-slices.htm
childcare_employment_qcew,childcare,childcare_supply,Child day care employment (QCEW annual average),,Annual average monthly employment in NAICS 624410 by ownership.,bls_qcew,QCEW open data industry slice 624410,annual_avg_emplvl;own_code;area_fips;disclosure_code,Employees of UI-covered child day care establishments,jobs,workplace,count,sum,administrative_no_sampling_error,nation;state;county;cbsa;csa,Quarterly and annual (API 2014+; bulk 1990+),quarterly,1990,1990-2025 (check NAICS revisions),NAICS revisions reclassify some establishments,disclosure_code N = not disclosed,parents;time,map;line,"Excludes self-employed providers; Marion Co IN 2024 private = 2,737.",https://www.bls.gov/cew/additional-resources/open-data/csv-data-slices.htm
childcare_avg_annual_pay_qcew,childcare,childcare_supply,Average annual pay in child day care (QCEW),,Total annual wages divided by annual average employment for NAICS 624410 by ownership.,bls_qcew,QCEW open data industry slice 624410,avg_annual_pay;total_annual_wages;annual_avg_emplvl;own_code;disclosure_code,Employees of UI-covered child day care establishments,US dollars per year (nominal),workplace,dollars,recompute_from_components,administrative_no_sampling_error,nation;state;county;cbsa;csa,Annual (API 2014+; bulk 1990+),annual,1990,1990-2025 (nominal; deflate for trends),NAICS revisions,disclosure_code N = not disclosed,parents;time,bar;line;map,"Includes part-time workers (lowers averages); Marion Co IN 2024 private = $31,928.",https://www.bls.gov/cew/additional-resources/open-data/csv-data-slices.htm
head_start_locations_ohs,childcare,head_start,Head Start and Early Head Start service locations,,"Count of service locations with status = Open by program_type (1 Head Start preschool, 2 Early Head Start, 3+4 Migrant and Seasonal, 5 AIAN Head Start, 6 AIAN Early Head Start).",hhs_ohs_head_start_locations,HS_Service_Locations.csv,program_type;status;county;state;zip;latitude;longitude;grant_Number,Head Start service locations reported by grant recipients,locations,facility,count,sum,administrative_no_sampling_error,point;county;zcta;state;nation,Current snapshot (retrieved 2026-09-28),daily snapshot (no archives),2026,None (point-in-time),Field names renamed from prior feed,"Status Not Reported for 1,784 rows",parents;within_area;subgroups,map;bar;table,Self-reported; county is a name (geocode lat/long to get FIPS).,https://headstart.gov/about-us/article/head-start-service-location-datasets
head_start_funded_slots_ohs,childcare,head_start,Head Start and Early Head Start funded slots,,Sum of funded_slots for Open service locations by program_type.,hhs_ohs_head_start_locations,HS_Service_Locations.csv,funded_slots;program_type;status;county;latitude;longitude,Head Start service locations reported by grant recipients,funded slots,facility,count,sum,administrative_no_sampling_error,point;county;zcta;state;nation,Current snapshot (retrieved 2026-09-28),daily snapshot (no archives),2026,None (point-in-time),None known,None,parents;within_area;subgroups,map;bar,"Funded slots may include state, tribal or other non-OHS funds; not actual enrollment.",https://headstart.gov/about-us/article/head-start-service-location-datasets
head_start_enrollment_pir,childcare,head_start,Head Start and Early Head Start enrollment (PIR),,Funded or cumulative enrollment reported annually by each Head Start and Early Head Start program in the Program Information Report.,hhs_ohs_pir,PIR full data set (HSES Reports tab),,Head Start and Early Head Start programs,children,administrative,count,sum,administrative_no_sampling_error,other:grant_program;state;nation,Annual program years,annual,,,PIR form changes yearly,,parents;time;subgroups,bar;table,Access by request via HSES help desk; PIR variable ids not verified in this review.,https://headstart.gov/data-ongoing-monitoring/article/program-information-report-pir
ccdf_children_served_acf,childcare,childcare_subsidy,Children served by CCDF (average monthly),,Average monthly adjusted number of children served with CCDF funds (Table 1 of the annual CCDF data tables; ACF-801).,hhs_acf_ccdf_data_tables,CCDF Data Tables: Table 1 Average Monthly Adjusted Number of Families and Children Served,Average Number of Children,Children receiving CCDF-funded care,children (average month),administrative,count,sum,administrative_no_sampling_error,state;nation,FY1998-FY2023 (FY2023 preliminary),annual,2000,FY2000-FY2023 (check table definitions),Preliminary tables revised in final releases; pooling-factor adjustment,Dash for non-reporting territories,parents;time,bar;line;map,"State only; rounded to hundreds; FY2023 Indiana 44,000, Texas 158,700.",https://acf.gov/occ/data/child-care-and-development-fund-statistics
ccdf_families_served_acf,childcare,childcare_subsidy,Families served by CCDF (average monthly),,Average monthly adjusted number of families served with CCDF funds (Table 1; ACF-801).,hhs_acf_ccdf_data_tables,CCDF Data Tables: Table 1 Average Monthly Adjusted Number of Families and Children Served,Average Number of Families,Families receiving CCDF-funded care,families (average month),administrative,count,sum,administrative_no_sampling_error,state;nation,FY1998-FY2023 (FY2023 preliminary),annual,2000,FY2000-FY2023 (check table definitions),Preliminary tables revised in final releases,Dash for non-reporting territories,parents;time,bar;line,"State only; FY2023 Indiana 24,700, Texas 92,100.",https://acf.gov/occ/data/child-care-and-development-fund-statistics
ccdf_children_served_county_twc,childcare,childcare_subsidy,Children receiving CCDF-funded care by county (Texas),,Monthly count of children receiving CCDF-funded child care by county of the family (sum of age-group counts: infant/toddler + PreK + school age).,tx_twc_ccs_data_reports,TWC Monthly Child Care Services Data Report - Children Served by County (one Socrata id per quarter),fips;reportingdate;childageinfanttoddler;childageprek;childageschage,Children in families receiving CCDF assistance,children,administrative,count,sum,administrative_no_sampling_error,county;state,Monthly 2021-2024 (quarterly files),monthly (static files),2021,2021-2024,Quarter labels may not match calendar quarters,Counts under 5 masked (*),parents;time,map;line,Masked cells bias sums downward in small counties; no files after 2024 Q2 found.,https://data.texas.gov/dataset/Monthly-Child-Care-Services-Data-Report-Children-S/8ppv-vbjt
children_under3_acs,children_early_childhood,child_population,Children under 3 in households,children under 3 living in households,Children under 3 living in households.,census_acs5,B09001,B09001_003,Population under 18 years (in households),persons,resident,count,sum,acs_moe,nation;state;county;cousub;place;tract;zcta;cbsa;csa;sd;cd;puma,5-year periods 2005-2009 through 2020-2024,annual,2005-2009,Non-overlapping 5-year periods,,None,parents;time,map;bar,Infant/toddler care demand proxy; B09001 not published for block groups.,https://www2.census.gov/programs-surveys/acs/summary_file/2024/table-based-SF/documentation/ACS20245YR_Table_Shells.txt
children_age3_4_acs,children_early_childhood,child_population,Children aged 3 and 4 in households,children aged 3 and 4 living in households,Children aged 3 and 4 living in households.,census_acs5,B09001,B09001_004,Population under 18 years (in households),persons,resident,count,sum,acs_moe,nation;state;county;cousub;place;tract;zcta;cbsa;csa;sd;cd;puma,5-year periods 2005-2009 through 2020-2024,annual,2005-2009,Non-overlapping 5-year periods,,None,parents;time,map;bar,Preschool-age population; not published for block groups.,https://www2.census.gov/programs-surveys/acs/summary_file/2024/table-based-SF/documentation/ACS20245YR_Table_Shells.txt
children_under18_acs,children_early_childhood,child_population,Children under 18,children under 18,"Residents under 18, including those living in group quarters.",census_acs5,B09001,B09001_001,Population under 18 years,persons,resident,count,sum,acs_moe,nation;state;county;cousub;place;tract;zcta;cbsa;csa;sd;cd;puma,5-year periods 2005-2009 through 2020-2024,annual,2005-2009,Non-overlapping 5-year periods,,None,parents;time,map;bar,B09001_010 gives children in group quarters.,https://www2.census.gov/programs-surveys/acs/summary_file/2024/table-based-SF/documentation/ACS20245YR_Table_Shells.txt
children_under5_pep,children_early_childhood,child_population,Children under 5 (Population Estimates),,UNDER5_TOT from PEP county characteristics (July 1 estimate; YEAR code 7 = 7/1/2025 in Vintage 2025).,census_pep_county_agesex,cc-est2025-agesex-all.csv,UNDER5_TOT;UNDER5_MALE;UNDER5_FEM;YEAR,Resident population,persons,resident,count,sum,modeled_no_published_error,county;cbsa;csa;state,July 1 2020-2025 (Vintage 2025),annual,2020,2020-2025 within Vintage 2025,Each vintage revises all years; earlier decades in separate series,None,parents;time,line;map,"Marion Co IN 7/1/2025 = 69,906; no error measures.",https://www2.census.gov/programs-surveys/popest/technical-documentation/file-layouts/2020-2025/CC-EST2025-AGESEX.pdf
children_under6_all_parents_lf_count_acs,children_early_childhood,working_parents,Children under 6 with all parents in the labor force,children under 6 whose parents are all in the labor force,"Own children under 6 whose parents living with them are all in the labor force: both parents in two-parent families, or the parent in one-parent families.",census_acs5,B23008,B23008_004;B23008_010;B23008_013,Own children under 18 in families and subfamilies (under 6 subset),children,resident,count,sum,acs_moe,nation;state;county;cousub;place;tract;bg;zcta;cbsa;csa;sd;cd;puma,5-year periods 2005-2009 through 2020-2024,annual,2005-2009,Non-overlapping 5-year periods,,None,parents;time,map;bar,"Potential childcare demand, not actual use; US 2020-2024 = 14,792,254.",https://www2.census.gov/programs-surveys/acs/summary_file/2024/table-based-SF/documentation/ACS20245YR_Table_Shells.txt
children_6_17_all_parents_lf_share_acs,children_early_childhood,working_parents,Children 6 to 17 with all parents in the labor force,share of children aged 6 to 17 whose parents are all in the labor force,"Share of own children aged 6 to 17 whose parents living with them are all in the labor force: both parents in two-parent families, or the parent in one-parent families.",census_acs5,B23008,B23008_015;B23008_017;B23008_023;B23008_026,Own children 6-17 in families and subfamilies,percent,resident,share,recompute_from_components,acs_moe,nation;state;county;cousub;place;tract;bg;zcta;cbsa;csa;sd;cd;puma,5-year periods 2005-2009 through 2020-2024,annual,2005-2009,Non-overlapping 5-year periods,,None,parents;time,map;bar,School-age care demand proxy.,https://www2.census.gov/programs-surveys/acs/summary_file/2024/table-based-SF/documentation/ACS20245YR_Table_Shells.txt
child_poverty_rate_under5_acs,children_early_childhood,child_poverty,"Poverty rate, children under 5",poverty rate for children under 5,Share of children under 5 (for whom poverty status is determined) living below the poverty threshold.,census_acs5,B17001,B17001_004;B17001_018;B17001_033;B17001_047,Population under 5 for whom poverty status is determined,percent,resident,rate,recompute_from_components,acs_moe,nation;state;county;cousub;place;tract;zcta;cbsa;csa;sd;cd;puma,5-year periods 2005-2009 through 2020-2024,annual,2005-2009,Non-overlapping 5-year periods,,None,parents;time;distribution,map;bar,Official poverty measure; MOEs large for small areas; no block groups.,https://www2.census.gov/programs-surveys/acs/summary_file/2024/table-based-SF/documentation/ACS20245YR_Table_Shells.txt
child_poverty_rate_under6_acs,children_early_childhood,child_poverty,"Poverty rate, children under 6",poverty rate for children under 6,Share of children under 6 (for whom poverty status is determined) living below the poverty threshold.,census_acs5,B17020,B17020_003;B17020_011,Population under 6 for whom poverty status is determined,percent,resident,rate,recompute_from_components,acs_moe,nation;state;county;cousub;place;tract;zcta;cbsa;csa;sd;cd;puma,5-year periods 2009-2013 through 2020-2024 (API groups),annual,2009-2013,Non-overlapping 5-year periods from 2009-2013,,None,parents;time;distribution,map;bar,Aligns with under-6 working-parent measures; no block groups.,https://www2.census.gov/programs-surveys/acs/summary_file/2024/table-based-SF/documentation/ACS20245YR_Table_Shells.txt
child_poverty_rate_under18_saipe,children_early_childhood,child_poverty,Poverty rate for people ages 0-17 (SAIPE),,"Model-based estimate of the percent of people ages 0-17 in poverty, with count and 90% confidence interval.",census_saipe_state_county,SAIPE est{YY}all.txt fixed-width,cols 50-57 count;cols 77-80 percent;cols 82-90 90% CI of percent,People ages 0-17 for whom poverty status is determined,percent,area_estimate,rate,not_aggregable,model_interval,nation;state;county,"1989, 1993, 1995-2024 annual",annual,1995,1995-2024 (methods evolved; check documentation),Model inputs changed over time,None,parents;time;distribution,map;line,Single-year model estimate (more timely than ACS 5-year for counties); Indiana 2024 = 15.8%.,https://www2.census.gov/programs-surveys/saipe/technical-documentation/file-layouts/state-county/2024-estimate-layout.txt
child_poverty_rate_under5_saipe,children_early_childhood,child_poverty,Poverty rate for children under 5 (SAIPE; states only),,Model-based estimate of the percent of people under age 5 in poverty with 90% confidence interval; blank for counties.,census_saipe_state_county,SAIPE est{YY}all.txt fixed-width,cols 155-161 count;cols 179-182 percent;cols 184-192 90% CI of percent,People under 5 for whom poverty status is determined,percent,area_estimate,rate,not_aggregable,model_interval,nation;state,"1989, 1993, 1995-2024 annual",annual,1995,1995-2024 (check documentation),Model inputs changed over time,County records blank,parents;time,bar;line,State and national only.,https://www2.census.gov/programs-surveys/saipe/technical-documentation/file-layouts/state-county/2024-estimate-layout.txt
child_poverty_rate_5_17_saipe_sd,children_early_childhood,child_poverty,Poverty rate for relevant children 5-17 by school district (SAIPE),,saepov5_17rv_{YY} / rpop5_17v_{YY} x 100 (relevant children 5-17 in poverty related to householder over relevant children 5-17).,census_saipe_school_district,SAIPE ussd{YY}.csv,saepov5_17rv_24;rpop5_17v_24;rpopall_24;state;distid,Relevant children ages 5-17 in the school district,percent,area_estimate,rate,recompute_from_components,modeled_no_published_error,sd,"1995, 1997, 1999-2024",annual,1999,1999-2024 (boundaries change yearly),Annual boundary updates from the school district mapping survey,None,parents;time;distribution,map;bar,No intervals in files; district ids join to CCD LEAID as state FIPS + distid.,https://www2.census.gov/programs-surveys/saipe/technical-documentation/file-layouts/school-district/2024-district-layout.txt
preschool_enrollment_rate_age3_4_acs,children_early_childhood,early_education,Children aged 3 and 4 enrolled in school,"share of children aged 3 and 4 enrolled in nursery school, preschool or kindergarten","Share of children aged 3 and 4 enrolled in nursery school, preschool or kindergarten, public or private.",census_acs5,B14003,B14003_004;B14003_013;B14003_022;B14003_032;B14003_041;B14003_050,Population 3 and 4 years,percent,resident,rate,recompute_from_components,acs_moe,nation;state;county;cousub;place;tract;zcta;cbsa;csa;sd;cd;puma,5-year periods 2005-2009 through 2020-2024,annual,2005-2009,Non-overlapping 5-year periods,,None,parents;time;distribution,map;bar,"Enrollment in nursery school/preschool or kindergarten, not childcare use or availability; no block groups.",https://www2.census.gov/programs-surveys/acs/summary_file/2024/table-based-SF/documentation/ACS20245YR_Table_Shells.txt
preschool_public_share_age3_4_acs,children_early_childhood,early_education,Enrolled 3- and 4-year-olds in public school,share of enrolled 3- and 4-year-olds attending public school,Share of enrolled 3- and 4-year-olds attending a public school or program.,census_acs5,B14003,B14003_004;B14003_013;B14003_032;B14003_041,Enrolled population 3 and 4 years,percent,resident,share,recompute_from_components,acs_moe,nation;state;county;cousub;place;tract;zcta;cbsa;csa;sd;cd;puma,5-year periods 2005-2009 through 2020-2024,annual,2005-2009,Non-overlapping 5-year periods,,None,parents;time,map;bar,Public/private is respondent-reported school type (Head Start and public pre-K generally public).,https://www2.census.gov/programs-surveys/acs/summary_file/2024/table-based-SF/documentation/ACS20245YR_Table_Shells.txt
public_prek_membership_ccd,children_early_childhood,early_education,Public school pre-kindergarten enrollment (CCD),,Student membership with GRADE = Pre-Kindergarten in CCD school/LEA/state membership files (use TOTAL_INDICATOR subtotal by grade).,nces_ccd,CCD membership files ccd_{sch|lea|sea}_052_{YYYY}_l_*.zip,GRADE;STUDENT_COUNT;TOTAL_INDICATOR;DMS_FLAG,Students enrolled in public schools on the count date,students,administrative,count,sum,administrative_no_sampling_error,facility;sd;state;nation,School years (2024-25 verified),annual,,Varies by state pre-K reporting,State pre-K programs outside public schools are not in CCD,DMS_FLAG not reported or missing,parents;time,bar;line;map,"Counts at school locations (map to county via EDGE geocodes); Indiana 2024-25 = 25,678.",https://nces.ed.gov/ccd/files.asp
attainment_hs_plus_acs,education,attainment,Adults with a high school diploma or higher,share of adults 25 and over with a high school diploma or higher,"Share of adults 25 and over whose highest education is a high school diploma, a GED or alternative credential, or more.",census_acs5,B15003,B15003_001;B15003_017;B15003_018;B15003_019;B15003_020;B15003_021;B15003_022;B15003_023;B15003_024;B15003_025,Population 25 years and over,percent,resident,share,recompute_from_components,acs_moe,nation;state;county;cousub;place;tract;bg;zcta;cbsa;csa;sd;cd;puma,5-year periods 2008-2012 through 2020-2024,annual,2008-2012,Non-overlapping 5-year periods from 2008-2012,,None,parents;time;distribution,map;bar,Includes GED or alternative credential (B15003_018). B15003 is first published for 2008-2012; earlier periods would need B15002.,https://www2.census.gov/programs-surveys/acs/summary_file/2024/table-based-SF/documentation/ACS20245YR_Table_Shells.txt
k12_enrollment_acs,education,enrollment,Students in kindergarten to grade 12,residents enrolled in kindergarten through grade 12,Residents enrolled in kindergarten through grade 12.,census_acs5,B14001,B14001_004;B14001_005;B14001_006;B14001_007,Population 3 years and over,persons,resident,count,sum,acs_moe,nation;state;county;cousub;place;tract;zcta;cbsa;csa;sd;cd;puma,5-year periods 2005-2009 through 2020-2024,annual,2005-2009,Non-overlapping 5-year periods,,None,parents;time,map;bar,"Resident-based (where students live), unlike CCD school-based counts; no block groups for B14001 (use B14007 for bg).",https://www2.census.gov/programs-surveys/acs/summary_file/2024/table-based-SF/documentation/ACS20245YR_Table_Shells.txt
college_enrollment_acs,education,enrollment,College and graduate students,residents enrolled in college or graduate school,"Residents enrolled in undergraduate college, graduate or professional school.",census_acs5,B14001,B14001_008;B14001_009,Population 3 years and over,persons,resident,count,sum,acs_moe,nation;state;county;cousub;place;tract;zcta;cbsa;csa;sd;cd;puma,5-year periods 2005-2009 through 2020-2024,annual,2005-2009,Non-overlapping 5-year periods,,None,parents;time,map;bar,College students in dorms are counted where they live at college.,https://www2.census.gov/programs-surveys/acs/summary_file/2024/table-based-SF/documentation/ACS20245YR_Table_Shells.txt
public_schools_count_ccd,education,k12_schools,Public schools (CCD directory),,"Count of schools in the CCD directory with operational status Open (optionally New, Added, Reopened, Changed Boundary/Agency), by LEA, state or county (county via EDGE geocode CNTY).",nces_ccd,CCD school directory ccd_sch_029_{YYYY}_w_*.zip,NCESSCH;LEAID;SY_STATUS_TEXT;SCH_TYPE_TEXT;LEVEL;G_PK_OFFERED,Public elementary and secondary schools,schools,facility,count,sum,administrative_no_sampling_error,facility;sd;county;state;nation,School years 1986-87 through 2024-25,annual,1986-87,Recent years comparable; check status definitions,File layouts and status codes changed over time,None,parents;time;subgroups,map;bar;table,"2024-25: 102,178 directory records (99,259 Open); includes special, vocational and alternative schools (filter SCH_TYPE_TEXT).",https://nces.ed.gov/ccd/files.asp
public_school_membership_ccd,education,k12_schools,Public school enrollment (CCD membership),,Total student membership at public schools (TOTAL_INDICATOR education unit total) by school or LEA.,nces_ccd,CCD membership files ccd_{sch|lea}_052_{YYYY}_l_*.zip,STUDENT_COUNT;TOTAL_INDICATOR;GRADE;DMS_FLAG,Students enrolled in public schools on the count date,students,administrative,count,sum,administrative_no_sampling_error,facility;sd;county;state;nation,School years 1986-87 through 2024-25,annual,1986-87,Recent years comparable,File layouts changed over time,DMS_FLAG not reported or missing,parents;time;subgroups,line;bar;map,School-location based (not student residence); school file is 192 MB for 2024-25.,https://nces.ed.gov/ccd/files.asp
private_school_enrollment_pss,education,k12_schools,Private school enrollment (PSS),,Sum of NUMSTUDS (total students) across private schools by county (PSTANSI + PCNTY); weighted with PFNLWT for estimates.,nces_pss,PSS public-use file pss{YYYY}_pu.csv,NUMSTUDS;PFNLWT;PCNTY;PSTANSI;LATITUDE24;LONGITUDE24;LEVEL,Private elementary and secondary schools meeting the PSS definition,students,facility,count,sum,none_published,facility;point;county;state;nation,Biennial school years (2023-24 latest),biennial,,Cycle to cycle with same frame definitions,Variable names carry cycle suffixes,None,parents;time,map;bar,"Survey-based with area frame; replicate weights allow standard errors; 22,510 schools in 2023-24.",https://nces.ed.gov/surveys/pss/pssdata.asp
postsecondary_institutions_ipeds,education,higher_education,Postsecondary institutions (IPEDS),,Count of institutions (UNITID) in the IPEDS directory (HD) by COUNTYCD or coordinates; filter active institutions (e.g. CYACTIVE).,nces_ipeds,IPEDS HD{YYYY}.zip,UNITID;COUNTYCD;LATITUDE;LONGITUD;SECTOR;CYACTIVE,Title IV and other institutions reporting to IPEDS,institutions,facility,count,sum,administrative_no_sampling_error,facility;point;county;state;nation,Annual (HD2024 latest),annual,,Recent years comparable,Institutional mergers and closures,None,parents;time;subgroups,map;table,"HD2024 = 6,072 institutions; branch campuses may report separately or combined.",https://nces.ed.gov/ipeds/datacenter/DataFiles.aspx
postsecondary_fall_enrollment_ipeds,education,higher_education,Fall enrollment at postsecondary institutions (IPEDS),,EFTOTLT where EFALEVEL = 1 (all students total) in EF{YYYY}A joined to HD county codes.,nces_ipeds,IPEDS EF{YYYY}A.zip + HD{YYYY}.zip,EFTOTLT;EFALEVEL;UNITID;COUNTYCD,Students enrolled in fall at reporting institutions,students,administrative,count,sum,administrative_no_sampling_error,facility;county;state;nation,Annual fall (EF2023A latest on 2026-09-28),annual,,Recent years comparable,Imputed values flagged (XEFTOTLT),Imputation flags,parents;time,bar;line;map,"Institution-location based (online students counted at institution); EFALEVEL values padded (' 1'); EF2023A total = 19,703,000.",https://nces.ed.gov/ipeds/datacenter/DataFiles.aspx
commute_drove_alone_share_acs,transportation,commuting_mode,Workers who drove alone to work,share of workers who drove alone to work,"Workers 16+ who usually drove alone in a car, truck or van as a share of all workers 16+ (denominator includes people who worked from home).",census_acs5,B08301,B08301_003;B08301_001,Workers 16 years and over,percent,resident,share,recompute_from_components,acs_moe,nation;region;division;state;county;cousub;place;tract;bg;zcta;cbsa;csa;cd;puma;sd,5-year: 2005-2009 to 2020-2024,annual,2005-2009,2005-2009 to 2020-2024,"Working from home rose sharply in periods that include 2020 and later, which lowers the shares of other ways of getting to work.",none,parents;time;subgroups,bar;map;line,Usual mode in the reference week; large MOEs for tracts and block groups; resident-based (where workers live),https://www2.census.gov/programs-surveys/acs/tech_docs/subject_definitions/2024_ACSSubjectDefinitions.pdf
commute_carpool_share_acs,transportation,commuting_mode,Workers who carpooled,share of workers who carpooled to work,"Workers 16+ who usually carpooled in a car, truck or van as a share of all workers 16+.",census_acs5,B08301,B08301_004;B08301_001,Workers 16 years and over,percent,resident,share,recompute_from_components,acs_moe,nation;region;division;state;county;cousub;place;tract;bg;zcta;cbsa;csa;cd;puma;sd,5-year: 2005-2009 to 2020-2024,annual,2005-2009,2005-2009 to 2020-2024,,none,parents;time;subgroups,bar;map;line,Large MOEs for small areas; usual mode only,https://www2.census.gov/programs-surveys/acs/tech_docs/subject_definitions/2024_ACSSubjectDefinitions.pdf
commute_public_transit_share_acs,transportation,commuting_mode,Workers commuting by public transportation,share of workers commuting by public transportation,"Workers 16+ whose usual mode was public transportation (bus, subway, commuter rail, light rail or streetcar, ferry; taxi excluded) as a share of all workers 16+.",census_acs5,B08301,B08301_010;B08301_001,Workers 16 years and over,percent,resident,share,recompute_from_components,acs_moe,nation;region;division;state;county;cousub;place;tract;bg;zcta;cbsa;csa;cd;puma;sd,5-year: 2005-2009 to 2020-2024,annual,2005-2009,2005-2009 to 2020-2024 for the total line,,none,parents;time;subgroups,bar;map;line,Near zero in most rural areas; MOEs large relative to small shares,https://www2.census.gov/programs-surveys/acs/tech_docs/subject_definitions/2024_ACSSubjectDefinitions.pdf
commute_rail_transit_share_acs,transportation,commuting_mode,Workers commuting by rail,"share of workers commuting by subway, commuter rail or light rail","Workers 16+ commuting by subway or elevated rail, long-distance train or commuter rail, or light rail, streetcar or trolley, as a share of all workers 16+.",census_acs5,B08301,B08301_012;B08301_013;B08301_014;B08301_001,Workers 16 years and over,percent,resident,share,recompute_from_components,acs_moe,nation;region;division;state;county;cousub;place;tract;bg;zcta;cbsa;csa;cd;puma;sd,5-year: 2005-2009 to 2020-2024,annual,2005-2009,Sum approximately comparable across the 2019 change; individual lines not comparable,,none,parents;time,bar;map,"Small counts outside large metros; do not compare individual sub-lines across 2019 Line order changed in the 2015-2019 release (subway, commuter rail, light rail); lines 12-14 cover all rail modes in every release.",https://www2.census.gov/programs-surveys/acs/tech_docs/subject_definitions/2024_ACSSubjectDefinitions.pdf
commute_walk_share_acs,transportation,commuting_mode,Workers who walked to work,share of workers who walked to work,Workers 16+ who usually walked to work as a share of all workers 16+.,census_acs5,B08301,B08301_019;B08301_001,Workers 16 years and over,percent,resident,share,recompute_from_components,acs_moe,nation;region;division;state;county;cousub;place;tract;bg;zcta;cbsa;csa;cd;puma;sd,5-year: 2005-2009 to 2020-2024,annual,2005-2009,2005-2009 to 2020-2024,,none,parents;time;subgroups,bar;map,Small shares with large relative MOEs; college towns and military bases stand out,https://www2.census.gov/programs-surveys/acs/tech_docs/subject_definitions/2024_ACSSubjectDefinitions.pdf
commute_bicycle_share_acs,transportation,commuting_mode,Workers who bicycled to work,share of workers who bicycled to work,Workers 16+ who usually commuted by bicycle as a share of all workers 16+.,census_acs5,B08301,B08301_018;B08301_001,Workers 16 years and over,percent,resident,share,recompute_from_components,acs_moe,nation;region;division;state;county;cousub;place;tract;bg;zcta;cbsa;csa;cd;puma;sd,5-year: 2005-2009 to 2020-2024,annual,2005-2009,2005-2009 to 2020-2024,,none,parents;time,bar;map,Very small shares; MOEs often exceed estimates at tract/BG level,https://www2.census.gov/programs-surveys/acs/tech_docs/subject_definitions/2024_ACSSubjectDefinitions.pdf
work_from_home_share_acs,transportation,commuting_mode,Workers who worked from home,share of workers who worked from home,Workers 16+ who usually worked from home in the reference week as a share of all workers 16+.,census_acs5,B08301,B08301_021;B08301_001,Workers 16 years and over,percent,resident,share,recompute_from_components,acs_moe,nation;region;division;state;county;cousub;place;tract;bg;zcta;cbsa;csa;cd;puma;sd,5-year: 2005-2009 to 2020-2024,annual,2005-2009,2005-2009 to 2020-2024 (behavioral shift after 2020),"Working from home rose sharply in periods that include 2020 and later, which lowers the shares of other ways of getting to work.",none,parents;time;subgroups,line;bar;map,Reference-week concept; hybrid workers classified by where they worked most that week,https://www2.census.gov/programs-surveys/acs/tech_docs/subject_definitions/2024_ACSSubjectDefinitions.pdf
commute_60plus_min_share_acs,transportation,travel_time,Workers with commutes of an hour or more,share of commuters traveling an hour or more to work,"Workers 16+ who did not work from home with usual one-way travel time of 60 minutes or more, as a share of all such workers.",census_acs5,B08303,B08303_012;B08303_013;B08303_001,Workers 16 years and over who did not work from home,percent,resident,share,recompute_from_components,acs_moe,nation;region;division;state;county;cousub;place;tract;bg;zcta;cbsa;csa;cd;puma;sd,5-year: 2005-2009 to 2020-2024,annual,2005-2009,2005-2009 to 2020-2024,,none,parents;time;distribution,bar;map,Self-reported usual travel time; small-area MOEs,https://www2.census.gov/programs-surveys/acs/tech_docs/subject_definitions/2024_ACSSubjectDefinitions.pdf
households_no_vehicle_share_acs,transportation,vehicle_availability,Households without a vehicle,share of households without a vehicle,"Households with no car, van or truck (one-ton or less) kept at home for household use, as a share of all households.",census_acs5,B08201,B08201_002;B08201_001,Households,percent,household,share,recompute_from_components,acs_moe,nation;region;division;state;county;cousub;place;tract;zcta;cbsa;csa;cd;puma;sd,5-year: 2006-2010 to 2020-2024,annual,2006-2010,2006-2010 to 2020-2024,,none,parents;time;subgroups,bar;map,B08201 has no block-group rows; for block groups use (B25044_003+B25044_010)/B25044_001,https://www2.census.gov/programs-surveys/acs/tech_docs/subject_definitions/2024_ACSSubjectDefinitions.pdf
renter_households_no_vehicle_share_acs,transportation,vehicle_availability,Renter households without a vehicle,share of renter households without a vehicle,Renter-occupied housing units with no vehicle available as a share of all renter-occupied units.,census_acs5,B25044,B25044_010;B25044_009,Renter-occupied housing units,percent,household,share,recompute_from_components,acs_moe,nation;region;division;state;county;cousub;place;tract;bg;zcta;cbsa;csa;cd;puma;sd,5-year: 2005-2009 to 2020-2024,annual,2005-2009,2005-2009 to 2020-2024,,none,parents;time;subgroups,bar;map,Small renter counts in rural block groups produce wide MOEs,https://www2.census.gov/programs-surveys/acs/tech_docs/subject_definitions/2024_ACSSubjectDefinitions.pdf
vehicles_per_household_acs,transportation,vehicle_availability,Vehicles available per household,average number of vehicles available per household,Aggregate number of vehicles available divided by occupied housing units.,census_acs5,B25046; B25044,B25046_001;B25044_001,Occupied housing units,vehicles per household,household,mean,recompute_from_components,acs_moe,nation;region;division;state;county;cousub;place;tract;bg;zcta;cbsa;csa;cd;puma;sd,5-year: 2005-2009 to 2020-2024,annual,2005-2009,2005-2009 to 2020-2024,,none,parents;time,bar;map,Aggregate is top-coded by the response categories; MOE of a ratio must be approximated,https://www2.census.gov/programs-surveys/acs/tech_docs/subject_definitions/2024_ACSSubjectDefinitions.pdf
jobs_total_lodes,transportation,worker_flows,Jobs located in the area (all jobs),,"Count of all jobs (job type JT00, segment S000) whose workplace census block lies in the area, summed from WAC C000.",census_lehd_lodes,WAC {st}_wac_S000_JT00_{YEAR}.csv.gz,C000,Jobs in state UI records plus federal (OPM) employment,jobs,workplace,count,sum,modeled_no_published_error,state;county;cousub;place;tract;bg;zcta;cbsa;cd;sd,Annual 2002-2023,annual,2002,2010-2023 (federal jobs included from 2010),"Federal job types from 2010; job frame ages 14-99 from 2012; no WAC files for AK 2017-2023, MI 2022-2023, MA 2002-2010, DC 2002-2009",State-years without employment data lack WAC files,parents;time;within_area,map;line;bar,"Counts jobs, not workers (multiple job holders counted per job); self-employment not covered; report area totals rather than single blocks",https://lehd.ces.census.gov/data/lodes/LODES8/LODESTechDoc8.4.pdf
jobs_low_earnings_share_lodes,transportation,worker_flows,"Jobs paying $1,250 per month or less (%)",,"WAC jobs with earnings of $1,250 per month or less (CE01) as a share of all jobs (C000) located in the area.",census_lehd_lodes,WAC {st}_wac_S000_JT00_{YEAR}.csv.gz,CE01;C000,Jobs in state UI records plus federal (OPM) employment,percent,workplace,share,recompute_from_components,modeled_no_published_error,state;county;cousub;place;tract;bg;zcta;cbsa;cd;sd,Annual 2002-2023,annual,2002,Short spans only (nominal thresholds),"Earnings bands are fixed nominal thresholds since 2002, so low-earnings shares drift down with wage inflation; same state-year gaps as WAC",State-years without employment data lack WAC files,parents;time;within_area,bar;map,Monthly earnings include part-time and part-month jobs; not an hourly wage measure,https://lehd.ces.census.gov/data/lodes/LODES8/LODESTechDoc8.4.pdf
jobs_by_sector_share_lodes,industries_business,industry_employment,Jobs located in the area by NAICS sector (%),,WAC jobs in each of 20 NAICS sectors (CNS01-CNS20) as shares of all jobs (C000) located in the area.,census_lehd_lodes,WAC {st}_wac_S000_JT00_{YEAR}.csv.gz,CNS01;CNS02;CNS03;CNS04;CNS05;CNS06;CNS07;CNS08;CNS09;CNS10;CNS11;CNS12;CNS13;CNS14;CNS15;CNS16;CNS17;CNS18;CNS19;CNS20;C000,Jobs in state UI records plus federal (OPM) employment,percent,workplace,share,recompute_from_components,modeled_no_published_error,state;county;cousub;place;tract;bg;zcta;cbsa;cd;sd,Annual 2002-2023,annual,2002,2010-2023 (federal jobs included from 2010),Federal jobs from 2010 raise public administration (CNS20) counts; state-year gaps as WAC,State-years without employment data lack WAC files,parents;time;distribution,stacked_bar;bar,"Sector from employer records; workplace location of multi-establishment employers may be imputed (LEHD method, not verified here)",https://lehd.ces.census.gov/data/lodes/LODES8/LODESTechDoc8.4.pdf
employed_residents_lodes,transportation,worker_flows,Employed residents (primary jobs held by residents),,"Count of primary jobs (JT01) held by workers whose residence block is in the area, from RAC C000; approximates employed residents.",census_lehd_lodes,RAC {st}_rac_S000_JT01_{YEAR}.csv.gz,C000,Primary jobs of residents (state UI plus federal employment),jobs,resident,count,sum,modeled_no_published_error,state;county;cousub;place;tract;bg;zcta;cbsa;cd;sd,Annual 2002-2023,annual,2002,2010-2023 (federal jobs included from 2010),Federal job types from 2010; RAC for states lacking employment data still includes residents employed in other states,none,parents;time,bar;line;map,Self-employed residents not counted; residence locations partly modeled,https://lehd.ces.census.gov/data/lodes/LODES8/LODESTechDoc8.4.pdf
jobs_to_employed_residents_ratio_lodes,transportation,worker_flows,Jobs per employed resident,,Primary jobs located in the area (WAC JT01 C000) divided by primary jobs held by area residents (RAC JT01 C000); values above 1 indicate a net importer of workers.,census_lehd_lodes,WAC {st}_wac_S000_JT01_{YEAR}.csv.gz;RAC {st}_rac_S000_JT01_{YEAR}.csv.gz,C000 (WAC JT01);C000 (RAC JT01),Primary jobs,ratio,workplace,ratio,recompute_from_components,modeled_no_published_error,state;county;cousub;place;tract;bg;zcta;cbsa;cd;sd,Annual 2002-2023,annual,2002,2010-2023,"Missing WAC state-years (AK 2017-2023, MI 2022-2023) make the ratio invalid there",none,parents;time,bar;map,Sensitive to area size and to missing out-of-state data,https://lehd.ces.census.gov/data/lodes/LODES8/LODESTechDoc8.4.pdf
residents_working_in_area_share_lodes,transportation,worker_flows,Employed residents who work in the same area (%),,OD primary jobs (JT01) with both home and work blocks inside the area divided by all primary jobs held by area residents (RAC JT01 C000).,census_lehd_lodes,OD {st}_od_main_JT01_{YEAR}.csv.gz (plus other states' aux files for cross-state commuting),S000 (OD);C000 (RAC JT01),Primary jobs held by area residents,percent,resident,share,recompute_from_components,modeled_no_published_error,state;county;cousub;place;tract;bg;zcta;cbsa;cd;sd,Annual 2002-2023,annual,2002,2010-2023,"Missing OD state-years (AK 2017-2023, MI 2022-2023) and 2010 federal-job addition",none,parents;time;within_area,bar;map,Larger areas mechanically retain more workers; cross-state work requires the destination state's aux file,https://lehd.ces.census.gov/data/lodes/LODES8/LODESTechDoc8.4.pdf
inbound_commuter_share_lodes,transportation,worker_flows,Jobs filled by workers living outside the area (%),,"OD primary jobs (JT01) with the work block inside the area and the home block outside it, divided by all primary jobs located in the area (WAC JT01 C000).",census_lehd_lodes,OD {st}_od_main_JT01_{YEAR}.csv.gz and {st}_od_aux_JT01_{YEAR}.csv.gz,S000 (OD);C000 (WAC JT01),Primary jobs located in the area,percent,workplace,share,recompute_from_components,modeled_no_published_error,state;county;cousub;place;tract;bg;zcta;cbsa;cd;sd,Annual 2002-2023,annual,2002,2010-2023,"Missing OD state-years (AK 2017-2023, MI 2022-2023); federal jobs from 2010",none,parents;time;within_area,bar;map,Aux files hold in-state jobs of out-of-state residents; sensitive to area size,https://lehd.ces.census.gov/data/lodes/LODES8/LODESTechDoc8.4.pdf
traffic_fatalities_fars,transportation,transportation_safety,Motor vehicle traffic deaths,,Number of people who died within 30 days of a crash on a trafficway open to the public that occurred in the area (sum of FATALS in accident.csv by STATE and COUNTY of the crash).,nhtsa_fars,accident.csv (FARS{YEAR}NationalCSV.zip),FATALS;STATE;COUNTY,Fatal crashes on trafficways customarily open to the public,deaths,event,count,sum,administrative_no_sampling_error,nation;state;county;place;point,Annual 1975-2023 final; 2024 annual report file,annual,1975,1975-2024 (30-day definition stable),Annual Report File values revised in the Final file; GSA county and city codes occasionally split,none,parents;time,line;bar;map,"Counted where the crash occurred, not where victims lived; small annual counts in small counties (use 3-5 year sums)",https://crashstats.nhtsa.dot.gov/Api/Public/ViewPublication/813794
traffic_fatality_rate_per_100k_fars,transportation,transportation_safety,"Traffic deaths per 100,000 residents",,"FARS deaths from crashes in the area divided by the area's resident population (external Census population estimates) times 100,000.",nhtsa_fars,accident.csv (FARS{YEAR}NationalCSV.zip) plus population estimates,FATALS;STATE;COUNTY;resident population (external),Resident population,"deaths per 100,000 residents",event,rate,recompute_from_components,administrative_no_sampling_error,nation;state;county;place,Annual 1975-2023 final; 2024 annual report file,annual,1975,1975-2024,As for traffic_fatalities_fars; population denominators change with each estimates vintage,none,parents;time,line;bar;map,Numerator by crash location but denominator by residence; unstable for small counties (pool years),https://crashstats.nhtsa.dot.gov/Api/Public/ViewPublication/813794
pedestrian_bicyclist_fatalities_fars,transportation,transportation_safety,Pedestrian and bicyclist traffic deaths,,"Persons killed (INJ_SEV = 4) whose person type is pedestrian (PER_TYP = 5) or bicyclist (PER_TYP = 6), counted by county of the crash.",nhtsa_fars,person.csv (FARS{YEAR}NationalCSV.zip),INJ_SEV;PER_TYP;STATE;COUNTY,Persons involved in fatal crashes,deaths,event,count,sum,administrative_no_sampling_error,nation;state;county;place;point,Annual 1975-2023 final; 2024 annual report file,annual,1975,1975-2024 (check person-type code changes in the manual),Person-type attribute codes documented by year in the Analytical User's Manual,none,parents;time,line;bar,Very small counts in most counties; use multi-year sums,https://crashstats.nhtsa.dot.gov/Api/Public/ViewPublication/813794
households_fixed_broadband_share_acs,broadband,internet_subscription,"Households with cable, fiber optic or DSL broadband","share of households with a cable, fiber optic or DSL subscription","Households with a broadband subscription such as cable, fiber optic or DSL (alone or with other types) as a share of all households.",census_acs5,B28002,B28002_007;B28002_001,Households,percent,household,share,recompute_from_components,acs_moe,nation;region;division;state;county;cousub;place;tract;bg;zcta;cbsa;csa;cd;puma;sd,5-year: 2013-2017 to 2020-2024,annual,2013-2017,2016-2020 to 2020-2024,"Internet questions were added to the ACS in 2013 and revised in 2016; 5-year periods before 2016-2020 mix the old and new wording, so compare them with caution.",none,parents;time,bar;map,Respondent-reported service type; fixed wireless may be reported inconsistently,https://www2.census.gov/programs-surveys/acs/tech_docs/subject_definitions/2024_ACSSubjectDefinitions.pdf
households_cellular_data_only_share_acs,broadband,internet_subscription,Households with only a cellular data plan,share of households whose only internet subscription is a cellular data plan,Households with a cellular data plan and no other type of internet subscription as a share of all households.,census_acs5,B28002,B28002_006;B28002_001,Households,percent,household,share,recompute_from_components,acs_moe,nation;region;division;state;county;cousub;place;tract;bg;zcta;cbsa;csa;cd;puma;sd,5-year: 2013-2017 to 2020-2024,annual,2013-2017,2016-2020 to 2020-2024,"Internet questions were added to the ACS in 2013 and revised in 2016; 5-year periods before 2016-2020 mix the old and new wording, so compare them with caution.",none,parents;time;subgroups,bar;map,Indicator of mobile-only connectivity; data caps and speeds not captured,https://www2.census.gov/programs-surveys/acs/tech_docs/subject_definitions/2024_ACSSubjectDefinitions.pdf
households_without_internet_subscription_share_acs,broadband,internet_subscription,Households without an internet subscription,share of households without an internet subscription,"Households with internet access but no subscription plus households with no internet access, as a share of all households.",census_acs5,B28002,B28002_012;B28002_013;B28002_001,Households,percent,household,share,recompute_from_components,acs_moe,nation;region;division;state;county;cousub;place;tract;bg;zcta;cbsa;csa;cd;puma;sd,5-year: 2013-2017 to 2020-2024,annual,2013-2017,2016-2020 to 2020-2024,"Internet questions were added to the ACS in 2013 and revised in 2016; 5-year periods before 2016-2020 mix the old and new wording, so compare them with caution.",none,parents;time;subgroups,bar;map,Access without subscription includes free public or shared connections,https://www2.census.gov/programs-surveys/acs/tech_docs/subject_definitions/2024_ACSSubjectDefinitions.pdf
households_no_computer_share_acs,broadband,device_access,Households without a computer,"share of households without a computer, smartphone or tablet","Households reporting no computing device of any type (desktop, laptop, smartphone, tablet or other) as a share of all households.",census_acs5,B28001,B28001_011;B28001_001,Households,percent,household,share,recompute_from_components,acs_moe,nation;region;division;state;county;cousub;place;tract;bg;zcta;cbsa;csa;cd;puma;sd,5-year: 2013-2017 to 2020-2024,annual,2013-2017,2016-2020 to 2020-2024,"Internet questions were added to the ACS in 2013 and revised in 2016; 5-year periods before 2016-2020 mix the old and new wording, so compare them with caution.",none,parents;time;subgroups,bar;map,Device presence only; working condition and sharing not measured,https://www2.census.gov/programs-surveys/acs/tech_docs/subject_definitions/2024_ACSSubjectDefinitions.pdf
households_smartphone_only_share_acs,broadband,device_access,Households with a smartphone as their only computer,share of households whose only computing device is a smartphone,Households with a smartphone and no other type of computing device as a share of all households.,census_acs5,B28001,B28001_006;B28001_001,Households,percent,household,share,recompute_from_components,acs_moe,nation;region;division;state;county;cousub;place;tract;bg;zcta;cbsa;csa;cd;puma;sd,5-year: 2013-2017 to 2020-2024,annual,2013-2017,2016-2020 to 2020-2024,"Internet questions were added to the ACS in 2013 and revised in 2016; 5-year periods before 2016-2020 mix the old and new wording, so compare them with caution.",none,parents;time;subgroups,bar;map,"Captures device dependence, not internet subscription",https://www2.census.gov/programs-surveys/acs/tech_docs/subject_definitions/2024_ACSSubjectDefinitions.pdf
bsl_units_served_100_20_share_bdc,broadband,broadband_availability,Units with terrestrial fixed broadband of at least 100/20 Mbps (%),,Share of units at broadband serviceable locations in the geography where providers report fixed terrestrial service with maximum advertised speeds of at least 100/20 Mbps.,fcc_bdc_nbm,bdc_us_fixed_broadband_summary_by_geography_{as-of}_{revision}.zip (Census Place files by state),speed_100_20;total_units;technology = All Terrestrial;area_data_type = Total,Units at broadband serviceable locations (Location Fabric),percent (decimal 0-1 in file),administrative,share,weighted_mean,none_published,nation;state;county;cd;place;cbsa;other:tribal areas,Semiannual as-of dates 2022-06-30 to 2025-12-31,semiannual,2022,June 2022 to December 2025 (vintages revised after challenges),Not comparable with Form 477 (to June 2021); Fabric versions change each round; summary files restructured (spec v2.4.3),none,parents;time,map;bar;line,"Provider-reported advertised speeds; business and residential units combined unless filtered by biz_res; availability, not adoption",https://us-fcc.app.box.com/v/bdc-data-downloads-output
bsl_units_below_25_3_share_bdc,broadband,broadband_availability,Units without terrestrial fixed broadband of 25/3 Mbps (%),,One minus the share of units at broadband serviceable locations served by fixed terrestrial technologies at 25/3 Mbps or more.,fcc_bdc_nbm,bdc_us_fixed_broadband_summary_by_geography_{as-of}_{revision}.zip,speed_25_3;total_units;technology = All Terrestrial;area_data_type = Total,Units at broadband serviceable locations (Location Fabric),percent,administrative,share,weighted_mean,none_published,nation;state;county;cd;place;cbsa;other:tribal areas,Semiannual as-of dates 2022-06-30 to 2025-12-31,semiannual,2022,June 2022 to December 2025,Not comparable with Form 477; Fabric and provider revisions between vintages,none,parents;time,map;bar,Excludes satellite by construction; advertised availability only,https://us-fcc.app.box.com/v/bdc-data-downloads-output
population_fixed_25_3_coverage_form477,broadband,broadband_availability,"Population with a fixed terrestrial 25/3 Mbps provider (%, Form 477 legacy)",,"Population with one or more providers of fixed terrestrial broadband (ADSL, cable, fiber, other copper, fixed wireless; satellite excluded) at 25/3 Mbps, as a share of total population, summing urban/rural and tribal rows.",fcc_form477,Area Table (e.g. opendata.fcc.gov xvwq-qtaj for June 2021),has_0;has_1;has_2;has_3more;tech = acfow;speed = 25,Resident population (block-level estimates),percent,administrative,share,recompute_from_components,none_published,nation;state;county;place;cd;cbsa;other:tribal areas,Semiannual December 2016 to June 2021 (Area Tables on opendata.fcc.gov),semiannual,2016,December 2016 to June 2021,Series ended June 2021; not comparable with BDC; V1/V2 revisions within periods,none,parents;time,line;bar;map,"Census-block method counts a block as served if one location can be served, overstating coverage",https://opendata.fcc.gov/Wireline/Fixed-Broadband-Deployment-Data-June-2021-Status-V1/jdr4-3q4p
internet_use_rate_ntia,broadband,internet_subscription,Persons who use the internet (%),,"Persons age 3+ (not active-duty military) who use the internet at any location, as a share of that population.",ntia_ius,ntia-analyze-table.csv,internetUser (universe isPerson);{ST}Prop;{ST}PropSE;{ST}Count,Persons age 3+ not in active-duty military,percent,resident,share,recompute_from_components,acs_moe,nation;state,CPS supplement waves Dec 1998 to Nov 2023,irregular (November of odd years since 2017),1998,,Question wording and universes vary by wave; some metrics marked legacy,none,parents;time;subgroups,bar;line,"State SEs about 1-2 points; use, not availability; uncertainty value used here means a published survey SE",https://www.ntia.gov/data/explorer
households_no_home_internet_use_ntia,broadband,internet_subscription,Households where no one uses the internet at home (%),,"Households in which no member uses the internet at home, as a share of households (reference persons).",ntia_ius,ntia-analyze-table.csv,noInternetAtHome (universe isHouseholder);{ST}Prop;{ST}PropSE,"Households (household reference persons, non-institutional)",percent,household,share,recompute_from_components,acs_moe,nation;state,CPS supplement waves Dec 1998 to Nov 2023,irregular (November of odd years since 2017),1998,,Question wording varies by wave,none,parents;time,bar;line,State-level only; complements ACS subscription measures,https://www.ntia.gov/data/explorer
violent_offenses_fbi,public_safety,crime,Violent crime offenses reported by a police agency,,"Offenses of murder and nonnegligent manslaughter, rape, robbery and aggravated assault known to the agency (SRS, or NIBRS converted to summary form), summed over months.",fbi_cde,Crime Data API summarized/agency/{ORI}/V?from=MM-YYYY&to=MM-YYYY,offenses.actuals (monthly),Offenses known to law enforcement in the agency's jurisdiction,offenses,event,count,sum,administrative_no_sampling_error,nation;region;state;agency,Monthly 1985-2025,annual,1985,1985-2020 and 2022-2025 with care (2021 gaps),2021 NIBRS-only year left many agencies missing; agency SRS-to-NIBRS transitions change counting rules,Months an agency did not report are absent or null in API output,parents;time,line;bar,Reported crime only; FBI advises against rankings; agency jurisdictions differ from Census places and can overlap,https://cde.ucr.cjis.gov/LATEST/webapp/#/pages/docApi
violent_crime_rate_fbi,public_safety,crime,"Violent crimes per 100,000 population (agency)",,"Violent offenses known to the agency divided by the population the FBI assigns to the agency, times 100,000.",fbi_cde,Crime Data API summarized/agency/{ORI}/V,offenses.actuals;populations,Population served by the agency,"offenses per 100,000",event,rate,recompute_from_components,administrative_no_sampling_error,nation;region;state;agency,Monthly 1985-2025,annual,1985,1985-2020 and 2022-2025 with care,2021 coverage gap; NIBRS transitions,Months an agency did not report are absent or null in API output,parents;time,line;bar,FBI discourages rankings; only compare a city to its state and the state to the nation,https://cde.ucr.cjis.gov/LATEST/webapp/#/pages/docApi
property_crime_rate_fbi,public_safety,crime,"Property crimes per 100,000 population (agency)",,"Property crime offenses (burglary, larceny-theft, motor vehicle theft; check arson treatment) known to the agency divided by agency population, times 100,000.",fbi_cde,Crime Data API summarized/agency/{ORI}/P,offenses.actuals;populations,Population served by the agency,"offenses per 100,000",event,rate,recompute_from_components,administrative_no_sampling_error,nation;region;state;agency,Monthly 1985-2025,annual,1985,1985-2020 and 2022-2025 with care,2021 coverage gap; NIBRS transitions,Months an agency did not report are absent or null in API output,parents;time,line;bar,Reporting practices for larceny vary; FBI discourages rankings,https://cde.ucr.cjis.gov/LATEST/webapp/#/pages/docApi
ucr_population_coverage_fbi,public_safety,crime,Population covered by agencies reporting to UCR (%),,"Percent of the population served by law enforcement agencies that submitted data for the month, as reported by the Crime Data Explorer.",fbi_cde,Crime Data API tooltips 'Percent of Population Coverage',Percent of Population Coverage,Resident population of the state or nation,percent,administrative,share,weighted_mean,administrative_no_sampling_error,nation;state,Monthly 1985-2025,monthly,1985,1985-2025,Sharp drop in 2021 (NIBRS-only year): US about 77% vs about 96% in 2020 and 95% in 2022,none,time;parents,line,Use to flag years where agency counts are incomplete,https://cde.ucr.cjis.gov/LATEST/webapp/#/pages/docApi
sworn_officers_per_1000_fbi,public_safety,justice,"Sworn officers per 1,000 residents (agency)",,"Sworn law enforcement officers (male plus female officers) reported by the agency divided by the agency's participated population, times 1,000.",fbi_cde,Crime Data API pe/agency/{ORI}?from=YYYY&to=YYYY,Male Officers;Female Officers;Participated Population,Law enforcement employees reported to the UCR Program,"officers per 1,000 residents",administrative,rate,recompute_from_components,administrative_no_sampling_error,nation;state;agency,Annual (2022-2023 checked; earlier years not verified),annual,,,,none,parents;time,bar;line,Agency service population differs from Census geography; sheriffs and state police overlap municipal agencies,https://cde.ucr.cjis.gov/LATEST/webapp/#/pages/docApi
violent_crime_rate_county_icpsr,public_safety,crime,"Violent crimes per 100,000 (county, ICPSR-imputed UCR)",,"County-aggregated UCR Part I violent offenses (murder, rape, robbery, aggravated assault) including ICPSR imputations, divided by county population, times 100,000.",icpsr_ucr_county,"ICPSR county-level detailed arrest and offense files (crimes reported part), e.g. ICPSR 37059",,Offenses known to agencies located in the county,"offenses per 100,000",event,rate,recompute_from_components,modeled_no_published_error,county,Annual 1994-2016,annual,1994,1994-2016,Imputation method introduced in 1994; series ends with data year 2016,none,parents;time,line;map,Imputed values; not official FBI releases; check the Coverage Indicator before use,https://www.icpsr.umich.edu/web/NACJD/studies/37059
ucr_county_coverage_indicator_icpsr,public_safety,crime,UCR county data Coverage Indicator (ICPSR),,ICPSR diagnostic of the quality of aggregated county UCR data (higher values mean more of the county's data come from complete agency reporting).,icpsr_ucr_county,ICPSR county-level detailed arrest and offense files,,Counties,index,administrative,index,not_aggregable,none_published,county,Annual 1994-2016,annual,1994,1994-2016,Introduced with the 1994 method change,none,time,map;table,Diagnostic only; use to screen county crime rates,https://www.icpsr.umich.edu/web/NACJD/studies/37059
violent_victimization_rate_ncvs,public_safety,crime,"Violent victimizations per 1,000 persons age 12+ (national)",,"Rape or sexual assault, robbery, aggravated assault and simple assault victimizations per 1,000 persons age 12 or older (national NCVS estimate), including crimes not reported to police.",bjs_ncvs,NCVS annual Criminal Victimization estimates / N-DASH,,Persons age 12+ in U.S. households,"victimizations per 1,000 persons",resident,rate,not_aggregable,acs_moe,nation,Annual 1973-2024,annual,1973,,2006 methodological changes; 2016 sample redesign; 2024 redesigned instrument reported separately,none,time,line,National context only; uncertainty value used here means a published survey standard error,https://bjs.ojp.gov/data-collection/ncvs
fire_incidents_nfirs,public_safety,emergency_services,Fire incidents reported to NFIRS by participating departments,,"Count of NFIRS incident reports classified as fires (incident type 100 series) submitted by participating fire departments, by department or state.",usfa_nfirs,NFIRS Public Data Release basic incident table,incident type (100 series),Incidents reported by participating fire departments,incidents,event,count,sum,administrative_no_sampling_error,state;agency;point,Annual 1980-2025,annual,1980,1999-2025 (NFIRS 5.0),NFIRS 4.1 to 5.0 in 1999; 2025 hybrid NFIRS/NERIS year; NERIS replaces NFIRS from 2026,Non-participating departments and unreported incidents absent,time,line;bar,USFA: raw NFIRS counts are not a proper measure of total fires or losses; participation varies by year,https://www.usfa.fema.gov/nfirs/access-data/
nri_risk_score_nri,environment_climate,hazard_risk,National Risk Index composite risk score,,National percentile rank (0-100) of composite natural-hazard risk: Expected Annual Loss adjusted by a community risk factor built from social vulnerability and community resilience.,fema_nri,NRI_Table_Counties / NRI_Table_CensusTracts (v1.20),RISK_SCORE;RISK_RATNG,U.S. counties or census tracts (including territories),score 0-100,area_estimate,index,not_aggregable,modeled_no_published_error,state;county;tract,v1.20 (December 2025),irregular,2025,Within v1.20 only,"Each version changes hazards, inputs and methods; v1.20 changed inland flooding, tsunami, landslide and social vulnerability inputs",none,parents;distribution,map;bar,"Relative rank, not absolute risk; planning-level screening",https://www.fema.gov/about/openfema/data-sets/national-risk-index-data
nri_expected_annual_loss_nri,environment_climate,hazard_risk,Expected annual loss from natural hazards ($),,"Modeled average annual loss to buildings, population (dollar-equivalent) and agriculture from 18 natural hazards.",fema_nri,NRI_Table_Counties / NRI_Table_CensusTracts (v1.20),EAL_VALT;EAL_VALB;EAL_VALPE;EAL_VALA,U.S. counties or census tracts,dollars per year,area_estimate,dollars,sum,modeled_no_published_error,state;county;tract,v1.20 (December 2025),irregular,2025,Within v1.20 only,Version changes as for nri_risk_score_nri,none,parents;distribution,map;bar,Population losses valued as dollar equivalents; tract sums may not equal county values (use published geography),https://www.fema.gov/about/openfema/data-sets/national-risk-index-data
nri_social_vulnerability_score_nri,environment_climate,hazard_risk,NRI social vulnerability score,,National percentile rank of social vulnerability used in the NRI; in v1.20 based on Census Community Resilience Estimates.,fema_nri,NRI_Table_Counties / NRI_Table_CensusTracts (v1.20),SOVI_SCORE;SOVI_RATNG,U.S. counties or census tracts,score 0-100,area_estimate,index,not_aggregable,modeled_no_published_error,state;county;tract,v1.20 (December 2025),irregular,2025,Within v1.20 only,Source changed to Census CRE in v1.20; not comparable with earlier NRI versions,none,parents;distribution,map;bar,Relative rank; underlying estimates carry survey error not shown,https://www.fema.gov/about/openfema/data-sets/national-risk-index-data
nri_community_resilience_score_nri,environment_climate,hazard_risk,NRI community resilience score,,National percentile rank of community resilience from a FEMA-modified version of the HVRI Baseline Resilience Indicators for Communities (2020).,fema_nri,NRI_Table_Counties / NRI_Table_CensusTracts (v1.20),RESL_SCORE;RESL_RATNG,U.S. counties or census tracts,score 0-100,area_estimate,index,not_aggregable,modeled_no_published_error,state;county;tract,v1.20 (December 2025),irregular,2025,Within v1.20 only,Based on 2020 BRIC inputs,none,parents;distribution,map;bar,Composite of many indicators; relative rank,https://www.fema.gov/about/openfema/data-sets/national-risk-index-data
nri_heat_wave_risk_score_nri,environment_climate,hazard_risk,NRI heat wave risk score,,National percentile rank of heat wave hazard-type risk (expected annual loss from heat waves adjusted by the community risk factor).,fema_nri,NRI_Table_Counties / NRI_Table_CensusTracts (v1.20),HWAV_RISKS;HWAV_EALT,U.S. counties or census tracts,score 0-100,area_estimate,index,not_aggregable,modeled_no_published_error,state;county;tract,v1.20 (December 2025),irregular,2025,Within v1.20 only,Heat wave period of record 2005-2024 in v1.20,none,parents;distribution,map;bar,"Loss-based hazard risk, not a count of hot days",https://www.fema.gov/about/openfema/data-sets/national-risk-index-data
storm_events_count_noaa,environment_climate,extreme_weather,Severe weather events recorded (county-based),,Number of Storm Events records with CZ_TYPE = C for the county in a year (zone-based records need an NWS zone-to-county correlation).,noaa_storm_events,StormEvents_details-ftp_v1.0_d{YEAR}_c{YYYYMMDD}.csv.gz,EVENT_ID;EVENT_TYPE;CZ_TYPE;STATE_FIPS;CZ_FIPS;YEAR,Storm Data events reported by NWS offices,events,event,count,sum,administrative_no_sampling_error,state;county;other:NWS forecast zone,Annual 1950-2026,annual,1996,1996-present (all 55 event types),"Event types limited before 1996 (tornado only 1950-1954; tornado, thunderstorm wind and hail 1955-1995)",none,time;parents,bar;line,"Counts reflect NWS reporting practice; many winter, heat and flood events are recorded by zone",https://www.ncei.noaa.gov/pub/data/swdi/stormevents/csvfiles/Storm-Data-Bulk-csv-Format.pdf
storm_event_deaths_noaa,environment_climate,extreme_weather,Deaths attributed to storm events,,Sum of direct and indirect deaths recorded for storm events located in the county (county-based records; zone records need mapping).,noaa_storm_events,StormEvents_details-ftp_v1.0_d{YEAR}_c{YYYYMMDD}.csv.gz,DEATHS_DIRECT;DEATHS_INDIRECT;CZ_TYPE;STATE_FIPS;CZ_FIPS,Storm Data events,deaths,event,count,sum,administrative_no_sampling_error,state;county;other:NWS forecast zone,Annual 1950-2026,annual,1996,1996-present,Event coverage expanded in 1955 and 1996,none,time;parents,bar;line,Heat and cold deaths often recorded by zone; attribution practices vary,https://www.ncei.noaa.gov/pub/data/swdi/stormevents/csvfiles/Storm-Data-Bulk-csv-Format.pdf
storm_event_property_damage_noaa,environment_climate,extreme_weather,Storm event property damage (nominal dollars),,"Sum of estimated property damage for storm events in the county after converting K, M and B suffixes to dollars; nominal dollars.",noaa_storm_events,StormEvents_details-ftp_v1.0_d{YEAR}_c{YYYYMMDD}.csv.gz,DAMAGE_PROPERTY;CZ_TYPE;STATE_FIPS;CZ_FIPS,Storm Data events,dollars (nominal),event,dollars,sum,none_published,state;county;other:NWS forecast zone,Annual 1950-2026,annual,1996,1996-present (adjust for inflation),Event coverage expanded in 1955 and 1996,none,time,bar;line,"Rough estimates, often zero or blank; not insured-loss data; adjust for inflation before comparing years",https://www.ncei.noaa.gov/pub/data/swdi/stormevents/csvfiles/Storm-Data-Bulk-csv-Format.pdf
aqi_days_over_100_airdata,environment_climate,air_quality,Days with AQI above 100,,"Days in the year when the county AQI (highest monitor) was 101 or higher: days Unhealthy for Sensitive Groups plus Unhealthy, Very Unhealthy and Hazardous days.",epa_airdata,annual_aqi_by_county_{YYYY}.zip,Days Unhealthy for Sensitive Groups;Days Unhealthy;Days Very Unhealthy;Days Hazardous (report column labels; file headers not inspected),Days with AQI in counties with monitors,days,area_estimate,count,not_aggregable,none_published,county;cbsa,Annual 1980-2026,annual,1980,Check AQI definition changes before long comparisons,"SO2 excluded from county/CBSA AQI summaries from December 8, 2021; AQI breakpoints revised over time; PM2.5 data advisory on recent files",Counties without monitors absent,time;parents,bar;line;map,Driven by the worst monitor; number of monitored days varies by county and year,https://www.epa.gov/outdoor-air-quality-data/about-air-data-reports
aqi_median_airdata,environment_climate,air_quality,Median daily AQI,,Median of the county's daily AQI values for the year (half of days at or below this value).,epa_airdata,annual_aqi_by_county_{YYYY}.zip,Median AQI (report label AQI Median; file header not inspected),Days with AQI in counties with monitors,AQI,area_estimate,median,not_aggregable,none_published,county;cbsa,Annual 1980-2026,annual,1980,Check AQI definition changes before long comparisons,"SO2 excluded from summaries from December 8, 2021; breakpoint revisions",Counties without monitors absent,time;parents,line;bar,Pollutants monitored differ by county; not population-weighted,https://www.epa.gov/outdoor-air-quality-data/about-air-data-reports
pm25_percentile_ejscreen,environment_climate,environmental_burden,"PM2.5 national percentile (EJScreen 2024, archived)",,National percentile of the block group's annual average PM2.5 concentration (tract values from EPA monitor and CMAQ model fusion assigned to block groups).,epa_ejscreen_archive,EJScreen_2024_BG_with_AS_CNMI_GU_VI.csv (v2.3),P_PM25;PM25,Block groups (2024 EJScreen),percentile,area_estimate,index,not_aggregable,modeled_no_published_error,tract;bg,2024 (v2.3) only,discontinued,2024,Single archived version,EPA discontinued EJScreen in February 2025; indicator years and methods differ between versions,none,parents;distribution,map;bar,Screening-level exposure proxy from an unofficial archive; not a risk measure,https://dataverse.harvard.edu/api/access/datafile/10775982
traffic_proximity_percentile_ejscreen,environment_climate,environmental_burden,"Traffic proximity national percentile (EJScreen 2024, archived)",,National percentile of traffic proximity and volume: annual average daily traffic at major roads divided by distance (2020 HPMS).,epa_ejscreen_archive,EJScreen_2024_BG_with_AS_CNMI_GU_VI.csv (v2.3),P_PTRAF;PTRAF,Block groups (2024 EJScreen),percentile,area_estimate,index,not_aggregable,modeled_no_published_error,tract;bg,2024 (v2.3) only,discontinued,2024,Single archived version,EPA discontinued EJScreen in February 2025,none,parents;distribution,map;bar,Proxy for exposure to traffic; archived unofficial copy,https://dataverse.harvard.edu/api/access/datafile/10775982
extreme_heat_days_may_sep_ephtn,environment_climate,extreme_weather,"Extreme heat days, May-September (CDC Tracking)",,Annual number of extreme heat days from May to September based on modeled daily temperatures (Tracking measure 423; threshold as defined in CDC indicator documentation).,cdc_ephtn,Tracking API measure 423 (indicator 173),measureId 423,County or census tract area,days,area_estimate,count,not_aggregable,modeled_no_published_error,nation;state;county;tract,Annual (years not verified),annual,,,Full-year version is a separate measure (ID 1427),none,time;parents,line;map,"Relative, locally defined threshold; modeled data; API throttles non-token use",https://www.cdc.gov/environmental-health-tracking/php/data-research/heat-heat-related-illness.html
drought_d2plus_area_share_usdm,environment_climate,extreme_weather,Area in severe drought or worse (%),,"Percent of county area in U.S. Drought Monitor category D2 (severe) or worse; weekly values, commonly averaged over a year.",ndmc_usdm,CountyStatistics/GetDroughtSeverityStatisticsByAreaPercent (statisticsType=1),D2 (cumulative D2-D4),County area,percent,area_estimate,share,weighted_mean,none_published,nation;state;county,Weekly 2000-present,weekly,2000,2000-present,None documented; statisticsType 1 is cumulative and 2 is categorical,none,time;parents,line;map,Expert-blended weekly assessment; area-based (population-based variant available),https://droughtmonitor.unl.edu/DmData/DataDownload/WebServiceInfo.aspx
developed_land_share_nlcd,environment_climate,land_cover,Developed land share (%),,"Share of 30 m pixels in the area classified as developed (NLCD classes 21-24: open space, low, medium and high intensity) in Annual NLCD land cover.",usgs_nlcd,Annual_NLCD_LndCov_{YEAR}_CU_C1V2,class 21;class 22;class 23;class 24,Land-cover pixels in the area (conterminous U.S.),percent,area_estimate,share,recompute_from_components,modeled_no_published_error,other:any polygon via zonal statistics (CONUS),Annual 1985-2025,annual,1985,1985-2025 within Collection 1.2,Each collection reprocesses the full series (use one collection); legacy NLCD epochs are not directly comparable,none,time;parents,line;map,Classification error; developed open space includes parks and large lawns; CONUS only,https://www.mrlc.gov/data/project/annual-nlcd
impervious_surface_mean_nlcd,environment_climate,land_cover,Mean impervious surface (%),,Average fractional impervious surface across 30 m pixels in the area (Annual NLCD Fractional Impervious Surface product).,usgs_nlcd,Annual NLCD Fractional Impervious Surface (Collection 1.2),fractional impervious surface (percent per pixel),Pixels in the area (conterminous U.S.),percent,area_estimate,mean,weighted_mean,modeled_no_published_error,other:any polygon via zonal statistics (CONUS),Annual 1985-2025,annual,1985,1985-2025 within Collection 1.2,Collections reprocess the full series,none,time;parents,line;map,Modeled pixel fractions; CONUS only,https://www.mrlc.gov/data/project/annual-nlcd
presidential_vote_share_dem_medsl,civic_participation,voting,Democratic share of the presidential vote (%),,Votes for the Democratic presidential candidate divided by total presidential votes in the county.,medsl_county_pres,countypres_2000-2024,candidatevotes;totalvotes;party (legacy names; 2000-2024 file not inspected),Ballots with a vote for president,percent,administrative,share,recompute_from_components,administrative_no_sampling_error,nation;state;county,"2000, 2004, 2008, 2012, 2016, 2020, 2024",every 4 years,2000,2000-2024,Check Alaska (districts) and Connecticut (Census planning regions from 2022) before joining to Census counties,none,parents;time;distribution,map;bar;line,Verify column names and any vote-mode rows in the gated 2000-2024 file before summing,https://dataverse.harvard.edu/api/datasets/:persistentId/?persistentId=doi:10.7910/DVN/VOQCHQ
presidential_vote_share_rep_medsl,civic_participation,voting,Republican share of the presidential vote (%),,Votes for the Republican presidential candidate divided by total presidential votes in the county.,medsl_county_pres,countypres_2000-2024,candidatevotes;totalvotes;party (legacy names; 2000-2024 file not inspected),Ballots with a vote for president,percent,administrative,share,recompute_from_components,administrative_no_sampling_error,nation;state;county,"2000, 2004, 2008, 2012, 2016, 2020, 2024",every 4 years,2000,2000-2024,As for presidential_vote_share_dem_medsl,none,parents;time;distribution,map;bar;line,As for presidential_vote_share_dem_medsl,https://dataverse.harvard.edu/api/datasets/:persistentId/?persistentId=doi:10.7910/DVN/VOQCHQ
presidential_votes_cast_medsl,civic_participation,voting,Total votes cast for president,,Total votes for president (all candidates) in the county.,medsl_county_pres,countypres_2000-2024,totalvotes,Ballots with a vote for president,votes,administrative,count,sum,administrative_no_sampling_error,nation;state;county,"2000, 2004, 2008, 2012, 2016, 2020, 2024",every 4 years,2000,2000-2024,Legacy codebook notes Alaska 2004 district returns overstate votes,none,parents;time,bar;line,Excludes ballots with no presidential vote (undervotes),https://dataverse.harvard.edu/api/datasets/:persistentId/?persistentId=doi:10.7910/DVN/VOQCHQ
presidential_turnout_cvap_medsl,civic_participation,voting,Presidential turnout as % of citizen voting-age population,,"Total votes for president divided by the citizen voting-age population (ACS CVAP 5-year estimate ending in the election year), times 100.",medsl_county_pres,countypres_2000-2024 plus CVAP special tabulation County.csv,"totalvotes;CVAP_EST (census_cvap, LNNUMBER 1)",Citizens age 18+,percent,administrative,rate,recompute_from_components,acs_moe,nation;state;county,"2012, 2016, 2020, 2024",every 4 years,2012,2012-2024,"Earliest CVAP release is 2005-2009, so 2012 is the first year with an ending-year match",none,parents;time,map;bar;line,Denominator is a 5-year average; numerator excludes undervotes; CVAP ignores other eligibility limits,https://www2.census.gov/programs-surveys/decennial/rdo/technical-documentation/special-tabulation/CVAP_2020-2024_ACS_documentation_v1.pdf
voter_registration_rate_cps,civic_participation,voter_registration,Citizens 18+ reporting they were registered (%),,Percent of U.S. citizens age 18+ who reported being registered to vote in the November election (CPS supplement).,census_cps_voting,Table 4a (vote04a_{YEAR}.xlsx); historical Tables A-5a/A-5b and A-3b,Percent registered (Citizen);Margin of error,U.S. citizens age 18+ (civilian noninstitutional population),percent,resident,share,recompute_from_components,acs_moe,nation;region;division;state,November of even years; state tables from 1972 (presidential) and 1974 (congressional),biennial,1972,Presidential years 1972-2024; congressional years 1974-2022,Compare presidential with presidential and midterm with midterm years,none,parents;time;subgroups,bar;line,Self-reported and overstated; state-level only; uncertainty value used here means a published CPS margin of error,https://www.census.gov/data/tables/time-series/demo/voting-and-registration/p20-590.html
voting_rate_cps,civic_participation,voting,Citizens 18+ reporting they voted (%),,Percent of U.S. citizens age 18+ who reported voting in the November election (CPS supplement).,census_cps_voting,Table 4a (vote04a_{YEAR}.xlsx); historical Tables A-5a/A-5b and A-3a,Percent voted (Citizen);Margin of error,U.S. citizens age 18+ (civilian noninstitutional population),percent,resident,share,recompute_from_components,acs_moe,nation;region;division;state,November of even years; state tables from 1972 (presidential) and 1974 (congressional),biennial,1972,Presidential years 1972-2024; congressional years 1974-2022,Compare like election types,none,parents;time;subgroups,bar;line,Self-reports exceed official turnout; state-level only,https://www.census.gov/data/tables/time-series/demo/voting-and-registration/p20-590.html
active_registration_rate_eavs,civic_participation,voter_registration,Active registered voters as % of citizen voting-age population,,"Active registrations reported by the election jurisdiction (A1b) divided by the citizen voting-age population, times 100.",eac_eavs,EAVS Section A (e.g. 2024_EAVS_for_Public_Release_nolabel_V2.csv),A1b;CVAP_EST (census_cvap),Citizens age 18+ in the jurisdiction,percent,administrative,rate,recompute_from_components,acs_moe,state;county;cousub,Biennial 2008-2024 (item numbering varies by cycle),biennial,2008,Check item definitions for each cycle,Jurisdiction types differ by state (towns in WI and New England); list-maintenance practices differ,Codes -88 (does not apply) and -99 (data not available),parents;time,bar;map,Can exceed 100% because rolls include movers; town jurisdictions need MCD-level CVAP (12 states only),https://www.eac.gov/sites/default/files/2025-06/2024_EAVS_Codebook.xlsx
mail_ballot_share_eavs,civic_participation,election_administration,Voters who voted by mail (%),,Mail votes (F1d) as a share of total voters participating in the general election (F1a).,eac_eavs,EAVS Section F (e.g. 2024_EAVS_for_Public_Release_nolabel_V2.csv),F1d;F1a,Voters participating in the general election,percent,administrative,share,recompute_from_components,administrative_no_sampling_error,state;county;cousub,Biennial 2008-2024,biennial,2008,Check item definitions for each cycle,Mode categories and definitions changed across cycles,"Codes -88 and -99; in 2024 F1d valid for 6,133 of 6,461 jurisdictions",parents;time,bar;map;line,Missing modes in some jurisdictions; state vote-by-mail laws drive levels,https://www.eac.gov/sites/default/files/2025-06/2024_EAVS_Codebook.xlsx
formal_volunteering_rate_cev,civic_participation,civic_engagement,Residents who volunteered through an organization (%),,Share of state residents covered by the CEV who volunteered with an organization at least once in the 12 months before the September survey.,americorps_cev,data.americorps.gov 4r6x-re58,state_2017_formal_volunteering;state_2019_formal_volunteering;state_2021_formal_volunteering;state_2023_formal_volunteering_rate,Civilian noninstitutional population covered by the CEV,percent,resident,share,not_aggregable,none_published,nation;state,"2017, 2019, 2021, 2023",biennial,2017,2017-2023,Pre-2017 volunteer supplements are a different series; 2021 wave collected during the pandemic,No SEs in the open-data table,parents;time,bar;line,Modest state samples; no uncertainty published in this table,https://data.americorps.gov/dataset/2017-2023-CEV-Findings-State-Level-Rates-of-All-Me/4r6x-re58
local_election_voting_rate_cev,civic_participation,civic_engagement,Residents who report voting in local elections (%),,Share of state residents reporting voting in local elections (CEV measure 'voting in local elections'; see CEV documentation for response coding).,americorps_cev,data.americorps.gov 4r6x-re58,state_2017_voting_in_local;state_2019_voting_in_local;state_2021_voting_in_local;state_2023_voting_in_local_elections_rate,Civilian noninstitutional population covered by the CEV,percent,resident,share,not_aggregable,none_published,nation;state,"2017, 2019, 2021, 2023",biennial,2017,2017-2023,As for formal_volunteering_rate_cev,No SEs in the open-data table,parents;time,bar;line,Self-reported; question coding not verified here,https://data.americorps.gov/dataset/2017-2023-CEV-Findings-State-Level-Rates-of-All-Me/4r6x-re58
citizen_voting_age_population_cvap,civic_participation,voting,Citizen voting-age population,,"Estimated U.S. citizens age 18+ (CVAP_EST, total line) from the ACS 5-year CVAP special tabulation.",census_cvap,"CVAP special tabulation (Nation, State, County, Place, MCD, Tract, BlockGr, CD, SLDUC, SLDLC csv)",CVAP_EST;CVAP_MOE;LNNUMBER 1 (Total),Citizens age 18+,persons,resident,count,sum,acs_moe,nation;state;county;cousub;place;tract;bg;cd;other:state legislative districts,5-year: 2005-2009 to 2020-2024,annual,2009,2005-2009 to 2020-2024 (boundaries per release),Tract and block-group boundary vintages change with the decennial census; MCD file only for 12 states,none,parents;subgroups;time,bar;table;map,Rounded estimates; MOEs large for small areas,https://www2.census.gov/programs-surveys/decennial/rdo/technical-documentation/special-tabulation/CVAP_2020-2024_ACS_documentation_v1.pdf
local_gov_property_tax_per_capita_govfin,public_services_finance,local_government_finance,Local government property tax revenue per capita,,"Property tax revenue (item T01, in $000) of local governments divided by population; for a county area sum all local units located there (complete only in census years ending in 2 and 7).",census_govfin,Individual Unit File (e.g. 2024FinEstDAT_07152026modp.txt) with Fin_PID_{YEAR}.txt,T01;Population (PID file),"Local governments (counties, municipalities, townships, special districts, school districts)",dollars per resident,administrative,per_capita,recompute_from_components,administrative_no_sampling_error,state;county;other:individual government unit,"Annual fiscal years; full universe in census years (2022, 2017, ...)",annual,1967,Census years at 5-year intervals; annual for certainty units,Sample vs census years; unit ID change (PID to GID); fiscal-year timing differs across governments,Imputed values flagged per item,parents;time,bar;line,Census cautions that unit data are not an accurate time series; sample years omit many small governments; overlapping governments complicate area totals,https://www2.census.gov/programs-surveys/gov-finances/tables/2024/2024_methodology.pdf
local_gov_taxes_per_capita_govfin,public_services_finance,local_government_finance,Local government tax revenue per capita,,"Sum of all tax item codes (codes beginning with T, e.g. T01 property, T09 general sales, T40 individual income) for local governments divided by population.",census_govfin,Individual Unit File with Fin_PID_{YEAR}.txt,all item codes beginning with T;Population (PID file),Local governments,dollars per resident,administrative,per_capita,recompute_from_components,administrative_no_sampling_error,state;county;other:individual government unit,Annual fiscal years; full universe in census years,annual,1967,Census years at 5-year intervals,As for local_gov_property_tax_per_capita_govfin,Imputed values flagged per item,parents;time,bar;line,Tax assignment follows the collecting government; state-local responsibility splits differ by state,https://www2.census.gov/programs-surveys/gov-finances/tables/2024/2024_methodology.pdf
local_gov_long_term_debt_per_capita_govfin,public_services_finance,local_government_finance,Local government long-term debt outstanding per capita,,"Long-term debt outstanding at the end of the fiscal year (item 49U, in $000) divided by population.",census_govfin,Individual Unit File with Fin_PID_{YEAR}.txt,49U;Population (PID file),Local governments,dollars per resident,administrative,per_capita,recompute_from_components,administrative_no_sampling_error,state;county;other:individual government unit,Annual fiscal years; full universe in census years,annual,1967,Census years at 5-year intervals,Debt item detail differs in older classification versions,Imputed values flagged per item,parents;time,bar;line,Special-district debt may serve residents outside the county,https://www2.census.gov/programs-surveys/gov-finances/tables/2024/2024_methodology.pdf
police_operations_spending_per_capita_govfin,public_services_finance,local_government_finance,Police protection current operations spending per capita,,"Police protection current operation expenditure (item E62, in $000) of local governments divided by population.",census_govfin,Individual Unit File with Fin_PID_{YEAR}.txt,E62;Population (PID file),Local governments,dollars per resident,administrative,per_capita,recompute_from_components,administrative_no_sampling_error,state;county;other:individual government unit,Annual fiscal years; full universe in census years,annual,1967,Census years at 5-year intervals,As for local_gov_property_tax_per_capita_govfin,Imputed values flagged per item,parents;time,bar;line,Excludes capital outlay; county sheriff and municipal police split varies,https://www2.census.gov/programs-surveys/gov-finances/tables/2024/2024_methodology.pdf
local_gov_ft_employees_per_1000_aspep,public_services_finance,public_employment,"Full-time local government employees per 1,000 residents",,"Full-time employees across all functions (item code 000) divided by the government's population, times 1,000; sum units for an area in census years.",census_aspep,25empst.txt with 25empid.txt (Individual Unit Files),Item 000 Full-Time Employees;Population/Enrollment/Function Code (ID file),Government employees in the March pay period,"employees per 1,000 residents",administrative,rate,recompute_from_components,administrative_no_sampling_error,state;county;other:individual government unit,Annual March pay period (2025 latest),annual,,Census years at 5-year intervals,Sample vs census years; new unit ID from the 2021 revision (May 2024),Data flags per value,parents;time,bar;line,Not FTE; the ID-file population field holds enrollment for school districts and a function code for special districts,https://www.census.gov/data/datasets/2025/econ/apes/annual-apes.html
current_spending_per_pupil_f33,public_services_finance,school_finance,Current spending per pupil (school district),,Total current expenditures for elementary and secondary education (TCURELSC) divided by fall membership (V33).,nces_ccd_f33,sdf{YY}_1a (F-33 flat file),TCURELSC;V33,Local education agencies,dollars per pupil,administrative,per_capita,recompute_from_components,administrative_no_sampling_error,state;county;sd,Annual FY1990-FY2022 at NCES (FY2024 via Census elsec files),annual,1990,FY1995-FY2022 (annual universe),"Sample-only years FY1991, FY1993 and FY1994; nominal dollars",,parents;time;distribution,bar;line;map,Nominal dollars; charter and non-geographic LEAs; regional cost differences,https://nces.ed.gov/ccd/data/txt/sdf22_1a_layout.txt
school_revenue_by_source_share_f33,public_services_finance,school_finance,"School district revenue by source (federal, state, local %)",,"Federal (TFEDREV), state (TSTREV) and local (TLOCREV) revenue as shares of total revenue (TOTALREV = TFEDREV + TSTREV + TLOCREV).",nces_ccd_f33,sdf{YY}_1a (F-33 flat file),TFEDREV;TSTREV;TLOCREV;TOTALREV,Local education agencies,percent,administrative,share,recompute_from_components,administrative_no_sampling_error,state;county;sd,Annual FY1990-FY2022 at NCES (FY2024 via Census elsec files),annual,1990,FY1995-FY2022,"Sample-only years FY1991, FY1993 and FY1994; one-time federal programs can shift shares in individual years",,parents;time;distribution,stacked_bar;bar,State aid formulas differ; pass-through federal aid counted as federal,https://nces.ed.gov/ccd/data/txt/sdf22_1a_layout.txt
library_visits_per_capita_pls,public_services_finance,libraries_services,Public library visits per capita,,Annual library visits (VISITS) divided by legal service area population (POPU_LSA) for the library system.,imls_pls,PLS_FY{YY}_AE_pud{YY}i.csv,VISITS;POPU_LSA,Public library administrative entities,visits per resident,administrative,per_capita,recompute_from_components,administrative_no_sampling_error,state;county;place;cousub;other:library legal service area,Annual FY1992-FY2024,annual,1992,,Imputation methods changed FY2006-FY2008 (IMLS bridge study),-3 for temporarily closed libraries; imputed values flagged,parents;time,bar;line,Legal service areas do not match Census geographies exactly; visitors include non-residents,https://www.imls.gov/research-evaluation/surveys/public-libraries-survey-pls
library_operating_expenditures_per_capita_pls,public_services_finance,libraries_services,Public library operating expenditures per capita,,Total operating expenditures (TOTOPEXP) divided by legal service area population (POPU_LSA).,imls_pls,PLS_FY{YY}_AE_pud{YY}i.csv,TOTOPEXP;POPU_LSA,Public library administrative entities,dollars per resident,administrative,per_capita,recompute_from_components,administrative_no_sampling_error,state;county;place;cousub;other:library legal service area,Annual FY1992-FY2024,annual,1992,,Imputation changes FY2006-FY2008,Staff expenditure detail set to -9 when total FTE is 2.00 or less (total operating expenditures unaffected),parents;time,bar;line,Nominal dollars; system-level finance,https://www.imls.gov/research-evaluation/surveys/public-libraries-survey-pls
library_outlets_pls,public_services_finance,libraries_services,"Public library outlets (central, branch, bookmobile)",,"Number of central libraries, branches and bookmobiles reported by library systems (CENTLIB + BRANLIB + BKMOB), or a count of records in the outlet file.",imls_pls,PLS_FY{YY}_AE_pud{YY}i.csv and pls_fy{YY}_outlet_pud{YY}i.csv,CENTLIB;BRANLIB;BKMOB,Public library outlets,outlets,facility,count,sum,administrative_no_sampling_error,state;county;place;tract;facility;point,Annual FY1992-FY2024,annual,1992,,Outlet type definitions refined over time,-3 for temporarily closed outlets,parents;time,map;table,Outlet file includes temporarily closed outlets flagged by structure code,https://www.imls.gov/research-evaluation/surveys/public-libraries-survey-pls
fisc_general_revenue_per_capita,public_services_finance,local_government_finance,"General revenue per capita, fiscally standardized city",,"General revenue raised by or for the central city FiSC (city plus allocated shares of overlying county, school and special district revenue) per resident, in real dollars.",lincoln_fisc,FiSC-Full-Dataset-2023-Update.xlsx (Data sheet),rev_general;city_population;cpi,212 large central cities,real dollars per resident,administrative,per_capita,not_aggregable,modeled_no_published_error,place,Annual 1977-2023,annual,1977,1977-2023,Dollar base year ambiguous (About sheet says 2022 dollars; cpi equals 1 in 2023 rows); allocation methods per Lincoln working paper,none,parents;time;distribution,line;bar,Large cities only; allocations are estimates; Lincoln Terms of Service limit reuse,https://www.lincolninst.edu/data/fiscally-standardized-cities/
unemployed_persons_laus,employment_labor,unemployment,Unemployed persons (LAUS),,"Residents age 16+ with no job who were available for and actively seeking work (CPS concept), estimated for the area.",bls_laus,"LAU{area_code}04, e.g., LAUCN180890000000004",measure_code 04; period M13 = annual average,Civilian noninstitutional population age 16+,persons,resident,count,sum,modeled_no_published_error,region;division;state;cbsa;csa;county;place;cousub,monthly; annual average (M13),monthly,"1976 (states); 1990 (counties, metros, most cities)","1990-2025 (counties, metros); 1976-2025 (states)",Same as unemployment_rate_laus,None; '-' with footnote X for Oct 2025,parents;time,line;bar,Sum only non-overlapping areas (cities and city parts overlap counties).,https://download.bls.gov/pub/time.series/la/la.txt
employed_persons_laus,employment_labor,labor_force,Employed persons (LAUS),,"Residents age 16+ who worked during the reference week (CPS concept), estimated for the area.",bls_laus,"LAU{area_code}05, e.g., LAUCT480500000000005 (Austin city TX)",measure_code 05; period M13 = annual average,Civilian noninstitutional population age 16+,persons,resident,count,sum,modeled_no_published_error,region;division;state;cbsa;csa;county;place;cousub,monthly; annual average (M13),monthly,"1976 (states); 1990 (counties, metros, most cities)","1990-2025 (counties, metros); 1976-2025 (states)",Same as unemployment_rate_laus,None; '-' with footnote X for Oct 2025,parents;time,line,"Counts employed residents (by residence), not jobs in the area.",https://download.bls.gov/pub/time.series/la/la.txt
civilian_labor_force_laus,employment_labor,labor_force,Civilian labor force (LAUS),,Employed plus unemployed residents age 16+.,bls_laus,"LAU{area_code}06, e.g., LAUCN484530000000006 (Travis County TX)",measure_code 06; period M13 = annual average,Civilian noninstitutional population age 16+,persons,resident,count,sum,modeled_no_published_error,region;division;state;cbsa;csa;county;place;cousub,monthly; annual average (M13),monthly,"1976 (states); 1990 (counties, metros, most cities)","1990-2025 (counties, metros); 1976-2025 (states)",Same as unemployment_rate_laus,None; '-' with footnote X for Oct 2025,parents;time,line,Level shifts can reflect population-control and method updates rather than real change.,https://download.bls.gov/pub/time.series/la/la.txt
labor_force_participation_rate_laus,employment_labor,labor_force,Labor force participation rate (LAUS),,Civilian labor force as a percent of the civilian noninstitutional population age 16+.,bls_laus,"LAU{area_code}08, e.g., LAUST480000000000008 (Texas)",measure_code 08; population measure_code 09 (not seasonally adjusted only); period M13,Civilian noninstitutional population age 16+,percent (1 decimal),resident,rate,recompute_from_components,modeled_no_published_error,state;other:New York city;other:Los Angeles-Long Beach-Glendale metropolitan division,monthly; annual average (M13),monthly,1976,1976-2025,March 2025 intercensal population controls replaced published population series from 1976; Oct 2025 missing,None,parents;time,line;dot,"Published only for states, DC and two modeled substate areas; not available for counties or most cities.",https://download.bls.gov/pub/time.series/la/la.txt
employment_population_ratio_laus,employment_labor,labor_force,Employment-population ratio (LAUS),,Employed persons as a percent of the civilian noninstitutional population age 16+.,bls_laus,"LAU{area_code}07, e.g., LAUST290000000000007 (Missouri)",measure_code 07; period M13,Civilian noninstitutional population age 16+,percent (1 decimal),resident,ratio,recompute_from_components,modeled_no_published_error,state;other:New York city;other:Los Angeles-Long Beach-Glendale metropolitan division,monthly; annual average (M13),monthly,1976,1976-2025,Same as labor_force_participation_rate_laus,None,parents;time,line;dot,States and two modeled substate areas only.,https://download.bls.gov/pub/time.series/la/la.txt
unemployment_rate_cps,employment_labor,unemployment,"Unemployment rate, United States (CPS)",,National unemployment rate for the civilian population age 16+ from the Current Population Survey; the national comparator for LAUS areas.,bls_cps_ln,LNU04000000 (not seasonally adjusted; M13 annual average); LNS14000000 (seasonally adjusted),period M13 = annual average (stored with the monthly NSA series),Civilian labor force age 16+,percent (1 decimal),resident,rate,not_aggregable,survey_se,nation,monthly; annual average (M13),monthly,1947 (annual); 1948 (monthly),1948-2025 (note January population-control adjustments),Population controls updated each January; Oct 2025 not collected; 2025 annual average is an 11-month average (footnote 11),'-' for unavailable data,time;subgroups,line,LAUS publishes no U.S. total; use this series for national comparisons.,https://download.bls.gov/pub/time.series/ln/ln.txt
labor_force_participation_rate_cps,employment_labor,labor_force,"Labor force participation rate, United States (CPS)",,"Civilian labor force as a percent of the civilian noninstitutional population age 16+, national.",bls_cps_ln,"LNU01300000 (NSA, M13 annual average)",period M13,Civilian noninstitutional population age 16+,percent (1 decimal),resident,rate,not_aggregable,survey_se,nation,monthly; annual average (M13),monthly,1947,1947-2025 (note January population-control adjustments),Population controls updated each January; 2025 annual average excludes October,'-' for unavailable data,time;subgroups,line,National only.,https://download.bls.gov/pub/time.series/ln/ln.txt
employment_population_ratio_cps,employment_labor,labor_force,"Employment-population ratio, United States (CPS)",,"Employed persons as a percent of the civilian noninstitutional population age 16+, national.",bls_cps_ln,"LNU02300000 (NSA, M13 annual average)",period M13,Civilian noninstitutional population age 16+,percent (1 decimal),resident,ratio,not_aggregable,survey_se,nation,monthly; annual average (M13),monthly,1947,1947-2025 (note January population-control adjustments),Population controls updated each January; 2025 annual average excludes October,'-' for unavailable data,time;subgroups,line,National only.,https://download.bls.gov/pub/time.series/ln/ln.txt
employment_population_ratio_acs,employment_labor,labor_force,Employment-population ratio,share of residents 16 and over who are employed,Civilian employed residents as a share of all residents 16 and over.,census_acs5,B23025,B23025_004;B23025_001,Population age 16+,percent,resident,ratio,recompute_from_components,acs_moe,nation;region;division;state;county;cousub;place;tract;bg;zcta;cbsa;csa;sd;cd;puma,"1-year (areas 65,000+); 5-year",annual,2007-2011,Non-overlapping 5-year periods,,90% MOE published,parents;time;within_area,map;bar;dot,Age structure strongly affects the ratio; compare with age-specific tables (B23001) when possible.,https://www2.census.gov/programs-surveys/acs/summary_file/2024/table-based-SF/documentation/ACS20245YR_Table_Shells.txt
median_earnings_acs,employment_labor,wages_earnings,Median earnings of workers,median earnings of workers,"Median earnings in the past 12 months of residents 16 and over with earnings, in dollars of the final year of the period.",census_acs5,B20017,B20017_001 (total);B20017_003 (male full-time year-round);B20017_006 (female full-time year-round),Population 16+ with earnings,dollars (final-year inflation-adjusted),resident,median,median_from_distribution,acs_moe,nation;region;division;state;county;cousub;place;tract;bg;zcta;cbsa;csa;sd;cd;puma,"1-year (areas 65,000+); 5-year",annual,2005-2009,Non-overlapping periods after R-CPI-U-RS adjustment,,90% MOE published,parents;time;subgroups,dot;bar,"Full-time, year-round medians are published only by sex in B20017 (no both-sexes full-time median). For aggregated areas re-estimate from the earnings distribution (B20005), not by averaging medians.",https://www2.census.gov/programs-surveys/acs/summary_file/2024/table-based-SF/documentation/ACS20245YR_Table_Shells.txt
covered_employment_qcew,industries_business,industry_employment,"Covered employment, all industries (QCEW)",,"Annual average of monthly employment in UI/UCFE-covered jobs located in the area, all ownerships.",bls_qcew,"Area slice {year}/a/area/{area_code}.csv; own_code 0, industry_code 10, size_code 0 (agglvl_code 70 county, 50 state, 40 MSA, 30 CSA, 10 U.S.)","annual_avg_emplvl (quarterly slices: month1_emplvl, month2_emplvl, month3_emplvl)",Jobs covered by state UI and federal UCFE programs,jobs,workplace,count,sum,administrative_no_sampling_error,nation;state;county;cbsa;csa,annual average; quarterly (monthly levels),quarterly,1990 (NAICS basis; ownership totals from 1975),1990-2025,Connecticut planning regions from 2024 (counties through 2023); MSA publication reduced to totals from 2025 Q2,disclosure_code N (values shown as 0),parents;time,line;map;bar,"Jobs by worksite, not residents; excludes work not covered by UI/UCFE such as self-employment.",https://www.bls.gov/cew/about-data/downloadable-file-layouts/annual/naics-based-annual-layout.htm
establishments_qcew,industries_business,establishments,Establishments (QCEW),,Annual average number of establishments with UI/UCFE-covered employment in the area.,bls_qcew,"Area slice {year}/a/area/{area_code}.csv; own_code 0 or 5, industry_code 10 or NAICS",annual_avg_estabs (quarterly: qtrly_estabs),Establishments with covered employment,establishments,establishment,count,sum,administrative_no_sampling_error,nation;state;county;cbsa;csa,annual average; quarterly,quarterly,1990,1990-2025,Same as covered_employment_qcew,Establishment counts can remain visible when employment and wages are suppressed,parents;time,line;bar,Multi-establishment reporting practices affect counts; not comparable to CBP establishment counts.,https://www.bls.gov/cew/about-data/downloadable-file-layouts/annual/naics-based-annual-layout.htm
average_annual_pay_qcew,employment_labor,wages_earnings,Average annual pay per job (QCEW),,Total annual wages divided by annual average employment for covered jobs located in the area.,bls_qcew,"Area slice {year}/a/area/{area_code}.csv; own_code 0 (or 5 for private), industry_code 10",avg_annual_pay;total_annual_wages;annual_avg_emplvl;annual_avg_wkly_wage,Jobs covered by state UI and federal UCFE programs,current dollars per job,workplace,dollars,recompute_from_components,administrative_no_sampling_error,nation;state;county;cbsa;csa,annual; quarterly (avg_wkly_wage),quarterly,1990,1990-2025 (nominal),Same as covered_employment_qcew,disclosure_code N (values shown as 0),parents;time;within_area,line;dot,"Pay per job, not per worker; affected by part-time share and industry mix; nominal dollars (adjust with CPI-U or R-CPI-U-RS).",https://www.bls.gov/cew/about-data/downloadable-file-layouts/annual/naics-based-annual-layout.htm
employment_by_industry_qcew,industries_business,industry_employment,Employment by industry (QCEW),,Annual average covered employment by NAICS sector or supersector; private sector (own_code 5) with government by ownership.,bls_qcew,"Area slice {year}/a/area/{area_code}.csv; county private NAICS sectors agglvl_code 74 (supersectors 73); government own_code 1, 2, 3 at agglvl_code 71","annual_avg_emplvl by industry_code (e.g., 31-33 manufacturing, 62 health care)",Covered jobs,jobs; share of covered jobs,workplace,share,sum,administrative_no_sampling_error,nation;state;county;cbsa;csa,annual average; quarterly,quarterly,1990 (NAICS),1990-2025,SIC to NAICS (NAICS history before 2001 reconstructed); MSA industry detail not published from 2025 Q2,"Many detailed cells flagged N (786 of 1,773 rows for Lake County IN 2025)",parents;time;distribution,stacked_bar;bar,"Suppressed sectors must be shown as not disclosed, not zero.",https://www.bls.gov/cew/about-data/downloadable-file-layouts/annual/naics-based-annual-layout.htm
employment_location_quotient_qcew,industries_business,industry_employment,Employment location quotient by industry (QCEW),,Industry share of local covered employment divided by the same share for the U.S.,bls_qcew,Area slice {year}/a/area/{area_code}.csv,"lq_annual_avg_emplvl (also lq_avg_annual_pay, lq_annual_avg_estabs); lq_disclosure_code",Covered jobs,ratio (U.S. = 1.00),workplace,ratio,not_aggregable,administrative_no_sampling_error,state;county;cbsa;csa,annual; quarterly,quarterly,,2014-2025 in open-data slices,Same as employment_by_industry_qcew,lq_disclosure_code N,parents;time;distribution,bar;dot,Relative specialization only; unstable for small industries.,https://www.bls.gov/cew/about-data/downloadable-file-layouts/annual/naics-based-annual-layout.htm
nonfarm_payroll_jobs_ces,industries_business,industry_employment,Nonfarm payroll jobs (CES State and Area),,"Monthly estimate of nonfarm payroll jobs located in the state or metro area, total and by industry where published.",bls_ces_sae,"SM{U|S}{state 2}{area 5}{industry 8}{data type 2}, e.g., SMU18294140000000001 (total nonfarm, Lake County-Porter County-Jasper County IN Metro Division, NSA)","data_type 01 (all employees, thousands); industry 00000000 = total nonfarm; period M13 = annual average",Nonfarm payroll jobs,thousands of jobs,workplace,count,sum,none_published,state;cbsa;other:metropolitan divisions,monthly; annual average (M13),monthly,1939 (state totals); 1990 (most metro series),"1990-2025 (metro), as benchmarked",Annual benchmark revisions; OMB metro delineation updates,Series published only where supported,parents;time,line,No county estimates; recent months preliminary.,https://download.bls.gov/pub/time.series/sm/sm.txt
occupational_employment_oews,employment_labor,occupations,Employment by occupation (OEWS),,"Estimated wage-and-salary employment by detailed occupation (SOC) in the area, May reference period.",bls_oews,"OEU{area type}{area 7}{industry 6}{occupation 6}01, e.g., OEUM001018000000000000001","datatype 01 (employment); 02 (employment RSE); 16 (per 1,000 jobs); 17 (location quotient)",Nonfarm wage and salary jobs (excludes self-employed),jobs,workplace,count,sum,survey_se,nation;state;cbsa;other:nonmetropolitan areas,annual (May),annual,,Single release in time.series files (May 2025),Occupation (SOC) and area definition changes; BLS cautions against time-series use,Footnote 8 estimate not released,parents;distribution,bar;table,Not designed for trends; no county data; excludes self-employed.,https://www.bls.gov/oes/oes_ques.htm
median_annual_wage_oews,employment_labor,wages_earnings,Median annual wage by occupation (OEWS),,"Median annual wage for an occupation in the area (hourly median x 2,080 where hourly wages are published).",bls_oews,OEU{area type}{area 7}{industry 6}{occupation 6}13,"datatype 13 (annual median); 08 (hourly median); 11, 12, 14, 15 (annual percentiles)",Nonfarm wage and salary jobs in the occupation,current dollars,workplace,median,not_aggregable,survey_se,nation;state;cbsa;other:nonmetropolitan areas,annual (May),annual,,Single release in time.series files (May 2025),Wage data from older panels are aged to the current reference period,"Top-coded at $115.00/hour or $239,200/year (footnote 5); footnote 8 estimate not released",parents;distribution,dot;bar;table,Not designed for trends.,https://www.bls.gov/oes/oes_ques.htm
mean_annual_wage_oews,employment_labor,wages_earnings,Mean annual wage by occupation (OEWS),,Mean annual wage for an occupation in the area.,bls_oews,OEU{area type}{area 7}{industry 6}{occupation 6}04,datatype 04 (annual mean); 03 (hourly mean); 05 (wage RSE),Nonfarm wage and salary jobs in the occupation,current dollars,workplace,mean,weighted_mean,survey_se,nation;state;cbsa;other:nonmetropolitan areas,annual (May),annual,,Single release in time.series files (May 2025),Same as median_annual_wage_oews,Footnote 8 estimate not released,parents;distribution,dot;bar;table,Weight by occupational employment (datatype 01) when combining.,https://www.bls.gov/oes/oes_ques.htm
personal_income_bea,income_poverty_hardship,personal_income,Personal income (BEA),,"Total income received by or on behalf of residents: earnings, dividends/interest/rent and transfer receipts, less social insurance contributions, plus residence adjustment.",bea_cainc,CAINC1 LineCode 1,LineCode 1 (thousands of current dollars),All residents,thousands of current dollars,resident,dollars,sum,modeled_no_published_error,nation;state;county;other:BEA regions (8);other:Virginia combination areas,annual,annual,1969,"1969-2024 (Connecticut: counties 1969-2023, planning regions 2024 only)",Connecticut geography switch in 2024; Alaska area changes; Broomfield CO from 2002,(NA) not available,parents;time,line;bar,Current dollars; BEA U.S. total is the sum of states and DC.,https://apps.bea.gov/regional/downloadzip.htm
per_capita_personal_income_state_bea,income_poverty_hardship,per_capita_income,"Per capita personal income (BEA, states)",,State personal income divided by midyear population.,bea_sainc,SAINC1 LineCode 3,LineCode 3 (dollars); LineCode 1 (millions of dollars); LineCode 2 (persons),All residents,current dollars per person,resident,per_capita,recompute_from_components,modeled_no_published_error,nation;state;other:BEA regions (8),annual,annual,1929 (Alaska and Hawaii 1950),1929-2025,Revisions each release; population vintage differs from the county (CAINC1) release,(NA) not available,parents;time,line,Use one release for both state and county values when showing parents together.,https://apps.bea.gov/regional/downloadzip.htm
real_per_capita_personal_income_state_bea,income_poverty_hardship,per_capita_income,"Real per capita personal income (BEA, states)",,"State per capita personal income in constant 2017 dollars, adjusted for regional price levels and inflation using BEA's real personal income method.",bea_rpp,"SARPI LineCode 2 (SARPP.zip, file SARPI_STATE_2008_2024.csv)",LineCode 2 (constant 2017 dollars); LineCode 1 real personal income (millions of 2017 dollars),All residents,constant 2017 dollars per person,resident,per_capita,not_aggregable,modeled_no_published_error,nation;state,annual,annual,2008,2008-2024 (single release),Whole series revised each release,(NA) where applicable,parents;time,line;dot,States only; mixes spatial and temporal price adjustment.,https://www.bea.gov/data/prices-inflation/regional-price-parities-state-and-metro-area
transfer_receipts_share_bea,income_poverty_hardship,personal_income,Personal current transfer receipts as share of personal income (BEA),,"Government transfer receipts (Social Security, Medicare, Medicaid, income maintenance, unemployment insurance, veterans and other) as a percent of personal income.",bea_cainc,CAINC30 LineCode 50 / LineCode 10,LineCode 50 (transfer receipts); LineCode 10 (personal income); LineCode 130 (per capita transfers),All residents,percent of personal income,resident,share,recompute_from_components,modeled_no_published_error,nation;state;county;other:BEA regions (8);other:Virginia combination areas,annual,annual,1969,1969-2024,Same as personal_income_bea,(NA) not available,parents;time;within_area,line;bar,"Includes Medicare/Medicaid in-kind benefits, so it is not a poverty indicator by itself.",https://apps.bea.gov/regional/downloadzip.htm
income_maintenance_benefits_per_capita_bea,income_poverty_hardship,public_assistance,Income maintenance benefits per capita (BEA),,"Income maintenance benefits (largely SSI, EITC, family assistance, general assistance, WIC, SNAP and other assistance) per resident.",bea_cainc,CAINC30 LineCode 140 (per capita); LineCode 60 (total),LineCode 140; LineCode 60; LineCode 100 (population),All residents,current dollars per person,resident,per_capita,recompute_from_components,modeled_no_published_error,nation;state;county;other:BEA regions (8);other:Virginia combination areas,annual,annual,1969,1969-2024,"Program changes (e.g., SNAP, EITC) shift levels; Connecticut geography switch 2024",(NA) not available,parents;time,line;dot,"Program dollars, not recipients; nominal dollars.",https://apps.bea.gov/regional/downloadzip.htm
earnings_by_place_of_work_bea,employment_labor,wages_earnings,Earnings by place of work (BEA),,"Wages and salaries, supplements and proprietors' income earned in the county's jobs, before residence adjustment.",bea_cainc,CAINC4 LineCode 35 (wages and salaries LineCode 50; proprietors' income LineCode 70),LineCode 35; LineCode 50; LineCode 60; LineCode 70; LineCode 42 (adjustment for residence),Jobs located in the county (earnings),thousands of current dollars,workplace,dollars,sum,modeled_no_published_error,nation;state;county;other:BEA regions (8);other:Virginia combination areas,annual,annual,1969,1969-2024,Same as personal_income_bea,(NA) not available,parents;time,line;bar,Workplace-based complement to resident personal income; the residence adjustment (LineCode 42) shows net commuter earnings flow.,https://apps.bea.gov/regional/downloadzip.htm
earnings_by_industry_bea,employment_labor,wages_earnings,Earnings by NAICS industry (BEA),,"Earnings by place of work by NAICS industry (e.g., LineCode 1000 finance and insurance; 2000 government and government enterprises).",bea_cainc,"CAINC5N (2001-); CAINC5S (SIC, earlier years)",Industry LineCodes per CAINC5N definition file,Jobs located in the county (earnings),thousands of current dollars,workplace,dollars,sum,modeled_no_published_error,nation;state;county;other:BEA regions (8);other:Virginia combination areas,annual,annual,2001 (NAICS),2001-2024,SIC to NAICS break at 2001; Connecticut geography switch 2024,"(D) heavy in small counties (67,619 cells in the CAINC5N Indiana file); (NA)",parents;time;distribution,stacked_bar;bar,Suppressed industries must be shown as not disclosed.,https://apps.bea.gov/regional/downloadzip.htm
gdp_current_dollars_bea,industries_business,output_gdp,"Gross domestic product, current dollars (BEA, counties)",,"Value added by production located in the county, in current dollars.",bea_cagdp,CAGDP1 LineCode 3,LineCode 3 (thousands of current dollars),Production located in the county,thousands of current dollars,workplace,dollars,sum,modeled_no_published_error,nation;state;county;other:BEA regions (8);other:Virginia combination areas,annual,annual,2001,2001-2024,Connecticut planning regions from 2024; metro GDP discontinued (sum counties instead),(NA); (NM),parents;time,line;bar,Not a measure of resident income; volatile for small counties dominated by one industry.,https://www.bea.gov/data/gdp/gdp-by-county
real_gdp_bea,industries_business,output_gdp,"Real GDP (BEA, counties)",,County GDP in chained 2017 dollars and its chain-type quantity index; used for real growth rates.,bea_cagdp,CAGDP1 LineCode 1 (real GDP); LineCode 2 (quantity index); CAGDP9 by industry,LineCode 1 (thousands of chained 2017 dollars); LineCode 2 (index),Production located in the county,thousands of chained 2017 dollars,workplace,dollars,not_aggregable,modeled_no_published_error,nation;state;county;other:BEA regions (8);other:Virginia combination areas,annual,annual,2001,2001-2024,Reference-year and comprehensive-update revisions; Connecticut 2024 switch,(D) in industry detail; (NA); (NM),parents;time,line,Chained dollars are not additive; compare growth rates rather than levels across areas.,https://www.bea.gov/data/gdp/gdp-by-county
gdp_by_industry_bea,industries_business,output_gdp,"GDP by industry (BEA, counties)",,"Current-dollar GDP by NAICS sector and industry groups (e.g., LineCode 12 manufacturing; 70 health care and social assistance; 83 government).",bea_cagdp,CAGDP2,LineCode 1 all industry total; 2 private industries; sector LineCodes per CAGDP2 definition file,Production located in the county,thousands of current dollars,workplace,dollars,sum,modeled_no_published_error,nation;state;county;other:BEA regions (8);other:Virginia combination areas,annual,annual,2001,2001-2024,Same as gdp_current_dollars_bea,"(D) not shown to avoid disclosure (10,337 cells in the CAGDP2 Indiana file); (NA); (NM)",parents;time;distribution,stacked_bar;bar,Industry detail heavily suppressed for small counties.,https://www.bea.gov/data/gdp/gdp-by-county
regional_price_parity_bea,income_poverty_hardship,prices_inflation,Regional Price Parity (BEA),,Price level of an area relative to the U.S. average (U.S. = 100) for all items and components (goods; housing; utilities; other services).,bea_rpp,"SARPP (states), MARPP (MSAs), PARPP (metro/nonmetro portions); LineCode 1 all items",LineCode 1 all items; 2 goods; 3 services: housing; 4 services: utilities; 5 services: other,Consumer prices in the area,index (U.S. = 100),area_estimate,index,not_aggregable,modeled_no_published_error,nation;state;cbsa;other:metro and nonmetro portions of states,annual,annual,2008,2008-2024 within one release,Full series revised each release,(NA) where applicable,parents;within_area,dot;bar;map,Spatial price levels for a single year; not an inflation index; no county or city values.,https://www.bea.gov/data/prices-inflation/regional-price-parities-state-and-metro-area
mean_household_income_acs,income_poverty_hardship,household_income,Mean household income,mean household income,"Aggregate household income divided by the number of households, in dollars of the final year of the period.",census_acs5,B19025; B19001,B19025_001;B19001_001,Households,dollars (final-year inflation-adjusted),household,mean,recompute_from_components,acs_moe,nation;region;division;state;county;cousub;place;tract;bg;zcta;cbsa;csa;sd;cd;puma,"1-year (areas 65,000+); 5-year",annual,2005-2009,Non-overlapping periods after R-CPI-U-RS adjustment,,90% MOE published (ratio MOE must be approximated),parents;time,dot;bar,Sensitive to very high incomes; pair with the median.,https://www2.census.gov/programs-surveys/acs/summary_file/2024/table-based-SF/documentation/ACS20245YR_Table_Shells.txt
gini_index_acs,income_poverty_hardship,household_income,Gini index of income inequality,Gini index of household income inequality,"Gini index of household income (0 = perfect equality, 1 = maximal inequality).",census_acs5,B19083,B19083_001,Households,coefficient,household,index,not_aggregable,acs_moe,nation;region;division;state;county;cousub;place;tract;zcta;cbsa;csa;sd;cd;puma,"1-year (areas 65,000+); 5-year",annual,2006-2010,Non-overlapping 5-year periods,,90% MOE published; not published for block groups,parents;time,dot,Cannot be combined across areas.,https://www2.census.gov/programs-surveys/acs/summary_file/2024/table-based-SF/documentation/ACS20245YR_Table_Shells.txt
poverty_rate_by_age_acs,income_poverty_hardship,poverty,Poverty rate by age group (ACS),,"Share below poverty for age groups under 6, 6-11, 12-17, 18-59, 60-74, 75-84 and 85+.",census_acs5,B17020,"below poverty B17020_003 to B17020_009; at or above B17020_011 to B17020_017; totals B17020_001, B17020_002, B17020_010",Population for whom poverty status is determined,percent,resident,rate,recompute_from_components,acs_moe,nation;region;division;state;county;cousub;place;tract;zcta;cbsa;csa;sd;cd;puma,"1-year (areas 65,000+); 5-year",annual,,Non-overlapping 5-year periods,No standard 2020 1-year release,90% MOE published; not published for block groups,parents;time;subgroups,bar;dot,Child rate (0-17) = sum of B17020_003 to _005 over the same age groups at all income levels.,https://www2.census.gov/programs-surveys/acs/summary_file/2024/table-based-SF/documentation/ACS20245YR_Table_Shells.txt
below_200pct_poverty_share_acs,income_poverty_hardship,poverty,People with income below twice the poverty level,share of people with income below twice the poverty level,Share of people with income-to-poverty ratio under 2.00 (a common low-income or near-poor measure).,census_acs5,C17002,C17002_002 (under .50);C17002_003 (.50-.99);C17002_004 (1.00-1.24);C17002_005 (1.25-1.49);C17002_006 (1.50-1.84);C17002_007 (1.85-1.99);C17002_008 (2.00 and over);C17002_001 (total),Population for whom poverty status is determined,percent,resident,share,recompute_from_components,acs_moe,nation;region;division;state;county;cousub;place;tract;bg;zcta;cbsa;csa;sd;cd;puma,"1-year (areas 65,000+); 5-year",annual,2005-2009,Non-overlapping 5-year periods,,90% MOE published,parents;time;distribution,stacked_bar;map,"Uses national poverty thresholds, not local costs.",https://www2.census.gov/programs-surveys/acs/summary_file/2024/table-based-SF/documentation/ACS20245YR_Table_Shells.txt
public_assistance_income_households_acs,income_poverty_hardship,public_assistance,Households with cash public assistance,share of households receiving cash public assistance income,"Share of households receiving cash public assistance income (e.g., TANF, general assistance) in the past 12 months.",census_acs5,B19057,B19057_002;B19057_001;B19058_002;B19058_001,Households,percent of households,household,share,recompute_from_components,acs_moe,nation;region;division;state;county;cousub;place;tract;bg;zcta;cbsa;csa;sd;cd;puma,"1-year (areas 65,000+); 5-year",annual,2005-2009,Non-overlapping 5-year periods,,90% MOE published,parents;time,dot;bar,Excludes SSI and SNAP (use B19056 and B22001).,https://www2.census.gov/programs-surveys/acs/summary_file/2024/table-based-SF/documentation/ACS20245YR_Table_Shells.txt
ssi_households_acs,income_poverty_hardship,public_assistance,Households with Supplemental Security Income,share of households receiving Supplemental Security Income,Share of households receiving Supplemental Security Income (SSI) in the past 12 months.,census_acs5,B19056,B19056_002;B19056_001,Households,percent of households,household,share,recompute_from_components,acs_moe,nation;region;division;state;county;cousub;place;tract;bg;zcta;cbsa;csa;sd;cd;puma,"1-year (areas 65,000+); 5-year",annual,2005-2009,Non-overlapping 5-year periods,,90% MOE published,parents;time,dot;bar,"Household receipt, not number of recipients.",https://www2.census.gov/programs-surveys/acs/summary_file/2024/table-based-SF/documentation/ACS20245YR_Table_Shells.txt
poverty_rate_saipe,income_poverty_hardship,poverty,"Poverty rate, annual estimates",annual poverty rate,Model-based estimate of the share of people (for whom poverty status is determined) with income below the poverty threshold in a single year.,census_saipe,SAIPE (timeseries/poverty/saipe),SAEPOVRTALL_PT;SAEPOVRTALL_MOE;SAEPOVRTALL_LB90;SAEPOVRTALL_UB90;SAEPOVALL_PT;SAEPOVU_ALL,Population for whom poverty status is determined,percent,area_estimate,rate,recompute_from_components,model_interval,nation;state;county,annual (single year),annual,2005,2005-2024 (ACS-based),The estimates switched from Current Population Survey to American Community Survey inputs in 2005; earlier years are not comparable and are not shown.,None; 90% intervals published,parents;time,line;map;dot,Preferred over ACS 1-year for small counties' single-year rates; aggregate counts (SAEPOVALL_PT / SAEPOVU_ALL) but intervals cannot be combined.,https://www.census.gov/data/developers/data-sets/Poverty-Statistics.html
people_in_poverty_saipe,income_poverty_hardship,poverty,"People in poverty, annual estimates",number of people in poverty,Model-based estimate of the number of people with income below the poverty threshold in a single year.,census_saipe,SAIPE (timeseries/poverty/saipe),SAEPOVALL_PT;SAEPOVALL_MOE;SAEPOVALL_LB90;SAEPOVALL_UB90,Population for whom poverty status is determined,persons,area_estimate,count,sum,model_interval,nation;state;county,annual (single year),annual,2005,2005-2024 (ACS-based; counts not comparable across the 2010 benchmark per SAIPE cautions),The estimates switched from Current Population Survey to American Community Survey inputs in 2005; earlier years are not comparable and are not shown. County counts before and after the 2010 census benchmark are not strictly comparable.,None; 90% intervals published,parents;time,bar;line,Summed county counts have no published interval.,https://www.census.gov/data/developers/data-sets/Poverty-Statistics.html
child_poverty_rate_saipe,children_early_childhood,child_poverty,"Child poverty rate, annual estimates",annual poverty rate for children under 18,Model-based estimate of the share of children under 18 (for whom poverty status is determined) below the poverty threshold in a single year.,census_saipe,SAIPE (timeseries/poverty/saipe),SAEPOVRT0_17_PT;SAEPOVRT0_17_MOE;SAEPOVRT0_17_LB90;SAEPOVRT0_17_UB90;SAEPOVU_0_17;SAEPOVRT5_17R_PT,Children 0-17 for whom poverty status is determined,percent,area_estimate,rate,recompute_from_components,model_interval,nation;state;county,annual (single year),annual,2005,2005-2024 (ACS-based),The estimates switched from Current Population Survey to American Community Survey inputs in 2005; earlier years are not comparable and are not shown.,None; 90% intervals published,parents;time,line;map;dot,Ages 0-4 poverty (SAEPOVRT0_4_PT) exists only for states and the nation.,https://www.census.gov/data/developers/data-sets/Poverty-Statistics.html
median_household_income_saipe,income_poverty_hardship,household_income,"Median household income, annual estimates",annual median household income,"Model-based estimate of median household income in a single year, in dollars of that year.",census_saipe,SAIPE (timeseries/poverty/saipe),SAEMHI_PT;SAEMHI_MOE;SAEMHI_LB90;SAEMHI_UB90,Households,dollars,area_estimate,median,not_aggregable,model_interval,nation;state;county,annual (single year),annual,2005,2005-2024 (ACS-based; adjust for inflation with R-CPI-U-RS),The estimates switched from Current Population Survey to American Community Survey inputs in 2005; earlier years are not comparable and are not shown.,None; 90% intervals published,parents;time,line;dot,Nominal dollars; not directly comparable to ACS 5-year medians.,https://www.census.gov/data/developers/data-sets/Poverty-Statistics.html
establishments_cbp,industries_business,establishments,Business establishments with employees,number of business establishments with paid employees,"Establishments (single physical locations of businesses and organizations) with paid employees, in all industries County Business Patterns covers.",census_cbp,"County Business Patterns, all industries",ESTAB (NAICS 00),Employer establishments,establishments,workplace,count,sum,administrative_no_sampling_error,nation;state;county,1998-2023 annual,annual,1998,1998-2023 (NAICS),County Business Patterns switched from SIC to NAICS industry codes in 1998; earlier years are not shown.,From 2007 values are published with noise; before 2017 the employment and payroll of small cells were withheld (shown as suppressed); from 2017 cells with fewer than 3 establishments are not published (suppressed).,parents;time,line;table,"Counts establishments with paid employees and their employees where they are located; excludes self-employed people, private household employees, railroad employees, crop and animal production and most government employees. From 2007 values are published with noise; before 2017 the employment and payroll of small cells were withheld (shown as suppressed); from 2017 cells with fewer than 3 establishments are not published (suppressed). Census Data API {year}/cbp with EMPSZES=001 and (from 2008) LFO=001.",https://www.census.gov/programs-surveys/cbp/technical-documentation/methodology.html
employment_cbp,industries_business,industry_employment,Jobs at business establishments,number of paid employees at business establishments,"Paid employees of establishments located in the area in the pay period including March 12, in all industries County Business Patterns covers, wherever the workers live.",census_cbp,"County Business Patterns, all industries",EMP; EMP_F (NAICS 00),Paid employees of employer establishments,jobs,workplace,count,sum,administrative_no_sampling_error,nation;state;county,1998-2023 annual,annual,1998,1998-2023 (NAICS),County Business Patterns switched from SIC to NAICS industry codes in 1998; earlier years are not shown.,From 2007 values are published with noise; before 2017 the employment and payroll of small cells were withheld (shown as suppressed); from 2017 cells with fewer than 3 establishments are not published (suppressed).,parents;time,line;table,"Counts establishments with paid employees and their employees where they are located; excludes self-employed people, private household employees, railroad employees, crop and animal production and most government employees. From 2007 values are published with noise; before 2017 the employment and payroll of small cells were withheld (shown as suppressed); from 2017 cells with fewer than 3 establishments are not published (suppressed). Census Data API {year}/cbp with EMPSZES=001 and (from 2008) LFO=001.",https://www.census.gov/programs-surveys/cbp/technical-documentation/methodology.html
annual_payroll_per_employee_cbp,employment_labor,wages_earnings,Annual payroll per employee,annual payroll per employee,Annual payroll of establishments located in the area divided by their mid-March employment: an approximate average annual pay per job.,census_cbp,"County Business Patterns, all industries","PAYANN ($1,000); EMP; PAYANN_F; EMP_F (NAICS 00)",Paid employees of employer establishments,dollars per employee,workplace,ratio,recompute_from_components,administrative_no_sampling_error,nation;state;county,1998-2023 annual,annual,1998,"1998-2023 (NAICS), in constant dollars",County Business Patterns switched from SIC to NAICS industry codes in 1998; earlier years are not shown.,From 2007 values are published with noise; before 2017 the employment and payroll of small cells were withheld (shown as suppressed); from 2017 cells with fewer than 3 establishments are not published (suppressed).,parents;time,line;table,"Counts establishments with paid employees and their employees where they are located; excludes self-employed people, private household employees, railroad employees, crop and animal production and most government employees. From 2007 values are published with noise; before 2017 the employment and payroll of small cells were withheld (shown as suppressed); from 2017 cells with fewer than 3 establishments are not published (suppressed). Census Data API {year}/cbp with EMPSZES=001 and (from 2008) LFO=001.",https://www.census.gov/programs-surveys/cbp/technical-documentation/methodology.html
establishments_by_size_class_cbp,industries_business,establishments,Establishments by employment size class (CBP),,"Employer establishments by number of employees (<5, 5-9, 10-19, 20-49, 50-99, 100-249, 250-499, 500-999, 1,000+).",census_cbp,cbp{yy}co.txt,N<5;N5_9;N10_19;N20_49;N50_99;N100_249;N250_499;N500_999;N1000 (subclasses N1000_1 to N1000_4),Employer establishments,establishments,establishment,count,sum,administrative_no_sampling_error,nation;state;county;cbsa;csa;cd;other:ZIP Code (ZBP),annual,annual,1986,1998-2023 on NAICS,Same as establishments_cbp,N = not available or not comparable,parents;distribution,stacked_bar,"Establishment size, not firm size (use SUSB for enterprise size).",https://www.census.gov/programs-surveys/cbp/technical-documentation/methodology.html
firms_by_enterprise_size_susb,industries_business,establishments,"Firms, establishments and employment by enterprise size (SUSB)",,"Firms, establishments, March employment and payroll classified by the size of the whole enterprise (e.g., <20, <500 employees).",census_susb,us_state_6digitnaics_{year}.txt; county_3digitnaics_{year}.xlsx,"FIRM;ESTB;EMPL;PAYR;RCPT (years ending 2 and 7);ENTRSIZE with ENTRSIZEDSCR labels (e.g., 01: Total, 02: <5, 03: 5-9, 05: <20)",Employer firms and their establishments,firms; establishments; jobs,establishment,count,not_aggregable,administrative_no_sampling_error,nation;state;county;cbsa;cd,annual,annual,1997,1997-2022 (NAICS vintage changes),NAICS vintage changes,"Noise flags EMPLFL_N, PAYRFL_N, RCPTFL_N",parents;distribution,stacked_bar;bar,"Firm counts in subnational areas count a multi-location firm in each area where it operates, so they do not sum to the U.S.",https://www.census.gov/programs-surveys/susb/about.html
employer_firms_by_owner_characteristics_abs,industries_business,establishments,"Employer firms by owner sex, race, ethnicity and veteran status (ABS)",,"Number of employer firms and their sales, employment and payroll classified by owner characteristics.",census_abs,API {year}/abscs,FIRMPDEMP;FIRMPDEMP_S;RCPPDEMP;EMP;PAYANN;SEX;RACE_GROUP;ETH_GROUP;VET_GROUP;NAICS2022,Employer firms (classifiable by owner characteristics),firms,establishment,count,not_aggregable,survey_se,nation;state;county;cbsa;cd,annual,annual,,Within ABS reference years (category changes possible),NAICS2022 coding in 2023 data,RSE published; small cells withheld,parents;subgroups,bar;table,Survey estimates with sizeable RSEs at county level.,https://api.census.gov/data/2023/abscs/variables.json
nonemployer_establishments_nes,industries_business,establishments,Nonemployer businesses (NES),,Number of businesses with no paid employees (mostly sole proprietors) by NAICS industry.,census_nes,nonemp{yy}co.txt; API {year}/nonemp,ESTAB (bulk) / NESTAB (API);ESTAB_F,Nonemployer businesses filing business income tax returns,businesses,administrative,count,sum,administrative_no_sampling_error,nation;state;county;cbsa;csa,annual,annual,1997,1997-2023 (NAICS vintage changes),NAICS vintage changes; Connecticut planning regions in recent files,ESTAB_F S = suppressed,parents;time;distribution,bar;line,"Counts businesses, not people; includes part-time and side businesses.",https://api.census.gov/data/2023/nonemp/variables.json
nonemployer_receipts_nes,industries_business,establishments,Nonemployer receipts (NES),,"Sales, value of shipments or revenue of nonemployer businesses.",census_nes,nonemp{yy}co.txt; API {year}/nonemp,"RCPTOT (bulk, $1,000) / NRCPTOT (API);RCPTOT_N_F (noise flag);RCPTOT_F",Nonemployer businesses,thousands of current dollars,administrative,dollars,sum,administrative_no_sampling_error,nation;state;county;cbsa;csa,annual,annual,1997,1997-2023 (nominal),NAICS vintage changes,"RCPTOT_F S = suppressed; noise flags G, H, J",parents;time,bar;line,Receipts are noise-infused; nominal dollars.,https://api.census.gov/data/2023/nonemp/variables.json
business_applications_bfs,industries_business,business_dynamics,"Business applications (BFS, annual by county)",,Number of business applications in the county during the year.,census_bfs,bfs_county_apps_annual.xlsx,BA2005 to BA2025 (columns); County Code (5-digit FIPS),Business applications,applications,administrative,count,sum,administrative_no_sampling_error,nation;county,annual,annual,2005,"2005-2025 (Connecticut: counties 2005-2021, planning regions 2022-2025)",Connecticut geography switch 2022; differentially private noise in the 2026 release,Differentially private noise; no cell suppression observed,parents;time,line;bar,Applications are not business starts; large 2020-2021 surge.,https://www.census.gov/econ/bfs/data/county.html
establishment_entry_exit_rates_bds,industries_business,business_dynamics,Establishment entry and exit rates (BDS),,Establishments born or exited in the last 12 months as a percent of establishments (BDS definitions).,census_bds,bds{year}_st_cty.csv; API timeseries/bds,estabs_entry;estabs_entry_rate;estabs_exit;estabs_exit_rate;estabs,Employer establishments,percent,establishment,rate,recompute_from_components,administrative_no_sampling_error,nation;state;county;cbsa,annual,annual,1978,1978-2023 (latest release),Whole time series re-released each year,Flag variables in API; cells withheld for disclosure,parents;time,line,Volatile for small counties; use multi-year averages.,https://api.census.gov/data/timeseries/bds/variables.json
job_creation_destruction_rates_bds,industries_business,business_dynamics,"Job creation, destruction and net job creation rates (BDS)",,"Jobs created by opening/expanding and lost by closing/contracting establishments over 12 months, as rates of the DHS denominator.",census_bds,bds{year}_st_cty.csv; API timeseries/bds,job_creation_rate;job_destruction_rate;net_job_creation_rate;reallocation_rate;job_creation;job_destruction;denom,Employment at employer establishments,percent,establishment,rate,recompute_from_components,administrative_no_sampling_error,nation;state;county;cbsa,annual,annual,1978,1978-2023 (latest release),Whole time series re-released each year,Flag variables in API; cells withheld for disclosure,parents;time,line,Rates use the DHS denominator (DENOM); recompute from counts and denom when aggregating.,https://api.census.gov/data/timeseries/bds/variables.json
jobs_by_industry_lodes,industries_business,industry_employment,Jobs by industry sector at workplace (LODES WAC),,"Count of jobs by 2-digit NAICS sector at the workplace census block, aggregable to small areas.",census_lehd_lodes,{st}_wac_S000_JT00_{year}.csv.gz (JT00 all jobs; JT01 primary jobs),C000 (total);CNS01 (NAICS 11) to CNS20 (NAICS 92),Jobs covered by LEHD (UI-covered; federal jobs from 2010),jobs,workplace,count,sum,administrative_no_sampling_error,state;county;cousub;place;tract;bg;zcta;cbsa;other:census block,annual,annual,2002,2010-2023 (federal jobs included); 2002-2023 otherwise,Federal jobs added 2010; LODES8 on 2020 blocks,Disclosure avoidance applied,parents;time;distribution;within_area,map;stacked_bar,Job counts differ from QCEW/CBP; choose JT00 vs JT01 consistently.,https://lehd.ces.census.gov/data/lodes/LODES8/LODESTechDoc8.4.pdf
jobs_by_earnings_band_lodes,employment_labor,wages_earnings,Jobs by monthly earnings band at workplace (LODES WAC),,"Jobs with earnings of $1,250/month or less (CE01), $1,251-$3,333 (CE02) and over $3,333 (CE03).",census_lehd_lodes,{st}_wac_S000_JT00_{year}.csv.gz,CE01;CE02;CE03;C000,Jobs covered by LEHD,jobs; share of jobs,workplace,share,sum,administrative_no_sampling_error,state;county;cousub;place;tract;bg;zcta;cbsa;other:census block,annual,annual,2002,Limited: thresholds are nominal and unchanged since 2002,Inflation erodes fixed thresholds over time,Disclosure avoidance applied,parents;distribution,stacked_bar;map,Not inflation-adjusted; shares drift upward mechanically.,https://lehd.ces.census.gov/data/lodes/LODES8/LODESTechDoc8.4.pdf
average_monthly_earnings_qwi,employment_labor,wages_earnings,Average monthly earnings of stable jobs (QWI),,"Average monthly earnings of employees with stable (full-quarter) jobs, by industry and worker characteristics.",census_lehd_qwi,qwi_{st}_*_{geo}_{ind}_*.csv.gz,EarnS;sEarnS (status flag);EmpS (weight),Stable (full-quarter) jobs at employers in the area,current dollars per month,workplace,mean,weighted_mean,administrative_no_sampling_error,state;county;cbsa,quarterly,quarterly,varies by state (Indiana 1998),State start year-2025 (release R2026Q3),Release-specific revisions,Status flags: 5 suppressed; 9 fuzzed value released,parents;time;subgroups,line;bar,Weight by EmpS when combining areas; nominal dollars.,https://lehd.ces.census.gov/data/qwi/latest_release/in/version_qwi.txt
agi_per_return_irs,income_poverty_hardship,household_income,Adjusted gross income per tax return (IRS SOI),,Total AGI divided by number of individual income tax returns filed from the area.,irs_soi_county,{yy}incyallnoagi.csv / {yy}incyallagi.csv,"A00100 (AGI, $1,000);N1 (number of returns)",Individual income tax returns,current dollars per return,administrative,mean,recompute_from_components,administrative_no_sampling_error,state;county;cbsa,annual (tax year),annual,1989,2011-2023 in current CSV format; earlier years as Excel,Tax law and filing population changes,Per users guide (not reviewed),parents;time,line;dot,Filers only; mean is skewed by high incomes.,https://www.irs.gov/statistics/soi-tax-stats-county-data-2023
returns_by_agi_class_irs,income_poverty_hardship,household_income,Tax returns by AGI size class (IRS SOI),,Number of individual returns in each of 8 AGI size classes (agi_stub 1-8).,irs_soi_county,{yy}incyallagi.csv,N1 by agi_stub (1-8),Individual income tax returns,returns; share of returns,administrative,share,sum,administrative_no_sampling_error,state;county;cbsa,annual (tax year),annual,1989,Within years using the same class boundaries,AGI class boundaries set per year in the users guide,Per users guide (not reviewed),parents;distribution,stacked_bar,Nominal class boundaries.,https://www.irs.gov/statistics/soi-tax-stats-county-data-2023
difficulty_paying_expenses_hps,income_poverty_hardship,material_hardship,Adults in households with difficulty paying usual expenses (HPS/HTOPS),,Share of adults 18+ reporting it was somewhat or very difficult to pay usual household expenses.,census_hps,Household Spending Table 1 (spending1_{cycle}.xlsx),Columns: Not at all difficult; A little difficult; Somewhat difficult; Very difficult; Did not report,Population 18 years and older in households,percent of adults,resident,share,not_aggregable,survey_se,nation;state;cbsa,survey cycle,irregular,2020,Within phases with identical wording,Reference period 'last 7 days' (HPS through June 2025 HTOPS) vs 'last two months' (2026 HTOPS); HTOPS tables national only,Standard errors in _se workbooks,parents;time;subgroups,bar;dot,Experimental; exclude 'did not report' consistently when computing shares.,https://www.census.gov/programs-surveys/household-pulse-survey.html
food_insufficiency_hps,income_poverty_hardship,material_hardship,Household food insufficiency (HPS/HTOPS),,Share of adults in households that sometimes or often did not have enough to eat in the reference period.,census_hps,Food Sufficiency Table 1 (food1_{cycle}.xlsx),Food sufficiency categories (enough; not always the kinds wanted; sometimes not enough; often not enough),Population 18 years and older in households,percent of adults,resident,share,not_aggregable,survey_se,nation;state;cbsa,survey cycle,irregular,2020,Within phases with identical wording,Question and design changes across HPS phases and HTOPS; HTOPS tables national only,Standard errors in _se workbooks,parents;time;subgroups,bar;dot,Experimental; category wording should be checked per cycle.,https://www.census.gov/programs-surveys/household-pulse-survey.html
food_insecurity_sipp,income_poverty_hardship,material_hardship,Household food security status (SIPP),,Food security status from the SIPP food security module (recode of affirmative responses).,census_sipp,pu{year}_csv.zip,RFOODS (food security status);RFOODR (raw score);EFOOD3 (cut or skipped meals),Persons in SIPP households,percent of persons,resident,share,not_aggregable,survey_se,nation,annual (calendar reference year),annual,2018 (current annual files),2018-2025 files (check item changes),Panel and item changes across files,None published; compute SEs with replicate weights,subgroups;time,bar;line,National microdata; requires weighting and replicate-weight variance.,https://www.census.gov/programs-surveys/sipp/about.html
unable_to_pay_housing_utilities_sipp,income_poverty_hardship,material_hardship,Unable to pay rent/mortgage or utilities (SIPP),,Share of people in households that were unable to pay rent or mortgage (EAWBMORT) or utility bills (EAWBGAS) during the reference year.,census_sipp,pu{year}_csv.zip,EAWBMORT;EAWBGAS,Persons in SIPP households (adult well-being items),percent of persons,resident,share,not_aggregable,survey_se,nation,annual (calendar reference year),annual,2018 (current annual files),2018-2025 files (check item changes),Item wording and universe can change by file,None published; compute SEs with replicate weights,subgroups;time,bar,National only; confirm item universe in the schema each year.,https://www.census.gov/programs-surveys/sipp/about.html
households_below_alice_threshold,income_poverty_hardship,material_hardship,Households below the ALICE Threshold (United For ALICE),,Share of households with income below the ALICE Threshold (households in poverty plus ALICE households) in the county.,unitedforalice_alice,"State ALICE data sheets (e.g., 2026 ALICE - Indiana Data Sheet.xlsx)",Below ALICE Threshold share; poverty share; ALICE share (per data sheet),Households,percent of households,household,share,recompute_from_components,modeled_no_published_error,nation;state;county;puma,annual data year (2024 in 2026 reports),periodic,2016 (data year),Within a methodology vintage,Methodology revised across report years,Not stated,parents;time,bar;map,Reuse requires written permission; not an official statistic.,https://www.unitedforalice.org/methodology
food_insecurity_rate_mmg,income_poverty_hardship,material_hardship,"Food insecurity rate, overall and child (Map the Meal Gap)",,Modeled share of the population (and of children) living in food-insecure households.,feedingamerica_mmg,Map the Meal Gap dataset (by request),Overall food insecurity rate; child food insecurity rate; food budget shortfall; cost per meal,Total population; children,percent,area_estimate,rate,not_aggregable,modeled_no_published_error,nation;state;county;cd,annual data year (2024 in 2026 release),annual,,Check technical briefs for method changes,Methodology refined across releases,Not stated,parents;time,map;dot,Model-based; dataset access by request; license terms not verified.,https://www.feedingamerica.org/research/map-the-meal-gap/how-we-got-the-map-data
cpi_u_annual_average,income_poverty_hardship,prices_inflation,"CPI-U annual average, U.S. city average all items",,"Annual average of the CPI-U all items index (1982-84=100), used to convert nominal dollars between years.",bls_cpi_u,CUUR0000SA0 period M13 (file cu.data.1.AllItems),CUUR0000SA0;period M13,Urban consumers (U.S. city average),index (1982-84=100),area_estimate,index,not_aggregable,none_published,nation,annual average (M13); monthly,monthly,1913,1913-2025 (methods not retroactive),Oct 2025 not published; 2025 annual average = mean of 11 months (321.943),None,time,line;table,Census recommends R-CPI-U-RS for ACS income comparisons; CPI-U methods changes are not backcast.,https://download.bls.gov/pub/time.series/cu/cu.txt
r_cpi_u_rs_annual_average,income_poverty_hardship,prices_inflation,R-CPI-U-RS annual average (inflation factor for ACS dollars),,Annual average of the retroactive CPI-U research series (December 1977 = 100); factor = index(target year) / index(source year).,bls_r_cpi_u_rs,"r-cpi-u-rs-allitems.xlsx, column AVG","AVG by YEAR (e.g., 2019 = 375.813; 2024 = 462.511; 2025 = 474.994)",Urban consumers (U.S. city average),index (Dec 1977 = 100),area_estimate,index,not_aggregable,none_published,nation,annual average,annual,1978,1978-2025 within one vintage,Annual vintage updates can revise recent values; Oct 2025 missing,None,time,line;table,Record the vintage used; Census published factors (1.02937903 for 2023 to 2024; 1.23070782 for 2019 to 2024) may differ slightly from recomputed ratios.,https://www.bls.gov/cpi/research-series/r-cpi-u-rs-home.htm
diabetes_prevalence_places,health,health_outcomes,Adults with diagnosed diabetes,share of adults with diagnosed diabetes,Estimated share of adults who report being told by a doctor or other health professional that they have diabetes (other than during pregnancy).,cdc_places,"PLACES 2025 release: county, place, census tract and ZCTA estimates",measureid=DIABETES; datavaluetypeid=CrdPrv; data_value; low_confidence_limit; high_confidence_limit; totalpop18plus,Adults 18 and over,percent,area_estimate,share,recompute_from_components,model_interval,nation;state;county;place;tract;zcta,2023 survey data (2025 release); latest release only,annual release,2023,Latest release only (CDC: the model cannot track local change over time),"Model-based estimates for adults from CDC's latest PLACES release; CDC advises against comparing releases to measure change. Values are not age-adjusted, so differences between areas partly reflect age.",Areas with fewer than 50 people are suppressed; Kentucky and Pennsylvania lack the 2023 measures in the 2025 release,parents;within_area,table;map,"Crude prevalence (CrdPrv). The 95% interval is converted to a 90% MOE (half its width x 1.645/1.96; intervals can be asymmetric). Combined areas and states are sum(prevalence x totalpop18plus)/sum(totalpop18plus), CDC's method for groups of areas, without a MOE; a state needs every county in the table (counties under 50 people are suppressed and left out). The national value is the United States row of the county table (method not documented; e.g. short sleep 36.0% versus 36.1% summed from counties). Not for program evaluation.",https://www.cdc.gov/places/measure-definitions/health-outcomes.html
obesity_prevalence_places,health,health_outcomes,Adults with obesity,share of adults with obesity,"Estimated share of adults with a body mass index of 30 or more, calculated from self-reported height and weight.",cdc_places,"PLACES 2025 release: county, place, census tract and ZCTA estimates",measureid=OBESITY; datavaluetypeid=CrdPrv; data_value; low_confidence_limit; high_confidence_limit; totalpop18plus,Adults 18 and over,percent,area_estimate,share,recompute_from_components,model_interval,nation;state;county;place;tract;zcta,2023 survey data (2025 release); latest release only,annual release,2023,Latest release only (CDC: the model cannot track local change over time),"Model-based estimates for adults from CDC's latest PLACES release; CDC advises against comparing releases to measure change. Values are not age-adjusted, so differences between areas partly reflect age.",Areas with fewer than 50 people are suppressed; Kentucky and Pennsylvania lack the 2023 measures in the 2025 release,parents;within_area,table;map,"Crude prevalence (CrdPrv). The 95% interval is converted to a 90% MOE (half its width x 1.645/1.96; intervals can be asymmetric). Combined areas and states are sum(prevalence x totalpop18plus)/sum(totalpop18plus), CDC's method for groups of areas, without a MOE; a state needs every county in the table (counties under 50 people are suppressed and left out). The national value is the United States row of the county table (method not documented; e.g. short sleep 36.0% versus 36.1% summed from counties). Not for program evaluation.",https://www.cdc.gov/places/measure-definitions/health-outcomes.html
high_blood_pressure_prevalence_places,health,health_outcomes,Adults with high blood pressure,share of adults ever told they have high blood pressure,"Estimated share of adults who report ever being told by a health professional that they have high blood pressure (not counting high blood pressure only during pregnancy, or borderline).",cdc_places,"PLACES 2025 release: county, place, census tract and ZCTA estimates",measureid=BPHIGH; datavaluetypeid=CrdPrv; data_value; low_confidence_limit; high_confidence_limit; totalpop18plus,Adults 18 and over,percent,area_estimate,share,recompute_from_components,model_interval,nation;state;county;place;tract;zcta,2023 survey data (2025 release); latest release only,annual release,2023,Latest release only (CDC: the model cannot track local change over time),"Model-based estimates for adults from CDC's latest PLACES release; CDC advises against comparing releases to measure change. Values are not age-adjusted, so differences between areas partly reflect age.",Areas with fewer than 50 people are suppressed; Kentucky and Pennsylvania lack the 2023 measures in the 2025 release,parents;within_area,table;map,"Crude prevalence (CrdPrv). The 95% interval is converted to a 90% MOE (half its width x 1.645/1.96; intervals can be asymmetric). Combined areas and states are sum(prevalence x totalpop18plus)/sum(totalpop18plus), CDC's method for groups of areas, without a MOE; a state needs every county in the table (counties under 50 people are suppressed and left out). The national value is the United States row of the county table (method not documented; e.g. short sleep 36.0% versus 36.1% summed from counties). Not for program evaluation.",https://www.cdc.gov/places/measure-definitions/health-outcomes.html
depression_prevalence_places,health,health_outcomes,Adults ever diagnosed with depression,share of adults ever told they have a depressive disorder,"Estimated share of adults who report ever being told by a health professional that they have a depressive disorder (depression, major depression, dysthymia or minor depression); it is not necessarily current.",cdc_places,"PLACES 2025 release: county, place, census tract and ZCTA estimates",measureid=DEPRESSION; datavaluetypeid=CrdPrv; data_value; low_confidence_limit; high_confidence_limit; totalpop18plus,Adults 18 and over,percent,area_estimate,share,recompute_from_components,model_interval,nation;state;county;place;tract;zcta,2023 survey data (2025 release); latest release only,annual release,2023,Latest release only (CDC: the model cannot track local change over time),"Model-based estimates for adults from CDC's latest PLACES release; CDC advises against comparing releases to measure change. Values are not age-adjusted, so differences between areas partly reflect age.",Areas with fewer than 50 people are suppressed; Kentucky and Pennsylvania lack the 2023 measures in the 2025 release,parents;within_area,table;map,"Crude prevalence (CrdPrv). The 95% interval is converted to a 90% MOE (half its width x 1.645/1.96; intervals can be asymmetric). Combined areas and states are sum(prevalence x totalpop18plus)/sum(totalpop18plus), CDC's method for groups of areas, without a MOE; a state needs every county in the table (counties under 50 people are suppressed and left out). The national value is the United States row of the county table (method not documented; e.g. short sleep 36.0% versus 36.1% summed from counties). Not for program evaluation.",https://www.cdc.gov/places/measure-definitions/health-outcomes.html
fair_poor_health_places,health,health_outcomes,Adults in fair or poor health,share of adults who rate their health as fair or poor,Estimated share of adults who rate their general health as fair or poor.,cdc_places,"PLACES 2025 release: county, place, census tract and ZCTA estimates",measureid=GHLTH; datavaluetypeid=CrdPrv; data_value; low_confidence_limit; high_confidence_limit; totalpop18plus,Adults 18 and over,percent,area_estimate,share,recompute_from_components,model_interval,nation;state;county;place;tract;zcta,2023 survey data (2025 release); latest release only,annual release,2023,Latest release only (CDC: the model cannot track local change over time),"Model-based estimates for adults from CDC's latest PLACES release; CDC advises against comparing releases to measure change. Values are not age-adjusted, so differences between areas partly reflect age.",Areas with fewer than 50 people are suppressed; Kentucky and Pennsylvania lack the 2023 measures in the 2025 release,parents;within_area,table;map,"Crude prevalence (CrdPrv). The 95% interval is converted to a 90% MOE (half its width x 1.645/1.96; intervals can be asymmetric). Combined areas and states are sum(prevalence x totalpop18plus)/sum(totalpop18plus), CDC's method for groups of areas, without a MOE; a state needs every county in the table (counties under 50 people are suppressed and left out). The national value is the United States row of the county table (method not documented; e.g. short sleep 36.0% versus 36.1% summed from counties). Not for program evaluation.",https://www.cdc.gov/places/measure-definitions/health-status.html
frequent_mental_distress_places,health,health_outcomes,Adults with frequent mental distress,share of adults with frequent mental distress,Estimated share of adults who report that their mental health was not good on 14 or more of the past 30 days.,cdc_places,"PLACES 2025 release: county, place, census tract and ZCTA estimates",measureid=MHLTH; datavaluetypeid=CrdPrv; data_value; low_confidence_limit; high_confidence_limit; totalpop18plus,Adults 18 and over,percent,area_estimate,share,recompute_from_components,model_interval,nation;state;county;place;tract;zcta,2023 survey data (2025 release); latest release only,annual release,2023,Latest release only (CDC: the model cannot track local change over time),"Model-based estimates for adults from CDC's latest PLACES release; CDC advises against comparing releases to measure change. Values are not age-adjusted, so differences between areas partly reflect age.",Areas with fewer than 50 people are suppressed; Kentucky and Pennsylvania lack the 2023 measures in the 2025 release,parents;within_area,table;map,"Crude prevalence (CrdPrv). The 95% interval is converted to a 90% MOE (half its width x 1.645/1.96; intervals can be asymmetric). Combined areas and states are sum(prevalence x totalpop18plus)/sum(totalpop18plus), CDC's method for groups of areas, without a MOE; a state needs every county in the table (counties under 50 people are suppressed and left out). The national value is the United States row of the county table (method not documented; e.g. short sleep 36.0% versus 36.1% summed from counties). Not for program evaluation.",https://www.cdc.gov/places/measure-definitions/health-status.html
current_smoking_places,health,health_outcomes,Adults who smoke cigarettes,share of adults who smoke cigarettes,Estimated share of adults who have smoked at least 100 cigarettes in their lifetime and now smoke every day or some days.,cdc_places,"PLACES 2025 release: county, place, census tract and ZCTA estimates",measureid=CSMOKING; datavaluetypeid=CrdPrv; data_value; low_confidence_limit; high_confidence_limit; totalpop18plus,Adults 18 and over,percent,area_estimate,share,recompute_from_components,model_interval,nation;state;county;place;tract;zcta,2023 survey data (2025 release); latest release only,annual release,2023,Latest release only (CDC: the model cannot track local change over time),"Model-based estimates for adults from CDC's latest PLACES release; CDC advises against comparing releases to measure change. Values are not age-adjusted, so differences between areas partly reflect age.",Areas with fewer than 50 people are suppressed; Kentucky and Pennsylvania lack the 2023 measures in the 2025 release,parents;within_area,table;map,"Crude prevalence (CrdPrv). The 95% interval is converted to a 90% MOE (half its width x 1.645/1.96; intervals can be asymmetric). Combined areas and states are sum(prevalence x totalpop18plus)/sum(totalpop18plus), CDC's method for groups of areas, without a MOE; a state needs every county in the table (counties under 50 people are suppressed and left out). The national value is the United States row of the county table (method not documented; e.g. short sleep 36.0% versus 36.1% summed from counties). Not for program evaluation.",https://www.cdc.gov/places/measure-definitions/health-risk-behaviors.html
physical_inactivity_places,health,health_outcomes,Adults with no leisure-time physical activity,share of adults with no leisure-time physical activity,Estimated share of adults who took part in no physical activity or exercise outside their regular job in the past month.,cdc_places,"PLACES 2025 release: county, place, census tract and ZCTA estimates",measureid=LPA; datavaluetypeid=CrdPrv; data_value; low_confidence_limit; high_confidence_limit; totalpop18plus,Adults 18 and over,percent,area_estimate,share,recompute_from_components,model_interval,nation;state;county;place;tract;zcta,2023 survey data (2025 release); latest release only,annual release,2023,Latest release only (CDC: the model cannot track local change over time),"Model-based estimates for adults from CDC's latest PLACES release; CDC advises against comparing releases to measure change. Values are not age-adjusted, so differences between areas partly reflect age.",Areas with fewer than 50 people are suppressed; Kentucky and Pennsylvania lack the 2023 measures in the 2025 release,parents;within_area,table;map,"Crude prevalence (CrdPrv). The 95% interval is converted to a 90% MOE (half its width x 1.645/1.96; intervals can be asymmetric). Combined areas and states are sum(prevalence x totalpop18plus)/sum(totalpop18plus), CDC's method for groups of areas, without a MOE; a state needs every county in the table (counties under 50 people are suppressed and left out). The national value is the United States row of the county table (method not documented; e.g. short sleep 36.0% versus 36.1% summed from counties). Not for program evaluation.",https://www.cdc.gov/places/measure-definitions/health-risk-behaviors.html
diabetes_prevalence_brfss_state,health,health_outcomes,"Diagnosed diabetes among adults, state (BRFSS direct estimate)",,"Weighted percentage of adult BRFSS respondents answering Yes to ever being told by a doctor they have diabetes (question DIABETE4; pregnancy-related and prediabetes answers are separate responses), crude prevalence",cdc_brfss_prevalence,BRFSS Prevalence Data 2011 to present (Socrata dttw-5yxu),questionid=DIABETE4;response=Yes;break_out=Overall;data_value;confidence_limit_low;confidence_limit_high;sample_size,Adult BRFSS respondents (18+),percent,resident,share,not_aggregable,model_interval,nation;state,2011-2025 annual,annual,2011,2011-2025 (participating jurisdictions vary by year),2011 raking weights and cell-phone sample: not comparable with earlier years,"Jurisdictions below minimum requirements omitted (KY and PA 2023; TN 2024; CA, MS and NV 2025)",parents;time;subgroups,line;bar;map,"Direct survey estimate whose interval is a survey 95% CI (no survey-CI code in catalog vocabulary); self-reported; crude, so age structure affects state comparisons",https://www.cdc.gov/brfss/annual_data/annual_2025.html
svi_overall_percentile_svi,environment_climate,hazard_risk,Social Vulnerability Index overall percentile rank (CDC/ATSDR SVI),,"Percentile rank (0-1) of an area's summed theme percentiles across 16 ACS-based social vulnerability variables, relative to all U.S. tracts, counties or ZCTAs in the same release; higher means more vulnerable",cdc_atsdr_svi,SVI_{year}_US.csv (tracts); SVI_{year}_US_county.csv; SVI_2022_US_ZCTA.csv,RPL_THEMES;RPL_THEME1;RPL_THEME2;RPL_THEME3;RPL_THEME4;F_TOTAL,"Tracts, counties or ZCTAs ranked nationally (state files rank within state)",percentile rank 0-1,area_estimate,index,not_aggregable,none_published,county;tract;zcta,"2000, 2010, 2014, 2016, 2018, 2020, 2022",biennial,2000,Not comparable across releases (relative ranks),"2020 variable redesign; tract boundaries 2000, 2010, 2020; 2000 from Census data, later from ACS 5-year",-999 when not computed,parents;distribution;within_area,map;table,Relative within-release rank; national and state-ranked values differ; proposed subtopic health/social_vulnerability (see notes),https://www.atsdr.cdc.gov/place-health/php/svi/svi-data-documentation-download.html
disability_rate_acs,health,disability,Residents with a disability,share of residents with a disability,"Share of the civilian noninstitutionalized population reporting at least one of six disability types (hearing, vision, cognitive, ambulatory, self-care, independent living).",census_acs5,B18101,B18101_001;B18101_004;B18101_007;B18101_010;B18101_013;B18101_016;B18101_019;B18101_023;B18101_026;B18101_029;B18101_032;B18101_035;B18101_038,Civilian noninstitutionalized population,percent,resident,share,recompute_from_components,acs_moe,nation;region;division;state;county;cousub;place;tract;zcta;cbsa;csa;cd;puma;sd,"5-year 2008-2012 through 2020-2024; 1-year 2008-2024 for areas with 65,000+ people (2020 experimental only)",annual,2008-2012,"2008 onward, comparing non-overlapping 5-year periods",Disability questions were redesigned in 2008; earlier ACS and Census 2000 figures are not comparable.,No block-group data,parents;time;subgroups;distribution,bar;line;map,"Cognitive, ambulatory and self-care items asked of ages 5+ and independent living of 18+, so under-5 values reflect hearing and vision only; large MOEs for tracts",https://www.census.gov/topics/health/disability/guidance/data-collection-acs.html
disability_two_or_more_types_acs,health,disability,Residents with two or more types of disability,share of residents with two or more types of disability,Share of the civilian noninstitutionalized population reporting two or more of the six disability types.,census_acs5,C18108,C18108_001;C18108_004;C18108_008;C18108_012,Civilian noninstitutionalized population,percent,resident,share,recompute_from_components,acs_moe,nation;region;division;state;county;cousub;place;tract;zcta;cbsa;csa;cd;puma;sd,"5-year 2008-2012 through 2020-2024; 1-year 2008-2024 for areas with 65,000+ people",annual,2008-2012,"2008 onward, comparing non-overlapping 5-year periods",Disability questions were redesigned in 2008.,No block-group data,parents;time;distribution,bar;line;map,"Age groups only under 18, 18-64, 65+; one-type counts in C18108_003, _007, _011",https://www.census.gov/topics/health/disability/guidance/data-collection-acs.html
disability_uninsured_19_64_acs,health,disability,Uninsured adults 19 to 64 with a disability,share of adults 19 to 64 with a disability who have no health insurance,Share of civilian noninstitutionalized adults aged 19 to 64 with a disability who have no health insurance coverage.,census_acs5,B18135,B18135_014;B18135_018;B18135_019;B18135_023,Civilian noninstitutionalized population aged 19-64,percent,resident,share,recompute_from_components,acs_moe,nation;region;division;state;county;cousub;place;tract;zcta;cbsa;csa;cd;puma;sd,"5-year 2008-2012 through 2020-2024; 1-year 2008-2024 for areas with 65,000+ people",annual,2013-2017,"2008 onward, comparing non-overlapping 5-year periods",Working age was 18 to 64 before the 2013-2017 period and 19 to 64 since; only periods on the current definition are shown.,No block-group data,parents;time;subgroups,bar;line,Small denominators for tracts give very large MOEs; coverage at time of interview,https://www.census.gov/topics/health/disability/guidance/data-collection-acs.html
any_disability_adults_places,health,disability,Adults with a disability,share of adults with a disability,"Estimated share of adults who report serious difficulty hearing, seeing, concentrating or remembering, or walking or climbing stairs, or difficulty dressing or bathing or doing errands alone.",cdc_places,"PLACES 2025 release: county, place, census tract and ZCTA estimates",measureid=DISABILITY; datavaluetypeid=CrdPrv; data_value; low_confidence_limit; high_confidence_limit; totalpop18plus,Adults 18 and over,percent,area_estimate,share,recompute_from_components,model_interval,nation;state;county;place;tract;zcta,2023 survey data (2025 release); latest release only,annual release,2023,Latest release only (CDC: the model cannot track local change over time),"Model-based estimates for adults from CDC's latest PLACES release; CDC advises against comparing releases to measure change. Values are not age-adjusted, so differences between areas partly reflect age.",Areas with fewer than 50 people are suppressed; Kentucky and Pennsylvania lack the 2023 measures in the 2025 release,parents;within_area,table;map,"Crude prevalence (CrdPrv). The 95% interval is converted to a 90% MOE (half its width x 1.645/1.96; intervals can be asymmetric). Combined areas and states are sum(prevalence x totalpop18plus)/sum(totalpop18plus), CDC's method for groups of areas, without a MOE; a state needs every county in the table (counties under 50 people are suppressed and left out). The national value is the United States row of the county table (method not documented; e.g. short sleep 36.0% versus 36.1% summed from counties). Not for program evaluation.",https://www.cdc.gov/places/measure-definitions/disability.html
mobility_disability_adults_places,health,disability,Adults with a mobility disability,share of adults with a mobility disability,Estimated share of adults who report serious difficulty walking or climbing stairs.,cdc_places,"PLACES 2025 release: county, place, census tract and ZCTA estimates",measureid=MOBILITY; datavaluetypeid=CrdPrv; data_value; low_confidence_limit; high_confidence_limit; totalpop18plus,Adults 18 and over,percent,area_estimate,share,recompute_from_components,model_interval,nation;state;county;place;tract;zcta,2023 survey data (2025 release); latest release only,annual release,2023,Latest release only (CDC: the model cannot track local change over time),"Model-based estimates for adults from CDC's latest PLACES release; CDC advises against comparing releases to measure change. Values are not age-adjusted, so differences between areas partly reflect age.",Areas with fewer than 50 people are suppressed; Kentucky and Pennsylvania lack the 2023 measures in the 2025 release,parents;within_area,table;map,"Crude prevalence (CrdPrv). The 95% interval is converted to a 90% MOE (half its width x 1.645/1.96; intervals can be asymmetric). Combined areas and states are sum(prevalence x totalpop18plus)/sum(totalpop18plus), CDC's method for groups of areas, without a MOE; a state needs every county in the table (counties under 50 people are suppressed and left out). The national value is the United States row of the county table (method not documented; e.g. short sleep 36.0% versus 36.1% summed from counties). Not for program evaluation.",https://www.cdc.gov/places/measure-definitions/disability.html
cognitive_disability_adults_places,health,disability,Adults with a cognitive disability,share of adults with a cognitive disability,"Estimated share of adults who, because of a physical, mental or emotional condition, report serious difficulty concentrating, remembering or making decisions.",cdc_places,"PLACES 2025 release: county, place, census tract and ZCTA estimates",measureid=COGNITION; datavaluetypeid=CrdPrv; data_value; low_confidence_limit; high_confidence_limit; totalpop18plus,Adults 18 and over,percent,area_estimate,share,recompute_from_components,model_interval,nation;state;county;place;tract;zcta,2023 survey data (2025 release); latest release only,annual release,2023,Latest release only (CDC: the model cannot track local change over time),"Model-based estimates for adults from CDC's latest PLACES release; CDC advises against comparing releases to measure change. Values are not age-adjusted, so differences between areas partly reflect age.",Areas with fewer than 50 people are suppressed; Kentucky and Pennsylvania lack the 2023 measures in the 2025 release,parents;within_area,table;map,"Crude prevalence (CrdPrv). The 95% interval is converted to a 90% MOE (half its width x 1.645/1.96; intervals can be asymmetric). Combined areas and states are sum(prevalence x totalpop18plus)/sum(totalpop18plus), CDC's method for groups of areas, without a MOE; a state needs every county in the table (counties under 50 people are suppressed and left out). The national value is the United States row of the county table (method not documented; e.g. short sleep 36.0% versus 36.1% summed from counties). Not for program evaluation.",https://www.cdc.gov/places/measure-definitions/disability.html
uninsured_rate_acs,health,health_insurance,Residents without health insurance,share of residents without health insurance,Share of the civilian noninstitutionalized population with no health insurance coverage at the time of the survey.,census_acs5,B27010,B27010_001;B27010_017;B27010_033;B27010_050;B27010_066,Civilian noninstitutionalized population,percent,resident,share,recompute_from_components,acs_moe,nation;region;division;state;county;cousub;place;tract;bg;zcta;cbsa;csa;cd;puma;sd,"5-year 2008-2012 through 2020-2024; 1-year 2008-2024 for areas with 65,000+ people (2020 experimental only)",annual,2009-2013,"2008 onward, comparing non-overlapping 5-year periods",,,parents;time;subgroups;distribution,bar;line;map,Point-in-time coverage at interview; B27010 is published for block groups but B27001 is not; SAHIE gives single-year model-based county values Age groups changed in the 2013-2017 release (under 19 instead of under 18); totals for all ages are unaffected.,https://www.census.gov/acs/www/about/why-we-ask-each-question/health/
uninsured_rate_children_acs,health,health_insurance,Children under 19 without health insurance,share of children under 19 without health insurance,Share of civilian noninstitutionalized children under 19 with no health insurance coverage at the time of the survey.,census_acs5,B27010,B27010_002;B27010_017,Civilian noninstitutionalized population under 19,percent,resident,share,recompute_from_components,acs_moe,nation;region;division;state;county;cousub;place;tract;bg;zcta;cbsa;csa;cd;puma;sd,"5-year 2008-2012 through 2020-2024; 1-year 2008-2024 for areas with 65,000+ people",annual,2013-2017,"2008 onward, comparing non-overlapping 5-year periods",Children were counted as under 18 before the 2013-2017 period and under 19 since; only periods on the current definition are shown.,,parents;time;distribution,bar;line;map,Small child counts in tracts and block groups give large MOEs,https://www.census.gov/acs/www/about/why-we-ask-each-question/health/
medicaid_means_tested_coverage_acs,health,health_insurance,Residents with Medicaid or other means-tested coverage,share of residents with Medicaid or other means-tested public coverage,"Share of the civilian noninstitutionalized population covered by Medicaid, Medical Assistance or another government plan for people with low income or a disability, alone or with other coverage.",census_acs5,C27007,C27007_001;C27007_004;C27007_007;C27007_010;C27007_014;C27007_017;C27007_020,Civilian noninstitutionalized population,percent,resident,share,recompute_from_components,acs_moe,nation;region;division;state;county;cousub;place;tract;zcta;cbsa;csa;cd;puma;sd,"5-year 2008-2012 through 2020-2024; 1-year 2008-2024 for areas with 65,000+ people",annual,2008-2012,"2008 onward, comparing non-overlapping 5-year periods",,No block-group data,parents;time;subgroups,bar;line;map,Survey-reported coverage at time of interview; not an administrative enrollment count Age groups changed in the 2013-2017 release (under 19 instead of under 18); totals for all ages are unaffected.,https://www.census.gov/acs/www/about/why-we-ask-each-question/health/
uninsured_rate_under65_sahie,health,health_insurance,"Uninsured rate under 65, annual estimates",annual uninsured rate for people under 65,Model-based estimate of the share of people under 65 without health insurance coverage in a single year.,census_sahie,SAHIE (timeseries/healthins/sahie),PCTUI_PT;PCTUI_MOE;PCTUI_LB90;PCTUI_UB90;NUI_PT;NIPR_PT;AGECAT;IPRCAT;SEXCAT;RACECAT;YEAR,Population under 65,percent,area_estimate,share,recompute_from_components,model_interval,nation;state;county,2008-2024 annual (API also carries 2006-2007 estimates),annual,2008,2008-2024,The estimates use American Community Survey inputs from 2008; earlier years are not comparable and are not shown.,,parents;time;subgroups,line;map;bar,Aggregate as sum(NUI_PT)/sum(NIPR_PT); aggregated MOEs are approximate; ages 65+ not covered,https://www.census.gov/programs-surveys/sahie/about.html
uninsured_rate_low_income_sahie,health,health_insurance,"Uninsured rate under 65 with low income, annual estimates",annual uninsured rate for people under 65 with income at or below 138% of poverty,Model-based estimate of the share of people under 65 with income at or below 138% of the poverty level who have no health insurance coverage in a single year.,census_sahie,SAHIE (timeseries/healthins/sahie),PCTUI_PT;PCTUI_MOE;NUI_PT;NIPR_PT;AGECAT;IPRCAT;YEAR,Population under 65 with income at or below 138% of poverty,percent,area_estimate,share,recompute_from_components,model_interval,nation;state;county,2008-2024 annual,annual,2008,2008-2024,The estimates use American Community Survey inputs from 2008; earlier years are not comparable and are not shown.,,parents;time;subgroups,line;map;bar,Wider intervals than all-income estimates; 138% threshold relates to Medicaid expansion eligibility; race detail only for states,https://www.census.gov/programs-surveys/sahie/about.html
uninsured_adults_18_64_places,health,health_insurance,Current lack of health insurance among adults 18-64 (PLACES),,"Model-based percentage of adults aged 18-64 reporting no current health insurance (BRFSS), crude and age-adjusted",cdc_places,PLACES 2025 release (Socrata swc5-untb county; eav7-hnsx place; cwsq-ngmh tract; qnzd-25i4 ZCTA),measureid=ACCESS2;datavaluetypeid=CrdPrv|AgeAdjPrv;data_value;low_confidence_limit;high_confidence_limit,Adults aged 18-64,percent,area_estimate,share,not_aggregable,model_interval,nation;county;place;tract;zcta,BRFSS 2018-2023 (2020-2025 releases),annual,2018,Single release only (CDC: model cannot track local change over time),2024 release: 2020 Census geography and CT planning regions; 2023 release: CI simulation change,Population under 50 suppressed; KY and PA missing in 2025 release (BRFSS 2023),parents;distribution;within_area,map;dot;bar,"Not implemented: the universe (adults 18-64) is not published with the estimates, so combined areas and states cannot be computed; ACS and SAHIE measure coverage directly. Prefer ACS or SAHIE for insurance levels; PLACES useful for tract and ZCTA patterns",https://www.cdc.gov/places/methodology/index.html
primary_care_hpsa_hrsa,health,healthcare_access,Primary care Health Professional Shortage Area designation and score (HRSA),,"Whether an area (county, county subdivision or census tract component) or facility is covered by a designated primary care HPSA, and its HPSA score (higher = greater shortage; observed 0-25); types: geographic, high-needs geographic, population (e.g., low-income) and facility",hrsa_hpsa,BCD_HPSA_FCT_DET_PC.csv,HPSA ID;HPSA Status;Designation Type;HPSA Score;HPSA Component Type Description;HPSA Geography Identification Number;HPSA Designation Population;HPSA FTE;HPSA Formal Ratio;Rural Status;HPSA Designation Date;Withdrawn Date,Primary care HPSA designations and their components,HPSA score or designation flag,administrative,index,not_aggregable,administrative_no_sampling_error,county;cousub;tract;facility,Current status (daily file); designation and withdrawal dates allow history reconstruction,daily,,Point-in-time designation status,Status 'No Data Provided' appears only in pre-August 2014 records,,within_area;parents,map;table,"Filter HPSA Status = Designated (optionally Proposed For Withdrawal); population HPSAs cover subgroups only; overlapping designations possible; administrative, not a need estimate",https://data.hrsa.gov/topics/health-workforce/shortage-areas
mental_health_hpsa_hrsa,health,healthcare_access,Mental health Health Professional Shortage Area designation and score (HRSA),,"Whether an area or facility is covered by a designated mental health HPSA, and its HPSA score (higher = greater shortage)",hrsa_hpsa,BCD_HPSA_FCT_DET_MH.csv,HPSA ID;HPSA Status;Designation Type;HPSA Score;HPSA Component Type Description;HPSA Geography Identification Number;HPSA Designation Population;Rural Status,Mental health HPSA designations and their components,HPSA score or designation flag,administrative,index,not_aggregable,administrative_no_sampling_error,county;cousub;tract;facility,Current status (daily file),daily,,Point-in-time designation status,Status 'No Data Provided' appears only in pre-August 2014 records,,within_area;parents,map;table,"Administrative designation, not a need estimate; population HPSAs cover subgroups only",https://data.hrsa.gov/topics/health-workforce/shortage-areas
dental_hpsa_hrsa,health,healthcare_access,Dental health Health Professional Shortage Area designation and score (HRSA),,"Whether an area or facility is covered by a designated dental health HPSA, and its HPSA score (higher = greater shortage)",hrsa_hpsa,BCD_HPSA_FCT_DET_DH.csv,HPSA ID;HPSA Status;Designation Type;HPSA Score;HPSA Component Type Description;HPSA Geography Identification Number;HPSA Designation Population;Rural Status,Dental HPSA designations and their components,HPSA score or designation flag,administrative,index,not_aggregable,administrative_no_sampling_error,county;cousub;tract;facility,Current status (daily file),daily,,Point-in-time designation status,Status 'No Data Provided' appears only in pre-August 2014 records,,within_area;parents,map;table,Administrative designation; population HPSAs cover subgroups only,https://data.hrsa.gov/topics/health-workforce/shortage-areas
medically_underserved_area_hrsa,health,healthcare_access,Medically Underserved Area/Population designation and IMU score (HRSA),,"Whether an area (county, county subdivision or tract component) is in a designated MUA or MUP, with Index of Medical Underservice score (0 = highest need to 100; 62.0 or less qualifies; governor designations have no score)",hrsa_mua,MUA_DET.csv,MUA/P ID;MUA/P Status Description;Designation Type;IMU Score;Medically Underserved Area/Population (MUA/P) Component Geographic Type Description;State and County Federal Information Processing Standard Code;County Subdivision FIPS Code;Census Tract;Designation Date;Rural Status Description,Designated MUA/P components,IMU score 0-100 or designation flag,administrative,index,not_aggregable,administrative_no_sampling_error,county;cousub;tract,Current status (daily file); designations dating back to at least 1994,daily,,Point-in-time designation status,IMU scores reflect data at designation or update time,,within_area;parents,map;table,"Score applies to the whole MUA/P; MUPs cover specific populations; administrative, not a current need estimate",https://data.hrsa.gov/topics/health-workforce/shortage-areas
health_center_sites_count_hrsa,health,healthcare_access,HRSA health center and look-alike service sites (count),,"Number of active service delivery sites of HRSA Health Center Program awardees (FQHCs) and FQHC Look-Alikes located in the area, optionally by location type (permanent, seasonal, mobile van)",hrsa_health_center_sites,Health_Center_Service_Delivery_and_LookAlike_Sites.csv,Health Center Type;Health Center Location Type Description;Site Status Description;Geocoding Artifact Address Primary X Coordinate;Geocoding Artifact Address Primary Y Coordinate;State and County Federal Information Processing Standard Code;Site Postal Code;Operating Hours per Week,Active health center service delivery sites,count,facility,count,sum,administrative_no_sampling_error,point;county;cd,Current snapshot (daily refresh),daily,,Point-in-time only,,Street address and ZIP suppressed for domestic violence shelter sites,parents;within_area,map;table,"Counts sites, not capacity or patients; trends require archived snapshots",https://data.hrsa.gov/data/download
primary_care_physicians_per_100k_ahrf,health,healthcare_access,"Primary care physicians per 100,000 residents (AHRF)",,"Non-federal primary care physicians (MD and DO) in patient care, excluding residents, per 100,000 residents; numerator from AHRF (AMA Physician Masterfile), denominator from county population",hrsa_ahrf,AHRF 2024-2025 county file AHRF2025hp.csv,phys_nf_prim_care_pc_exc_rsdt_23;phys_nf_prim_care_pc_exc_rsdt_22,County resident population (denominator),"per 100,000 population",administrative,rate,recompute_from_components,administrative_no_sampling_error,nation;state;county,2022 and 2023 in the 2024-2025 AHRF; earlier years in prior releases,annual,,"Within the AHRF series, checking definitions per release",Variable names change each release; Connecticut planning regions added alongside legacy counties,,parents;time;distribution,bar;map;line,"Headcounts by county, not FTE; label inferred from AHRF variable name (confirm in technical documentation); CHR&R v004 uses the same AHRF/AMA source",https://data.hrsa.gov/topics/health-workforce/ahrf
dentists_per_100k_ahrf,health,healthcare_access,"Dentists per 100,000 residents (AHRF, NPI-based)",,"Dentists with a National Provider Identifier located in the county per 100,000 residents",hrsa_ahrf,AHRF 2024-2025 county file AHRF2025hp.csv,dent_npi_24;dent_npi_23,County resident population (denominator),"per 100,000 population",administrative,rate,recompute_from_components,administrative_no_sampling_error,nation;state;county,2023 and 2024 in the 2024-2025 AHRF,annual,,Within the AHRF NPI-based series,Variable names change each release,,parents;time;distribution,bar;map,"Counts NPI holders by location, not practicing FTE; label inferred from AHRF variable name (confirm in technical documentation)",https://data.hrsa.gov/topics/health-workforce/ahrf
hospitals_count_cms,health,healthcare_access,"Medicare-registered hospitals (count, CMS)",,"Number of Medicare-registered hospitals located in the area, optionally by hospital type (acute care, critical access, psychiatric, children's, rural emergency, VA, DoD) and emergency services",cms_hospital_general_info,Hospital General Information (Provider Data Catalog xubh-q36u),facility_id;hospital_type;hospital_ownership;emergency_services;countyparish;state;zip_code;address,Medicare-registered hospitals,count,facility,count,sum,administrative_no_sampling_error,facility,Current quarterly snapshot (released 2026-08-13),quarterly,,Point-in-time only,,,parents;within_area,table;map,"No FIPS or coordinates (join on county name and state, or geocode addresses); counts facilities, not beds or capacity",https://data.cms.gov/provider-data/sites/default/files/data_dictionaries/hospital/HOSPITAL_Data_Dictionary.pdf
hospital_overall_star_rating_cms,health,healthcare_access,Hospital overall star rating (CMS),,"CMS Overall Hospital Quality Star Rating (1-5) summarizing quality measures reported on Care Compare, per hospital",cms_hospital_general_info,Hospital General Information (Provider Data Catalog xubh-q36u),facility_id;hospital_overall_rating;hospital_overall_rating_footnote;hospital_type,Medicare-registered hospitals with enough reported measures,stars (1-5),facility,index,not_aggregable,administrative_no_sampling_error,facility,Current quarterly snapshot,quarterly,,Point-in-time only,,"'Not Available' for 2,245 of 5,419 hospitals in the August 2026 file (including 983 critical access and all psychiatric hospitals)",within_area,table,"Facility attribute, not an area measure; do not average across hospitals without care",https://data.cms.gov/provider-data/sites/default/files/data_dictionaries/hospital/HOSPITAL_Data_Dictionary.pdf
routine_checkup_places,health,healthcare_access,Adults with a routine checkup in the past year,share of adults with a routine checkup in the past year,Estimated share of adults who report a routine checkup with a doctor (such as a general physical exam) in the past year.,cdc_places,"PLACES 2025 release: county, place, census tract and ZCTA estimates",measureid=CHECKUP; datavaluetypeid=CrdPrv; data_value; low_confidence_limit; high_confidence_limit; totalpop18plus,Adults 18 and over,percent,area_estimate,share,recompute_from_components,model_interval,nation;state;county;place;tract;zcta,2023 survey data (2025 release); latest release only,annual release,2023,Latest release only (CDC: the model cannot track local change over time),"Model-based estimates for adults from CDC's latest PLACES release; CDC advises against comparing releases to measure change. Values are not age-adjusted, so differences between areas partly reflect age.",Areas with fewer than 50 people are suppressed; Kentucky and Pennsylvania lack the 2023 measures in the 2025 release,parents;within_area,table;map,"Crude prevalence (CrdPrv). The 95% interval is converted to a 90% MOE (half its width x 1.645/1.96; intervals can be asymmetric). Combined areas and states are sum(prevalence x totalpop18plus)/sum(totalpop18plus), CDC's method for groups of areas, without a MOE; a state needs every county in the table (counties under 50 people are suppressed and left out). The national value is the United States row of the county table (method not documented; e.g. short sleep 36.0% versus 36.1% summed from counties). Not for program evaluation.",https://www.cdc.gov/places/measure-definitions/prevention.html
premature_death_ypll_chr,health,mortality,Premature death: years of potential life lost before 75 (CHR&R),,"Years of potential life lost before age 75 per 100,000 population, age-adjusted, from 3 years of NCHS death data (2025 release: 2020-2022)",uwphi_chrr,CHR&R analytic_data2025_v3.csv; chr_trends_csv_2025.csv,v001_rawvalue;v001_numerator;v001_denominator;v001_cilow;v001_cihigh;v001_flag,County residents under 75,"YPLL per 100,000",event,rate,not_aggregable,model_interval,nation;state;county,Annual releases 2010-2025 (each pooling 3 death years),annual,2010 release,Trends file across releases; overlapping 3-year windows,Population-estimate method changes for data years 2004-2006 and 2019-2021,"Flag 1 = unreliable, 2 = suppressed",parents;time;subgroups,bar;line;map,Overlapping pooled years are not independent; CHR&R terms restrict commercial use,https://www.countyhealthrankings.org/health-data/methodology-and-sources/data-documentation
life_expectancy_chr,health,mortality,Life expectancy at birth (CHR&R),,"Average number of years a person can expect to live, from 3 years of NCHS mortality data (2025 release: 2020-2022)",uwphi_chrr,CHR&R analytic_data2025_v3.csv,v147_rawvalue;v147_cilow;v147_cihigh;v147_race_aian;v147_race_asian;v147_race_black;v147_race_hispanic;v147_race_white,County residents,years,event,other,not_aggregable,model_interval,nation;state;county,Recent annual releases through 2025 (earliest release not verified),annual,,Across releases with overlapping 3-year windows,Population-estimate method change for data years 2019-2021,Flags for unreliable or suppressed values,parents;time;subgroups,bar;dot;map,2020-2022 window includes COVID-19 years; CHR&R terms restrict commercial use,https://www.countyhealthrankings.org/health-data/methodology-and-sources/data-documentation
life_expectancy_tract_usaleep,health,mortality,"Life expectancy at birth by census tract, 2010-2015 (USALEEP)",,"Tract life expectancy at birth from abridged period life tables for 2010-2015, with standard error and a flag for observed or predicted age-specific death rates",nchs_usaleep,USALEEP US_A.CSV (also state files; Socrata 5h56-n989),Tract ID;e(0);se(e(0));Abridged life table flag,Residents of 2010 census tracts,years,area_estimate,other,not_aggregable,model_interval,state;tract,2010-2015 (single period),one-time,2010,Single period,2010 tract boundaries (crosswalk needed for 2020 tracts),"No estimates for Maine, Wisconsin and tracts with insufficient data (65,662 tracts estimated)",within_area;parents;distribution,map;dot,Dated; large standard errors for small tracts; predicted rates for some age groups,https://www.cdc.gov/nchs/nvss/usaleep/usaleep.html
age_adjusted_death_rate_wonder,health,mortality,All-cause age-adjusted death rate (CDC WONDER),,"Deaths from all causes per 100,000 residents, age-adjusted to the 2000 U.S. standard population (WONDER default), by county, state or nation of residence; cause-specific rates available via ICD-10 groupings",cdc_wonder_ucd,WONDER Underlying Cause of Death 2018-2024 single race (1999-2020 bridged race for earlier years),Deaths;Population;Crude Rate;Age Adjusted Rate and 95% CI (query output measures),U.S. resident deaths and population,"deaths per 100,000",event,rate,recompute_from_components,model_interval,nation;region;division;state;county,1999-2024 annual,annual,1999,1999-2024 for all-cause totals (race detail changes in 2018),ICD-10 from 1999; single-race categories from 2018; unreliable-rate rule changed with 2024 data; Connecticut county rates unavailable 2022 and later,Counts 1-9 suppressed; rates for 0-9 deaths suppressed; rates hidden when 95% CI width exceeds 160% of the rate,parents;time;subgroups,line;bar;map,"County export only via the web form; pool years for small counties; 95% CI reflects random variation (not a model), placed under model_interval for lack of a better code",https://wonder.cdc.gov/wonder/help/ucd-expanded.html
drug_overdose_deaths_12mo_vsrr,health,mortality,"Drug overdose deaths, 12-month ending, provisional (NCHS VSRR)",,Provisional count of drug overdose deaths among county residents in the 12 months ending in the reference month,nchs_vsrr_county_overdose,VSRR Provisional County-Level Drug Overdose Death Counts (Socrata gb4e-yj24),provisional_drug_overdose;monthendingdate;fips;percentage_of_records_pending;footnote;code2013,County residents' deaths,deaths,event,count,sum,administrative_no_sampling_error,county,"Monthly 12-month-ending periods, January 2020-December 2025",quarterly,2020,"2020-2025 (provisional, revised each update)",Provisional counts revised as records arrive,Counts 1-9 suppressed,parents;time,line;map,Counts only (compute rates with population); sums across counties omit suppressed cells; pending investigations understate recent counts,https://www.cdc.gov/nchs/nvss/vsrr/prov-county-drug-overdose.htm
drug_overdose_death_rate_injury_dashboard,health,mortality,Drug overdose death rate (CDC injury dashboard),,"Deaths from unintentional or undetermined-intent drug overdose per 100,000 residents, annual or trailing twelve months; Bayesian-modeled rate when 1-9 deaths",cdc_ncipc_injury_dashboard,"Mapping Injury, Overdose, and Violence - County (Socrata psx4-wq38)",intent=Drug_OD;period;count_sup;rate;rate_m;rate_m_ci;ttm_date_range,County residents,"deaths per 100,000",event,rate,recompute_from_components,administrative_no_sampling_error,nation;state;county;other:census tract groups,Annual 2019-2024 plus trailing twelve months,monthly,2019,2019-2024,Mix of provisional and final data; modeled rates for 1-9 deaths,Counts under 10 shown as 1-9; unstable modeled rates suppressed,parents;time,line;map;bar,No age adjustment stated; modeled rates (rate_m = 1) carry credible intervals and cannot be re-aggregated,https://www.cdc.gov/injury-violence-data/about/index.html
suicide_death_rate_injury_dashboard,health,mortality,Suicide death rate (CDC injury dashboard),,"Deaths from suicide by any method per 100,000 residents, annual or trailing twelve months; Bayesian-modeled rate when 1-9 deaths",cdc_ncipc_injury_dashboard,"Mapping Injury, Overdose, and Violence - County (Socrata psx4-wq38)",intent=All_Suicide;period;count_sup;rate;rate_m;rate_m_ci;ttm_date_range,County residents,"deaths per 100,000",event,rate,recompute_from_components,administrative_no_sampling_error,nation;state;county;other:census tract groups,Annual 2019-2024 plus trailing twelve months,monthly,2019,2019-2024,Mix of provisional and final data; modeled rates for 1-9 deaths,Counts under 10 shown as 1-9; unstable modeled rates suppressed,parents;time,line;map;bar,No age adjustment stated; small counties mostly modeled; firearm suicide available as FA_Suicide,https://www.cdc.gov/injury-violence-data/about/index.html
low_income_low_access_tract_sram,food_access,food_access,"Low-income, low-access tract: SNAP retailers at 1 mile urban / 10 miles rural, straight-line (FARA SRAM)",,Flag (1/0) for a low-income census tract that ERS classifies as low access because residents live beyond 1 mile (urban) or 10 miles (rural) straight-line distance from the nearest SNAP-authorized retailer (farmers markets and delivery routes excluded); variants at 0.5/10 and 1/20 miles and a vehicle-access version,usda_ers_fara,SRAM Straight Line Distance Data.csv (2025),SD_SRAM_LILATracts_1And10;SD_SRAM_LILATracts_halfAnd10;SD_SRAM_LILATracts_1And20;SD_SRAM_LILATracts_Vehicle;SD_SRAM_LA1and10,2020 census tracts (50 states and DC),flag (1/0),area_estimate,other,not_aggregable,modeled_no_published_error,tract,2025 (STARS June 2025; 2020 Census; 2020-24 ACS),irregular,2025,Single year; not comparable with LRAM,"New July 2026 method differs from LRAM (store universe, gridded population, driving option)",Blank when unavailable,parents;within_area,map;table,"To summarize areas, count flagged tracts or sum their population rather than averaging flags; proximity only",https://www.ers.usda.gov/data-products/food-access-research-atlas/documentation
low_income_low_access_tract_driving_sram,food_access,food_access,"Low-income, low-access tract: SNAP retailers at 1 mile urban / 10 miles rural, driving distance (FARA SRAM)",,Same as the straight-line LILA flag but using road-network driving distance to the nearest SNAP-authorized retailer,usda_ers_fara,SRAM Driving Distance Data.csv (2025),DD_SRAM_LILATracts_1And10;DD_SRAM_LILATracts_halfAnd10;DD_SRAM_LILATracts_1And20;DD_SRAM_LILATracts_Vehicle;DD_SRAM_LA1and10,2020 census tracts (50 states and DC),flag (1/0),area_estimate,other,not_aggregable,modeled_no_published_error,tract,2025,irregular,2025,Single year; driving-distance measures are new in 2026,First FARA release with driving distance,Blank when unavailable; 101 stores (97 in Alaska) excluded from driving calculations,parents;within_area,map;table,Depends on road-network quality; assumes car travel (no transit or walking),https://www.ers.usda.gov/data-products/food-access-research-atlas/documentation
low_access_population_share_sram,food_access,food_access,"Population far from any SNAP-authorized retailer, 1 mile urban / 10 miles rural (FARA SRAM)",,Share of tract population living beyond 1 mile (urban tracts) or 10 miles (rural tracts) straight-line from the nearest SNAP-authorized retailer: SD_SRAM_LAPOP1_10 / POP2020 (driving version uses DD_SRAM_LAPOP1_10),usda_ers_fara,SRAM Straight Line Distance Data.csv; SRAM Driving Distance Data.csv; SRAM General Tract Characteristics Data.csv,SD_SRAM_LAPOP1_10;DD_SRAM_LAPOP1_10;SD_SRAM_LALOWI1_10;POP2020;Urban,"Tract population (2020 Census, distributed with LandScan grid)",percent,area_estimate,share,recompute_from_components,modeled_no_published_error,tract,2025,irregular,2025,Single year,Not comparable with LRAM low-access counts (different store universe and methods),Blank when unavailable,parents;within_area;subgroups,map;bar,"Sum counts across tracts before dividing; subgroup counts for low-income, children, seniors, no-vehicle and SNAP households; general characteristics file drops the tract ID leading zero",https://www.ers.usda.gov/data-products/food-access-research-atlas/documentation
low_income_low_access_tract_lram,food_access,food_access,"Low-income, low-access tract: supermarkets at 1 mile urban / 10 miles rural (FARA LRAM)",,"Flag (1/0) for a low-income tract where residents live beyond 1 mile (urban) or 10 miles (rural) from the nearest supermarket, supercenter or large grocery store (STARS and TDLinx directories), straight-line distance",usda_ers_fara,2019 LRAM file Food Access Research Atlas.csv (archived 2015 and 2010 files),LILATracts_1And10;LILATracts_halfAnd10;LILATracts_1And20;LILATracts_Vehicle;LowIncomeTracts;Urban;Pop2010,2010 census tracts (50 states and DC),flag (1/0),area_estimate,other,not_aggregable,modeled_no_published_error,tract,"2010, 2015, 2019",irregular,2010,"2010, 2015 and 2019 comparable on 2010 tracts",Replaced by SRAM as the current map in July 2026; 2006 Food Desert Locator used 2000 tracts,Blank when unavailable,parents;within_area;time,map;table,"Excludes smaller grocers, dollar and convenience stores (ERS notes this may overstate low access); 2010 tract geography; population from 2010 Census",https://www.ers.usda.gov/data-products/food-access-research-atlas/documentation
low_access_population_share_fea,food_access,food_access,"Population with low access to a supermarket or large grocery store, county (Food Environment Atlas)",,"Percentage of county population living more than 1 mile (urban) or 10 miles (rural) from a supermarket, supercenter or large grocery store, aggregated from the LRAM tract analysis",usda_ers_fea,Food Environment Atlas StateAndCountyData.csv (July 2025 version),PCT_LACCESS_POP19;PCT_LACCESS_POP15;LACCESS_POP19;LACCESS_POP15;PCT_LACCESS_LOWI19;PCT_LACCESS_HHNV19,County population (2010 Census base),percent,area_estimate,share,recompute_from_components,modeled_no_published_error,county,"2015, 2019",irregular,2015,2015-2019,Not comparable with 2025 SRAM measures,-9999 = not available,parents;time,map;bar,Supermarket-based definition (LRAM); 2010 population base,https://www.ers.usda.gov/data-products/food-environment-atlas/documentation
food_insecurity_adults_places,food_access,food_access,Adults experiencing food insecurity,share of adults experiencing food insecurity,"Estimated share of adults who report that in the past 12 months the food they bought always, usually or sometimes did not last and they did not have money to get more.",cdc_places,"PLACES 2025 release: county, place, census tract and ZCTA estimates",measureid=FOODINSECU; datavaluetypeid=CrdPrv; data_value; low_confidence_limit; high_confidence_limit; totalpop18plus,Adults 18 and over,percent,area_estimate,share,recompute_from_components,model_interval,nation;state;county;place;tract;zcta,2023 survey data (2025 release); latest release only,annual release,2023,Latest release only (CDC: the model cannot track local change over time),"Model-based estimates for adults from CDC's latest PLACES release; CDC advises against comparing releases to measure change. Values are not age-adjusted, so differences between areas partly reflect age. These questions were asked only in states that chose to use the survey's optional social needs module.",Areas with fewer than 50 people are suppressed; Kentucky and Pennsylvania lack the 2023 measures in the 2025 release; social needs measures only for states that used the module,parents;within_area,table;map,"Crude prevalence (CrdPrv). The 95% interval is converted to a 90% MOE (half its width x 1.645/1.96; intervals can be asymmetric). Combined areas and states are sum(prevalence x totalpop18plus)/sum(totalpop18plus), CDC's method for groups of areas, without a MOE; a state needs every county in the table (counties under 50 people are suppressed and left out). The national value is the United States row of the county table (method not documented; e.g. short sleep 36.0% versus 36.1% summed from counties). Not for program evaluation.",https://www.cdc.gov/places/measure-definitions/health-related-social-needs.html
child_food_insecurity_rate_mmg,food_access,food_access,Child food insecurity rate (Map the Meal Gap),,"Model-based percentage of children living in food-insecure households, using the MMG model with household-with-children predictors",feedingamerica_mmg,Map the Meal Gap 2026 release (2024 data),,Children under 18,percent,area_estimate,share,not_aggregable,,state;county;cd,2024 (2026 release) and earlier annual releases,annual,,Within a release,Same model changes as the overall rate,,parents;time,map;bar,Dataset requires request form; variable names not verified; future updates depend on CPS food security data after USDA ended its annual report,https://www.feedingamerica.org/research/map-the-meal-gap/how-we-got-the-map-data
grocery_stores_per_1000_fea,food_access,food_environment,"Grocery stores per 1,000 residents (Food Environment Atlas)",,"Supermarkets and smaller grocery stores (County Business Patterns NAICS 445110 establishments) per 1,000 county residents",usda_ers_fea,Food Environment Atlas StateAndCountyData.csv (July 2025 version),GROCPTH20;GROCPTH16;GROC20;GROC16,County population,"stores per 1,000 residents",establishment,per_capita,recompute_from_components,administrative_no_sampling_error,county,"2016, 2020",irregular,,2016-2020 in current version,Each Atlas version re-bases years,-9999 = not available,parents;time;distribution,bar;map,"Establishment counts, not store size, prices or quality",https://www.ers.usda.gov/data-products/food-environment-atlas/documentation
snap_authorized_stores_per_1000_fea,food_access,food_environment,"SNAP-authorized stores per 1,000 residents (Food Environment Atlas)",,"Average monthly number of stores authorized to accept SNAP benefits per 1,000 county residents (FNA data)",usda_ers_fea,Food Environment Atlas StateAndCountyData.csv (July 2025 version),SNAPSPTH23;SNAPSPTH17;SNAPS23;SNAPS17,County population,"stores per 1,000 residents",establishment,per_capita,recompute_from_components,administrative_no_sampling_error,county,"2017, 2023",irregular,,2017-2023 in current version,Each Atlas version re-bases years,-9999 = not available,parents;time;distribution,bar;map,Includes all SNAP store types (convenience stores were 47% of active retailers in FNA data at end of 2025),https://www.ers.usda.gov/data-products/food-environment-atlas/documentation
fast_food_restaurants_per_1000_fea,food_access,food_environment,"Fast-food restaurants per 1,000 residents (Food Environment Atlas)",,"Limited-service restaurants (County Business Patterns NAICS 722513) per 1,000 county residents",usda_ers_fea,Food Environment Atlas StateAndCountyData.csv (July 2025 version),FFRPTH20;FFRPTH16;FFR20;FFR16,County population,"restaurants per 1,000 residents",establishment,per_capita,recompute_from_components,administrative_no_sampling_error,county,"2016, 2020",irregular,,2016-2020 in current version,Each Atlas version re-bases years,-9999 = not available,parents;time;distribution,bar;map,"Establishment location, not customers; per-resident rates run high where outlets serve visitors or commuters",https://www.ers.usda.gov/data-products/food-environment-atlas/documentation
convenience_stores_per_1000_fea,food_access,food_environment,"Convenience stores per 1,000 residents (Food Environment Atlas)",,"Convenience stores and gas stations with convenience stores (County Business Patterns NAICS 445120, 447110) per 1,000 county residents",usda_ers_fea,Food Environment Atlas StateAndCountyData.csv (July 2025 version),CONVSPTH20;CONVSPTH16;CONVS20;CONVS16,County population,"stores per 1,000 residents",establishment,per_capita,recompute_from_components,administrative_no_sampling_error,county,"2016, 2020",irregular,,2016-2020 in current version,Each Atlas version re-bases years,-9999 = not available,parents;time;distribution,bar;map,Establishment counts only,https://www.ers.usda.gov/data-products/food-environment-atlas/documentation
snap_authorized_retailers_count_fna,food_access,food_environment,"SNAP-authorized retailers (count, FNA retailer data)",,"Number of SNAP-authorized retailers located in an area on a reference date (authorization date on or before the date and end date blank or later), optionally by store type (e.g., Supermarket, Super Store, Convenience Store)",usda_fna_snap_retailers,Historical SNAP Retailer Locator Data 2005-2025.csv,Record ID;Store Name;Store Type;Latitude;Longitude;State;County;Zip Code;Authorization Date;End Date,SNAP-authorized retail locations,count,establishment,count,sum,administrative_no_sampling_error,point,"Any reference date 2005-2025 (current as of December 31, 2025)",periodic,2005,2005-2025 (early years may miss retailers that ended before the 20-year window),Store types are FNA administrative categories,,parents;time;within_area,map;bar;line,Exclude Farmers' Market and Delivery Route types for fixed-store access; coordinates can be wrong; authorization does not describe stock or size,https://www.fna.usda.gov/snap/retailer-locator/data
food_environment_index_chr,food_access,food_environment,Food Environment Index (CHR&R),,Index from 0 (worst) to 10 (best) combining limited access to healthy foods (Food Environment Atlas) and food insecurity (Map the Meal Gap),uwphi_chrr,CHR&R analytic_data2025_v3.csv,v133_rawvalue,County population,index 0-10,area_estimate,index,not_aggregable,none_published,nation;state;county,2025 release uses 2019 and 2022 inputs; earlier annual releases,annual,,Within a release,Inputs and years change by release,,parents;distribution,bar;map,Composite of modeled inputs with state effects; CHR&R advises comparing within states; license restricts commercial use,https://www.countyhealthrankings.org/health-data/methodology-and-sources/data-documentation
snap_receipt_among_poverty_households_acs,food_access,food_assistance,Households in poverty receiving SNAP,share of households below the poverty level that received SNAP benefits,Share of households with income below the poverty level in the past 12 months that received SNAP (food stamp) benefits.,census_acs5,B22003,B22003_003;B22003_006;B22003_004;B22003_007,Households with income below poverty,percent,household,share,recompute_from_components,acs_moe,nation;region;division;state;county;cousub;place;tract;zcta;cbsa;csa;cd;puma;sd,"1-year 2005-2024 for areas with 65,000+ people; 5-year periods through 2020-2024",annual,2006-2010,2005 onward (1-year); non-overlapping 5-year periods,,No block-group data,parents;time,bar;map,Not a program participation rate (SNAP eligibility rules differ from the poverty line); survey under-reporting,https://www.census.gov/acs/www/about/why-we-ask-each-question/food-stamps/
snap_receipt_adults_places,food_access,food_assistance,Adults receiving SNAP,share of adults who received SNAP,Estimated share of adults who report receiving SNAP (food stamp) benefits in the past 12 months.,cdc_places,"PLACES 2025 release: county, place, census tract and ZCTA estimates",measureid=FOODSTAMP; datavaluetypeid=CrdPrv; data_value; low_confidence_limit; high_confidence_limit; totalpop18plus,Adults 18 and over,percent,area_estimate,share,recompute_from_components,model_interval,nation;state;county;place;tract;zcta,2023 survey data (2025 release); latest release only,annual release,2023,Latest release only (CDC: the model cannot track local change over time),"Model-based estimates for adults from CDC's latest PLACES release; CDC advises against comparing releases to measure change. Values are not age-adjusted, so differences between areas partly reflect age. These questions were asked only in states that chose to use the survey's optional social needs module.",Areas with fewer than 50 people are suppressed; Kentucky and Pennsylvania lack the 2023 measures in the 2025 release; social needs measures only for states that used the module,parents;within_area,table;map,"Crude prevalence (CrdPrv). The 95% interval is converted to a 90% MOE (half its width x 1.645/1.96; intervals can be asymmetric). Combined areas and states are sum(prevalence x totalpop18plus)/sum(totalpop18plus), CDC's method for groups of areas, without a MOE; a state needs every county in the table (counties under 50 people are suppressed and left out). The national value is the United States row of the county table (method not documented; e.g. short sleep 36.0% versus 36.1% summed from counties). Not for program evaluation.",https://www.cdc.gov/places/measure-definitions/health-related-social-needs.html
snap_persons_county_fna,food_access,food_assistance,"SNAP participants by county or project area, January and July (FNA)",,"Number of persons participating in SNAP in the reporting month (public assistance and non-public assistance households combined), by county or SNAP project area",usda_fna_snap_data,Bi-Annual State Project Area/County Level Participation and Issuance Data (FNS-388A) snap-zip-fns388a-2.zip,Calc: SNAP Total PA and Non-PA People;SNAP All Persons Public Assistance Participation;SNAP All Persons Non-Public Assistance Participation;Calc: SNAP Total PA and Non-PA Households;Substate/Region,SNAP participants,persons,administrative,count,sum,administrative_no_sampling_error,county;other:SNAP project area,"January and July, 1989-July 2025",semiannual,1989,Consistent where a state reports by county,,,parents;time,line;bar;map,"Not all states report by county; substate codes combine state FIPS, county FIPS and office, and statewide rows (e.g., code 999) are not counties; one month, not an annual average",https://www.fna.usda.gov/pd/supplemental-nutrition-assistance-program-snap
snap_issuance_county_fna,food_access,food_assistance,"SNAP benefit issuance by county or project area, January and July (FNA)",,Total SNAP benefits issued in the reporting month (public assistance and non-public assistance) by county or SNAP project area,usda_fna_snap_data,Bi-Annual State Project Area/County Level Participation and Issuance Data (FNS-388A) snap-zip-fns388a-2.zip,SNAP All Total Actual PA & Non-PA Issuance;Substate/Region,SNAP benefits issued,dollars,administrative,dollars,sum,administrative_no_sampling_error,county;other:SNAP project area,"January and July, 1989-July 2025",semiannual,1989,Nominal dollars; adjust for inflation and benefit-rule changes,,,parents;time,line;bar,Not all states report by county; nominal dollars; may include disaster assistance,https://www.fna.usda.gov/pd/supplemental-nutrition-assistance-program-snap
snap_persons_state_monthly_fna,food_access,food_assistance,SNAP participants by state and month (FNA),,Number of persons participating in SNAP by state and month,usda_fna_snap_data,SNAP state-level tables (snap-persons-9.xlsx; FY files in snap-zip-fy69tocurrent-9.zip),Persons participating by State/Territory and month,SNAP participants,persons,administrative,count,sum,administrative_no_sampling_error,nation;state,Monthly FY1989-June 2026 (national annual from 1969),monthly,1989,1989 onward,Recent months preliminary and revised; large 2025-2026 changes in some states (Arizona about -52.5% June 2025 to June 2026 initial),,parents;time,line;bar,Preliminary months subject to significant revision; may include disaster assistance,https://www.fna.usda.gov/pd/supplemental-nutrition-assistance-program-snap
rental_vacancy_rate_acs,housing,vacancy,Rental vacancy rate,rental vacancy rate,"Vacant units for rent as a share of the rental inventory (renter-occupied units, units for rent, and units rented but not yet occupied).",census_acs5,B25004; B25003,B25004_002;B25003_003;B25004_003,"Rental inventory (renter-occupied plus vacant for rent and rented, not occupied)",percent,housing_unit,rate,recompute_from_components,acs_moe,nation;state;county;cousub;place;tract;zcta;cbsa;csa;sd;cd;puma,"5-year 2005-2009 to 2020-2024; 1-year 2005-2024 (65,000+; 2020 experimental)",annual,2005-2009,Non-overlapping 5-year periods,The collection of vacancy status changed in 2013 (ACS subject definitions).,"ACS special values (-666666666, -999999999, -888888888; MOE -222222222, -333333333, -555555555)",parents;time,map;bar,Small vacant counts give large MOEs in small areas.,https://www2.census.gov/programs-surveys/acs/tech_docs/subject_definitions/2024_ACSSubjectDefinitions.pdf
homeowner_vacancy_rate_acs,housing,vacancy,Homeowner vacancy rate,homeowner vacancy rate,"Vacant units for sale as a share of the homeowner inventory (owner-occupied units, units for sale, and units sold but not yet occupied).",census_acs5,B25004; B25003,B25004_004;B25003_002;B25004_005,"Homeowner inventory (owner-occupied plus vacant for sale only and sold, not occupied)",percent,housing_unit,rate,recompute_from_components,acs_moe,nation;state;county;cousub;place;tract;zcta;cbsa;csa;sd;cd;puma,"5-year 2005-2009 to 2020-2024; 1-year 2005-2024 (65,000+; 2020 experimental)",annual,2005-2009,Non-overlapping 5-year periods,,"ACS special values (-666666666, -999999999, -888888888; MOE -222222222, -333333333, -555555555)",parents;time,map;bar,Usually very small percentages with wide MOEs below county level.,https://www2.census.gov/programs-surveys/acs/tech_docs/subject_definitions/2024_ACSSubjectDefinitions.pdf
seasonal_vacant_share_acs,housing,vacancy,Seasonal and recreational homes,"share of homes held for seasonal, recreational or occasional use","Vacant units held for seasonal, recreational or occasional use as a share of all housing units.",census_acs5,B25004; B25002,B25004_006;B25002_001,Housing units,percent,housing_unit,share,recompute_from_components,acs_moe,nation;state;county;cousub;place;tract;zcta;cbsa;csa;sd;cd;puma,"5-year 2005-2009 to 2020-2024; 1-year 2005-2024 (65,000+; 2020 experimental)",annual,2005-2009,Non-overlapping 5-year periods,The collection of vacancy status changed in 2013 (ACS subject definitions).,"ACS special values (-666666666, -999999999, -888888888; MOE -222222222, -333333333, -555555555)",parents;within_area,map;bar,Other vacant (B25004_008) is a separate category often associated with units held off market.,https://www2.census.gov/programs-surveys/acs/summary_file/2024/table-based-SF/documentation/ACS20245YR_Table_Shells.txt
single_family_detached_share_acs,housing,housing_stock,Single-family detached homes,share of homes that are single-family detached houses,Housing units in one-unit detached structures as a share of all housing units.,census_acs5,B25024,B25024_002;B25024_001,Housing units,percent,housing_unit,share,recompute_from_components,acs_moe,nation;state;county;cousub;place;tract;zcta;cbsa;csa;sd;cd;puma,"5-year 2005-2009 to 2020-2024; 1-year 2005-2024 (65,000+; 2020 experimental)",annual,2005-2009,Non-overlapping 5-year periods,,"ACS special values (-666666666, -999999999, -888888888; MOE -222222222, -333333333, -555555555)",parents;distribution,stacked_bar;map,"Full distribution: B25024_002 1 detached; _003 1 attached; _004 2; _005 3-4; _006 5-9; _007 10-19; _008 20-49; _009 50+; _010 mobile home; _011 boat, RV, van.",https://www2.census.gov/programs-surveys/acs/summary_file/2024/table-based-SF/documentation/ACS20245YR_Table_Shells.txt
multifamily_5plus_share_acs,housing,housing_stock,Homes in buildings with 5 or more units,share of homes in buildings with 5 or more units,Housing units in structures with 5 or more units as a share of all housing units.,census_acs5,B25024,B25024_006;B25024_007;B25024_008;B25024_009;B25024_001,Housing units,percent,housing_unit,share,recompute_from_components,acs_moe,nation;state;county;cousub;place;tract;zcta;cbsa;csa;sd;cd;puma,"5-year 2005-2009 to 2020-2024; 1-year 2005-2024 (65,000+; 2020 experimental)",annual,2005-2009,Non-overlapping 5-year periods,,"ACS special values (-666666666, -999999999, -888888888; MOE -222222222, -333333333, -555555555)",parents;distribution,stacked_bar;map,Mobile home share = B25024_010 / B25024_001.,https://www2.census.gov/programs-surveys/acs/summary_file/2024/table-based-SF/documentation/ACS20245YR_Table_Shells.txt
median_year_built_acs,housing,housing_stock,Median year built,median year homes were built,Median year in which housing units' structures were built.,census_acs5,B25035; distribution B25034,B25035_001,Housing units,year,housing_unit,median,median_from_distribution,acs_moe,nation;state;county;cousub;place;tract;zcta;cbsa;csa;sd;cd;puma,"5-year 2005-2009 to 2020-2024; 1-year 2005-2024 (65,000+; 2020 experimental)",annual,2005-2009,Non-overlapping 5-year periods,"Year-built categories changed in 2012, 2015 and 2021; the categories are read for each period.",ACS special values; open-ended bins flagged by median+/- annotations,parents;time,dot;map,Self-reported year built; recompute for aggregates from B25034 bins (approximate).,https://www2.census.gov/programs-surveys/acs/summary_file/2024/table-based-SF/documentation/ACS20245YR_Table_Shells.txt
renter_severe_cost_burden_50plus_acs,housing,cost_burden,Renters paying 50% or more of income on rent,share of renters paying 50 percent or more of income on rent,Share of renter households (with rent computed as a share of income) paying 50 percent or more of household income on gross rent.,census_acs5,B25070,B25070_010;B25070_001;B25070_011,Renter-occupied housing units with computed gross rent as percentage of income,percent,household,share,recompute_from_components,acs_moe,nation;state;county;cousub;place;tract;zcta;cbsa;csa;sd;cd;puma,"5-year 2005-2009 to 2020-2024; 1-year 2005-2024 (65,000+; 2020 experimental)",annual,2005-2009,Non-overlapping 5-year periods,,"ACS special values (-666666666, -999999999, -888888888; MOE -222222222, -333333333, -555555555)",parents;time,map;bar,See renter_cost_burden_30plus_acs.,https://www2.census.gov/programs-surveys/acs/summary_file/2024/table-based-SF/documentation/ACS20245YR_Table_Shells.txt
median_rent_pct_income_acs,housing,cost_burden,Median rent as a share of income,median gross rent as a share of household income,Median of gross rent as a percentage of past-12-month household income.,census_acs5,B25071; distribution B25070,B25071_001,Renter-occupied housing units paying cash rent,percent,household,median,median_from_distribution,acs_moe,nation;state;county;cousub;place;tract;zcta;cbsa;csa;sd;cd;puma,"5-year 2005-2009 to 2020-2024; 1-year 2005-2024 (65,000+; 2020 experimental)",annual,2005-2009,Non-overlapping 5-year periods,,ACS special values; open-ended medians flagged by median+/- annotations,parents;time,dot;map,Aggregates only approximable from B25070 bins.,https://www2.census.gov/programs-surveys/acs/summary_file/2024/table-based-SF/documentation/ACS20245YR_Table_Shells.txt
owner_cost_burden_30plus_acs,housing,cost_burden,Homeowners paying 30% or more of income on housing,share of homeowners spending 30 percent or more of income on housing costs,"Share of homeowner households (with costs computed as a share of income) spending 30 percent or more of household income on selected monthly owner costs, with or without a mortgage.",census_acs5,B25091,B25091_001;B25091_002;B25091_008;B25091_009;B25091_010;B25091_011;B25091_012;B25091_013;B25091_019;B25091_020;B25091_021;B25091_022;B25091_023,Owner-occupied housing units with computed costs as percentage of income,percent,household,share,recompute_from_components,acs_moe,nation;state;county;cousub;place;tract;zcta;cbsa;csa;sd;cd;puma,"5-year 2005-2009 to 2020-2024; 1-year 2005-2024 (65,000+; 2020 experimental)",annual,2005-2009,Non-overlapping 5-year periods,,"ACS special values (-666666666, -999999999, -888888888; MOE -222222222, -333333333, -555555555)",parents;time;subgroups,map;bar,"Selected monthly owner costs include mortgage, taxes, insurance, utilities and fees.",https://www2.census.gov/programs-surveys/acs/summary_file/2024/table-based-SF/documentation/ACS20245YR_Table_Shells.txt
housing_units_decennial,housing,housing_stock,Housing units (decennial census),,Census count of housing units on April 1. Variables by dataset: 2020 DHC H1_001N; 2020 PL H1_001N; 2010 SF1 H001001; 2000 SF1 H001001.,census_dec,2020 DHC H1; 2020 PL H1; 2010 SF1 H1; 2000 SF1 H001,2020/dec/dhc:H1_001N;2020/dec/pl:H1_001N;2010/dec/sf1:H001001;2000/dec/sf1:H001001,Housing units,housing units,housing_unit,count,sum,census_count,nation;state;county;cousub;place;tract;bg;zcta;cbsa;sd;cd,2000; 2010; 2020,decennial,2000,2000-2020 at state level; substate areas need boundary harmonization,Each census tabulated on its own boundaries (CT legacy counties in all three); 2020 values subject to disclosure avoidance.,2020: disclosure avoidance noise; no suppression,parents;time,bar;table,2010 and 2000 SF1 are sources census_dec_2010_sf1 and census_dec_2000_sf1.,https://api.census.gov/data/2020/dec/dhc/groups/H1.json
vacancy_rate_decennial,housing,vacancy,Vacant share of housing units (decennial census),,Vacant / total housing units x 100. 2020 DHC H3_003N/H3_001N; 2020 PL H1_003N/H1_001N; 2010 SF1 H003003/H003001; 2000 SF1 H003003/H003001.,census_dec,2020 DHC H3; 2020 PL H1; 2010 SF1 H3; 2000 SF1 H003,2020/dec/dhc:H3_003N;2020/dec/dhc:H3_001N;2020/dec/pl:H1_003N;2020/dec/pl:H1_001N;2010/dec/sf1:H003003;2010/dec/sf1:H003001;2000/dec/sf1:H003003;2000/dec/sf1:H003001,Housing units,percent,housing_unit,share,recompute_from_components,census_count,nation;state;county;cousub;place;tract;bg;zcta;cbsa;sd;cd,2000; 2010; 2020,decennial,2000,2000-2020,"Vacancy status categories differ: 2000 has combined 'rented or sold, not occupied' (H005004); 2010/2020 split them (H005003/H005005; H5_003N/H5_005N).",2020: disclosure avoidance noise,parents;time,bar;map,"Seasonal vacancy: 2020 H5_006N, 2010 H005006, 2000 H005005.",https://api.census.gov/data/2020/dec/dhc/groups/H3.json
homeownership_rate_decennial,housing,tenure,Homeownership rate (decennial census),,Owner-occupied / occupied units x 100. 2020 DHC (H4_002N+H4_003N)/H4_001N; 2010 SF1 (H004002+H004003)/H004001; 2000 SF1 H004002/H004001.,census_dec,2020 DHC H4; 2010 SF1 H4; 2000 SF1 H004,2020/dec/dhc:H4_001N;2020/dec/dhc:H4_002N;2020/dec/dhc:H4_003N;2020/dec/dhc:H4_004N;2010/dec/sf1:H004001;2010/dec/sf1:H004002;2010/dec/sf1:H004003;2010/dec/sf1:H004004;2000/dec/sf1:H004001;2000/dec/sf1:H004002;2000/dec/sf1:H004003,Occupied housing units,percent,household,share,recompute_from_components,census_count,nation;state;county;cousub;place;tract;bg;zcta;cbsa;sd;cd,2000; 2010; 2020,decennial,2000,2000-2020,2010 and 2020 split owners into with mortgage/loan and free and clear; 2000 has one owner line; 2020 PL has no tenure.,2020: disclosure avoidance noise,parents;time;subgroups,bar;map,"Renter-occupied: H4_004N (2020), H004004 (2010), H004003 (2000).",https://api.census.gov/data/2020/dec/dhc/groups/H4.json
housing_units_estimate_pep,housing,housing_stock,Housing unit estimates (PEP),,"Estimated housing units on July 1 each year (with April 1, 2020 base).",census_pep_housing_units,CO-EST2025-HU; NST-EST2025-HU (V2025); HU-EST2020_ALL.csv (V2020),"V2025 xlsx columns: April 1, 2020 Estimates Base; Housing Unit Estimate (as of July 1) 2020-2025. V2020 CSV: CENSUS2010HU;HUESTIMATESBASE2010;HUESTIMATE2010..HUESTIMATE2020",Housing units,housing units,housing_unit,count,sum,modeled_no_published_error,nation;state;county,7/1/2020-7/1/2025 (V2025); 2010-2020 (V2020),annual,2010,Within a vintage,Each vintage revises its series; V2020 (2010-based) and V2025 (2020-based) are not a continuous series; CT planning regions in V2025.,None,parents;time,line;table,"xlsx rows are named, not coded; match names to FIPS carefully.",https://www.census.gov/programs-surveys/popest/technical-documentation/methodology.html
permitted_units_total_bps,housing,housing_production,New housing units authorized by building permits (BPS),,"Sum of units in 1-unit, 2-unit, 3-4 unit and 5+ unit buildings authorized during the year (estimates with imputation).",census_bps,"County annual coYYYYa.txt; place annual {ne,mw,so,we}YYYYa.txt","County file columns 8, 11, 14, 17 (1-unit, 2-units, 3-4 units, 5+ units Units, imputed); place file columns 19, 22, 25, 28; reported-only units: county 20/23/26/29, place 31/34/37/40",New privately-owned residential units authorized in permit-issuing jurisdictions,housing units,administrative,count,sum,administrative_no_sampling_error,nation;region;division;state;county;cbsa;place;cousub,County 1990-2025; place 1980-2025; monthly 2000-2026,annual,1990,County 1990-2025 (watch universe changes),"Permit universe reselected 2004 (about 20,000 places), about 20,100 places 2014-2022, annually updated from 2023; place file layouts change 1999, 2003, 2004 and 2007; CT planning regions in county files from 2023.",None; nonrespondents imputed,parents;time;distribution,bar;line;map,"Permits are authorizations, not starts or completions; excludes areas without permit systems; places exclude county unincorporated offices (FIPS place 99990).",https://www2.census.gov/econ/bps/Documentation/cntyasc.pdf
permitted_units_single_family_bps,housing,housing_production,Single-family (1-unit) units authorized (BPS),,Units in 1-unit buildings authorized by permits during the year (estimates with imputation).,census_bps,"County annual coYYYYa.txt; place annual {ne,mw,so,we}YYYYa.txt","County column 8 (1-unit Units); place column 19; reported-only county 20, place 31",New privately-owned 1-unit residential buildings,housing units,administrative,count,sum,administrative_no_sampling_error,nation;region;division;state;county;cbsa;place;cousub,County 1990-2025; place 1980-2025; monthly 2000-2026,annual,1990,County 1990-2025,As permitted_units_total_bps.,None; nonrespondents imputed,parents;time,bar;line,Structure-size category '1-unit' as defined by BPS; see documentation for attached-unit treatment.,https://www2.census.gov/econ/bps/Documentation/cntyasc.pdf
permitted_units_5plus_bps,housing,housing_production,Units in 5+ unit buildings authorized (BPS),,Units in buildings with 5 or more units authorized by permits during the year (estimates with imputation).,census_bps,"County annual coYYYYa.txt; place annual {ne,mw,so,we}YYYYa.txt","County column 17 (5+ units Units); place column 28; reported-only county 29, place 40",New privately-owned residential buildings with 5+ units,housing units,administrative,count,sum,administrative_no_sampling_error,nation;region;division;state;county;cbsa;place;cousub,County 1990-2025; place 1980-2025; monthly 2000-2026,annual,1990,County 1990-2025,As permitted_units_total_bps.,None; nonrespondents imputed,parents;time,bar;line,Lumpy year to year (single large projects); prefer multi-year sums for small areas.,https://www2.census.gov/econ/bps/Documentation/cntyasc.pdf
permitted_units_per_1000_residents_bps,housing,housing_production,"Housing units authorized per 1,000 residents (BPS with PEP)",,"Total units authorized during the year divided by July 1 resident population (PEP) x 1,000.",census_bps,BPS county/place annual files; PEP CO-EST2025-ALLDATA / SUB-EST2025,Numerator: BPS total units (see permitted_units_total_bps); denominator: POPESTIMATE{year},Resident population,"units per 1,000 residents",administrative,ratio,recompute_from_components,administrative_no_sampling_error,nation;state;county;place;cousub,"1990-2025 (county, with intercensal population)",annual,1990,County 1990-2025,Population denominators change with vintage; CT counties change 2022/2023.,None,parents;time,bar;line;map,Match place permit offices to PEP places via FIPS place (2007+ files); unincorporated remainders need county-level treatment.,https://www2.census.gov/econ/bps/Documentation/cntyasc.pdf
house_price_annual_change_fhfa,housing,house_prices,Annual house price appreciation (FHFA),,Percent change in the annual HPI from the prior year.,fhfa_hpi,hpi_at_county.xlsx (and other annual files),Annual Change (%) (xlsx); annual_change (tract csv),Properties with mortgages bought or guaranteed by Fannie Mae or Freddie Mac,percent,area_estimate,rate,not_aggregable,modeled_no_published_error,nation;state;cbsa;county;tract;other:ZIP5;other:ZIP3,1976-2025 (start varies),annual,1976,Within an area across years,Revisions; developmental.,Blank when not computable,time;parents,line;bar;map,Year-to-year noise in small areas; nominal.,https://www.fhfa.gov/data/hpi/datasets?tab=additional-data
house_price_growth_since_2000_fhfa,housing,house_prices,"House price growth since 2000 (FHFA index, 2000=100)",,Annual HPI rebased so that 2000 = 100 (1990-based version also published).,fhfa_hpi,hpi_at_county.xlsx (and other annual files),HPI with 2000 base; HPI with 1990 base (xlsx); hpi2000; hpi1990 (tract csv),Properties with mortgages bought or guaranteed by Fannie Mae or Freddie Mac,index (2000=100),area_estimate,index,not_aggregable,modeled_no_published_error,nation;state;cbsa;county;tract;other:ZIP5;other:ZIP3,2000-2025,annual,2000,2000-2025 for areas with a 2000 value,Blank if the area has no 2000 index value.,Blank when base year missing,time;parents,line;map,Cumulative nominal appreciation; compare with CPI for real change.,https://www.fhfa.gov/data/hpi/datasets?tab=additional-data
fair_market_rent_2br_hud,housing,home_values_rents,"Fair Market Rent, 2-bedroom (HUD)",,HUD FMR for a 2-bedroom unit: 40th percentile gross rent for standard-quality units in the FMR area containing the county or New England town.,hud_fmr,"FY{YY}_FMRs.xlsx (e.g., FY27_FMRs.xlsx)","fmr_2 (also fmr_0, fmr_1, fmr_3, fmr_4); keys fips (10-digit), hud_area_code",Standard-quality rental units in the FMR area,dollars per month,area_estimate,dollars,not_aggregable,modeled_no_published_error,county;cousub;cbsa;other:HUD FMR area,FY2000-FY2027 (files on HUD page),annual,2000,Within FMR area across fiscal years,"FMR area redefinitions follow OMB delineations; methodology revisions; FY2026 revised mid-year (effective May 21, 2026).",None,time;parents,line;table,Program parameter shared by all counties in an FMR area; not a local market median.,https://www.huduser.gov/portal/datasets/fmr.html
small_area_fmr_2br_hud,housing,home_values_rents,"Small Area Fair Market Rent, 2-bedroom (HUD)",,ZIP-Code-level FMR for a 2-bedroom unit within metropolitan FMR areas.,hud_safmr,"FY{YY}_safmrs.xlsx (e.g., FY27_safmrs.xlsx)",SAFMR 2BR (also 0BR-4BR and 90%/110% payment standard columns); ZIP Code; HUD Area Code,Rental units in the ZIP Code (metro areas),dollars per month,area_estimate,dollars,not_aggregable,modeled_no_published_error,other:ZIP Code (USPS);cbsa,FY2024-FY2027 verified on HUD page,annual,2024,Within ZIP across fiscal years,ZIP boundaries change; designated-area list changes.,None,within_area;time,map;table,USPS ZIP Codes are not ZCTAs; crosswalk needed for Census geographies.,https://www.huduser.gov/portal/datasets/fmr/smallarea/index.html
low_income_renters_cost_burdened_chas,housing,cost_burden,Low-income renters with cost burden over 30% (CHAS),,"Renter households with income <=80% HAMFI paying more than 30% of income for housing, divided by all such renters with computed burden: (T8_est73+T8_est76+T8_est86+T8_est89+T8_est99+T8_est102) / (T8_est69+T8_est82+T8_est95 - T8_est79 - T8_est92 - T8_est105).",hud_chas,CHAS Table 8 (Tenure by Household Income by Housing Cost Burden by Substandard Housing),T8_est69;T8_est73;T8_est76;T8_est79;T8_est82;T8_est86;T8_est89;T8_est92;T8_est95;T8_est99;T8_est102;T8_est105,Renter-occupied households with income at or below 80% of HAMFI,percent,household,share,recompute_from_components,acs_moe,nation;state;county;place;cousub;tract,ACS 5-year 2006-2010 to 2018-2022,annual,2010,Non-overlapping 5-year periods,HAMFI thresholds change yearly; recent releases have Census disclosure-avoidance suppression.,Some cells suppressed by Census (per HUD); MOEs in T8_moe*,parents;time;subgroups,bar;map,"Use T8_moe* columns for error; income limits from HUD, not ACS medians.",https://www.huduser.gov/portal/datasets/cp/CHAS-data-dictionary-18-22.xlsx
eli_renters_severe_cost_burden_chas,housing,cost_burden,Extremely low-income renters with severe cost burden (CHAS),,"Renter households with income <=30% HAMFI paying more than 50% of income for housing, divided by such renters with computed burden: T8_est76 / (T8_est69 - T8_est79).",hud_chas,CHAS Table 8,T8_est69;T8_est76;T8_est79,Renter-occupied households with income at or below 30% of HAMFI,percent,household,share,recompute_from_components,acs_moe,nation;state;county;place;cousub;tract,ACS 5-year 2006-2010 to 2018-2022,annual,2010,Non-overlapping 5-year periods,As low_income_renters_cost_burdened_chas.,Some cells suppressed by Census (per HUD),parents;time,bar;map,Small denominators in small places and tracts.,https://www.huduser.gov/portal/datasets/cp/CHAS-data-dictionary-18-22.xlsx
homeless_total_pit,housing,homelessness,"People experiencing homelessness, point-in-time count (HUD PIT)",,Sheltered plus unsheltered people counted on a single night in January by the Continuum of Care.,hud_pit_hic,2007-2025-PIT-Counts-by-CoC.xlsb (one sheet per year); PIT-Counts-by-State.xlsb,Overall Homeless,People experiencing homelessness on the count night,people,administrative,count,sum,none_published,nation;state;coc,2007-2025,annual,2007,2007-2025 (adjust for CoC mergers),CoC mergers and boundary changes; count methods vary by CoC and year.,None,time;parents;subgroups,line;bar,"CoC geography only; not a rate; undercount likely, especially unsheltered.",https://www.huduser.gov/portal/datasets/ahar/2025-ahar-part-1-pit-estimates-of-homelessness-in-the-us.html
homeless_unsheltered_pit,housing,homelessness,Unsheltered homeless people (HUD PIT),,People counted in places not meant for human habitation on the PIT night.,hud_pit_hic,2007-2025-PIT-Counts-by-CoC.xlsb,Unsheltered Homeless,People experiencing homelessness on the count night,people,administrative,count,sum,none_published,nation;state;coc,2007-2025,annual,2007,2007-2025 (adjust for CoC mergers),As homeless_total_pit.,None,time;parents,line;bar,Unsheltered count methods differ by CoC; most sensitive component to method and weather.,https://www.huduser.gov/portal/datasets/ahar/2025-ahar-part-1-pit-estimates-of-homelessness-in-the-us.html
homeless_sheltered_pit,housing,homelessness,Sheltered homeless people (HUD PIT),,"People in emergency shelter, transitional housing or safe havens on the PIT night.",hud_pit_hic,2007-2025-PIT-Counts-by-CoC.xlsb,Sheltered Total Homeless (components: Sheltered ES Homeless; Sheltered TH Homeless; Sheltered SH Homeless),People experiencing homelessness on the count night,people,administrative,count,sum,none_published,nation;state;coc,2007-2025,annual,2007,2007-2025 (adjust for CoC mergers),As homeless_total_pit.,None,time;parents;distribution,stacked_bar;line,Depends on shelter capacity (see HIC beds).,https://www.huduser.gov/portal/datasets/ahar/2025-ahar-part-1-pit-estimates-of-homelessness-in-the-us.html
homeless_chronic_pit,housing,homelessness,Chronically homeless people (HUD PIT),,People meeting HUD's chronic homelessness definition counted on the PIT night.,hud_pit_hic,2007-2025-PIT-Counts-by-CoC.xlsb,Overall Chronically Homeless (also Sheltered/Unsheltered Chronically Homeless),People experiencing homelessness on the count night,people,administrative,count,sum,none_published,nation;state;coc,2007-2025 (field availability varies by year),annual,2007,Check field list sheet for years available,"Field availability and definitions vary by year; check the 'field list, all years' sheet.",None,time;parents,line;bar,Definition-dependent; verify comparability before trend lines.,https://www.huduser.gov/portal/datasets/ahar/2025-ahar-part-1-pit-estimates-of-homelessness-in-the-us.html
homeless_people_in_families_pit,housing,homelessness,Homeless people in families with children (HUD PIT),,People in households with at least one adult and one child counted on the PIT night.,hud_pit_hic,2007-2025-PIT-Counts-by-CoC.xlsb,Overall Homeless People in Families (also Overall Homeless Family Households),People experiencing homelessness on the count night,people,administrative,count,sum,none_published,nation;state;coc,2007-2025,annual,2007,2007-2025 (adjust for CoC mergers),As homeless_total_pit.,None,time;parents,line;bar,Family definitions per HUD PIT guidance.,https://www.huduser.gov/portal/datasets/ahar/2025-ahar-part-1-pit-estimates-of-homelessness-in-the-us.html
homeless_veterans_pit,housing,homelessness,Homeless veterans (HUD PIT),,Veterans experiencing homelessness counted on the PIT night.,hud_pit_hic,2011-2025-PIT-Veteran-Counts-by-CoC.xlsx; 2007-2025-PIT-Counts-by-CoC.xlsb,Overall Homeless Veterans,Adults experiencing homelessness on the count night,people,administrative,count,sum,none_published,nation;state;coc,2011-2025,annual,2011,2011-2025,As homeless_total_pit.,None,time;parents,line;bar,CoC geography only; small counts in rural CoCs.,https://www.huduser.gov/portal/datasets/ahar/2025-ahar-part-1-pit-estimates-of-homelessness-in-the-us.html
shelter_beds_year_round_hic,housing,homelessness,Year-round shelter beds (HUD HIC),,"Year-round beds in emergency shelter, transitional housing and safe havens on the HIC night.",hud_pit_hic,2007-2025-HIC-Counts-by-CoC.xlsx (one sheet per year),"Total Year-Round Beds (ES, TH, SH) (also ES, TH, SH components and Dedicated Veteran/Youth Beds)",Homeless assistance projects reporting to the HIC,beds,facility,count,sum,administrative_no_sampling_error,nation;state;coc,2007-2025,annual,2007,2007-2025 (adjust for CoC mergers),Project types and bed categories change across years.,None,time;parents,bar;line,"Inventory, not utilization; seasonal and overflow beds counted separately.",https://www.huduser.gov/portal/datasets/ahar/2025-ahar-part-1-pit-estimates-of-homelessness-in-the-us.html
residential_address_vacancy_rate_usps,housing,vacancy,Residential address vacancy rate (HUD-USPS),,Residential addresses USPS carriers flag as vacant (not collecting mail for 90+ days on urban routes) divided by all residential addresses x 100.,hud_usps_vacancy,HUD Aggregated USPS Administrative Data on Address Vacancies (quarterly),RES_VAC;AMS_RES (Q4 2020 onward layout); pre-Q4 2007 layout uses VAC and AMS,Residential addresses in the USPS Address Management System,percent,administrative,share,recompute_from_components,administrative_no_sampling_error,tract,Quarterly 2005-present,quarterly,2005,"Within layout eras (pre-Q4 2007, Q4 2007-Q3 2020, Q4 2020+)",Layout changes Q4 2007 and Q4 2020; dictionary labels GEOID as 2000 Census tract (verify vintage in delivered data).,Restricted: registered governmental and non-profit users only,time;within_area,map;line,"No-stat addresses (e.g., rural vacant, under construction) are separate from vacant.",https://www.huduser.gov/portal/datasets/usps.html
rental_vacancy_rate_hvs,housing,vacancy,Rental vacancy rate (CPS/HVS),,"Share of the rental inventory vacant for rent, from the Current Population Survey/Housing Vacancy Survey.",census_hvs,"HVS annual Table 3 (states, 1986-2025); historical Table 1 (U.S. quarterly, 1956-present)",Table 3 annual state rates; Table B-3 MOEs,Rental housing inventory,percent,housing_unit,rate,not_aggregable,acs_moe,nation;region;state;cbsa,U.S. quarterly 1956-present; states annual 1986-2025,quarterly,1956,States 1986-2025 with caution for revisions,"Revised series columns (e.g., 1989r1); COVID-19 period collection caution.",None; MOEs in annual Table B-3,time;parents,line,CPS survey MOEs (not ACS); uncertainty code acs_moe used as closest value. State rates noisy.,https://www.census.gov/housing/hvs/index.html
homeownership_rate_hvs,housing,tenure,Homeownership rate (CPS/HVS),,"Owner-occupied households as a share of occupied households, from the CPS/HVS.",census_hvs,"HVS annual Table 15 (states, 1984-2025); Table 16 (75 largest MSAs, 2015-2025); historical Table 14 (U.S./regions quarterly, 1964-present)",Table 15 annual state rates; Table 16 MSA rates; Table B-3 MOEs,Occupied housing units,percent,household,rate,not_aggregable,acs_moe,nation;region;state;cbsa,U.S. quarterly 1964-present; states annual 1984-2025; 75 MSAs 2015-2025,quarterly,1964,States 1984-2025 with caution for revisions,Series revisions and CPS weighting changes; COVID-19 period caution.,None; MOEs in annual Table B-3,time;parents,line,Timelier than ACS but noisy for states and MSAs; uncertainty code acs_moe used for CPS MOEs.,https://www.census.gov/housing/hvs/index.html
eviction_filing_rate_evictionlab,housing,evictions,"Eviction filing rate (Eviction Lab, observed)",,"Eviction filings per 100 renting households, from validated proprietary court-record data.",evictionlab_eviction_data,county_proprietary_valid_2000_2018.csv; tract_proprietary_valid_2000_2018_y2024m12.csv,"filing_rate;filings (also threatened, threatened_rate, judgements, judgement_rate)",Renting households,filings per 100 renter households,event,rate,recompute_from_components,administrative_no_sampling_error,county;tract,2000-2018,annual,2000,2000-2018 where observations validated,Coverage varies by year and state; invalid or low-count observations removed.,Low-count or unvalidated observations removed,time;parents,line;map,Filings include repeat filings; filings are not completed evictions; ends 2018.,https://data-downloads.evictionlab.org/
eviction_filings_modeled_evictionlab,housing,evictions,"Estimated eviction filings, modeled (Eviction Lab)",,Model-predicted annual eviction filings with 95% credible intervals for every county.,evictionlab_eviction_data,county_eviction_estimates_2000_2018.csv (state and national files also),filings_estimate;filings_ci_95_lower;filings_ci_95_upper;renting_hh;hh_threat_estimate,Renting households,filings,event,count,sum,model_interval,nation;state;county,2000-2018,annual,2000,2000-2018,Model-based; indicator ind_filings_court_issued shows where court data informed estimates.,None,time;parents,line;bar,Credible intervals are not additive; Eviction Lab says modeled data are not for multivariate analysis.,https://data-downloads.evictionlab.org/
population_estimate_pep,demographics,population_size,"Resident population, July 1 estimate (PEP)",,"Estimated resident population on July 1 of each year; April 1, 2020 estimates base.",census_pep,CO-EST2025-ALLDATA; NST-EST2025-ALLDATA,POPESTIMATE2020;POPESTIMATE2021;POPESTIMATE2022;POPESTIMATE2023;POPESTIMATE2024;POPESTIMATE2025;ESTIMATESBASE2020,Resident population,people,resident,count,sum,modeled_no_published_error,nation;region;division;state;county,7/1/2020-7/1/2025 (V2025); 2000-2019 via intercensal metrics,annual,2000,"2000-2025 splicing intercensal 2000-2009, 2010-2019 and V2025 2020-2025",Vintage revisions; 4/1/2020 base differs slightly from Census count; CT planning regions from V2022.,None,parents;time,line;table,Always use the latest vintage for 2020+; never mix vintages.,https://www2.census.gov/programs-surveys/popest/technical-documentation/file-layouts/2020-2025/CO-EST2025-ALLDATA.pdf
population_change_pct_pep,demographics,population_size,"Annual population change, percent (PEP)",,Change in July 1 population from the prior year divided by the prior-year estimate x 100 (NPOPCHG gives the numeric change).,census_pep,CO-EST2025-ALLDATA; NST-EST2025-ALLDATA,NPOPCHG2021..NPOPCHG2025 (county file; NPOPCHG_2021.. in NST file);POPESTIMATE2020..POPESTIMATE2025,Resident population,percent,resident,rate,recompute_from_components,modeled_no_published_error,nation;region;division;state;county,2020-2025 (V2025),annual,2000,Within vintage,NPOPCHG2020 covers 4/1/2020-7/1/2020 only (partial year).,None,parents;time,bar;line,Includes residual component.,https://www2.census.gov/programs-surveys/popest/technical-documentation/file-layouts/2020-2025/CO-EST2025-ALLDATA.pdf
natural_change_rate_pep,demographics,population_size,Natural increase rate (PEP),,"Births minus deaths during the July-June year per 1,000 average population.",census_pep,CO-EST2025-ALLDATA,RNATURALCHG2021..RNATURALCHG2025;BIRTHS2021..BIRTHS2025;DEATHS2021..DEATHS2025;NATURALCHG2021..NATURALCHG2025,Resident population,"per 1,000 population",resident,rate,recompute_from_components,modeled_no_published_error,nation;region;division;state;county,2021-2025 rates (V2025),annual,2021,Within vintage,Rates not published for the partial 2020 period.,None,parents;time,bar;line,Rate denominator = average of beginning and ending July 1 populations.,https://www2.census.gov/programs-surveys/popest/technical-documentation/file-layouts/2020-2025/CO-EST2025-ALLDATA.pdf
net_domestic_migration_rate_pep,demographics,nativity_migration,Net domestic migration rate (PEP),,"Net domestic migration during the July-June year per 1,000 average population.",census_pep,CO-EST2025-ALLDATA,RDOMESTICMIG2021..RDOMESTICMIG2025;DOMESTICMIG2021..DOMESTICMIG2025,Resident population,"per 1,000 population",resident,rate,recompute_from_components,modeled_no_published_error,nation;region;division;state;county,2021-2025 rates (V2025),annual,2021,Within vintage,Method revisions by vintage.,None,parents;time,bar;line;map,Nation's domestic migration is zero by definition.,https://www2.census.gov/programs-surveys/popest/technical-documentation/file-layouts/2020-2025/CO-EST2025-ALLDATA.pdf
net_international_migration_rate_pep,demographics,nativity_migration,Net international migration rate (PEP),,"Net international migration during the July-June year per 1,000 average population (includes native-born, Puerto Rico and Armed Forces movements).",census_pep,CO-EST2025-ALLDATA,RINTERNATIONALMIG2021..RINTERNATIONALMIG2025;INTERNATIONALMIG2021..INTERNATIONALMIG2025,Resident population,"per 1,000 population",resident,rate,recompute_from_components,modeled_no_published_error,nation;region;division;state;county,2021-2025 rates (V2025),annual,2021,Within vintage,Check each vintage's release notes for method changes; vintages are not additive.,None,parents;time,bar;line,County allocation of international migration is modeled.,https://www2.census.gov/programs-surveys/popest/technical-documentation/file-layouts/2020-2025/CO-EST2025-ALLDATA.pdf
subcounty_population_estimate_pep,demographics,population_size,"City/town population, July 1 estimate (PEP)",,"Estimated resident population of incorporated places, consolidated cities and minor civil divisions.",census_pep,SUB-EST2025,"POPESTIMATE2020..POPESTIMATE2025;ESTIMATESBASE2020 (use SUMLEV 162 places, 170 consolidated cities, 061 MCDs)",Resident population,people,resident,count,sum,modeled_no_published_error,place;cousub;other:consolidated city,7/1/2020-7/1/2025 (V2025); 2000-2019 via intercensal subcounty files,annual,2000,Within vintage; intercensal splices use different boundaries,Boundaries as of January 1 of each vintage; annexations shift places between vintages.,None,parents;time,line;table,No CDP estimates; sum 157 parts for county-within-place detail.,https://www2.census.gov/programs-surveys/popest/technical-documentation/file-layouts/2020-2025/SUB-EST2025.pdf
population_65plus_share_pep,demographics,age_sex,"Population age 65+, share (PEP)",,Population age 65 and over divided by total population x 100.,census_pep_county_characteristics,CC-EST2025-AGESEX,AGE65PLUS_TOT;POPESTIMATE (YEAR 2-7 = 7/1/2020-7/1/2025),Resident population,percent,resident,share,recompute_from_components,modeled_no_published_error,county,7/1/2020-7/1/2025,annual,2010,2010-2025 with intercensal CC-EST2020INT-AGESEX (same fields),Vintage revisions; 2000s files use different layout.,None,parents;time,line;map,State totals require summing counties or using state ASRH files.,https://www2.census.gov/programs-surveys/popest/technical-documentation/file-layouts/2020-2025/CC-EST2025-ALLDATA.pdf
median_age_pep,demographics,age_sex,Median age (PEP),,Median age of the resident population.,census_pep_county_characteristics,CC-EST2025-AGESEX,"MEDIAN_AGE_TOT (also MEDIAN_AGE_MALE, MEDIAN_AGE_FEM)",Resident population,years,resident,median,median_from_distribution,modeled_no_published_error,county,7/1/2020-7/1/2025,annual,2010,2010-2025 with intercensal AGESEX files,Vintage revisions.,None,parents;time,dot;line,Recompute for aggregates from single-year-of-age (SYASEX) files.,https://www2.census.gov/programs-surveys/popest/technical-documentation/file-layouts/2020-2025/CC-EST2025-ALLDATA.pdf
race_ethnicity_shares_pep,demographics,race_ethnicity,Race and Hispanic origin shares (PEP),,"Hispanic (H_MALE+H_FEMALE) and non-Hispanic single-race groups (NHWA, NHBA, NHIA, NHAA, NHNA, NHTOM male+female) divided by TOT_POP at AGEGRP 0.",census_pep_county_characteristics,CC-EST2025-ALLDATA,TOT_POP;H_MALE;H_FEMALE;NHWA_MALE;NHWA_FEMALE;NHBA_MALE;NHBA_FEMALE;NHIA_MALE;NHIA_FEMALE;NHAA_MALE;NHAA_FEMALE;NHNA_MALE;NHNA_FEMALE;NHTOM_MALE;NHTOM_FEMALE,Resident population,percent,resident,share,recompute_from_components,modeled_no_published_error,county,7/1/2020-7/1/2025,annual,2010,2010-2025 with CC-EST2020INT-ALLDATA (same fields),No Some Other Race category (modified race); differs from Census/ACS race distributions.,None,parents;time;subgroups,stacked_bar;table,"Alone-or-in-combination columns (WAC, BAC, ...) overlap and do not sum to total.",https://www2.census.gov/programs-surveys/popest/technical-documentation/file-layouts/2020-2025/CC-EST2025-ALLDATA.pdf
population_intercensal_2010_2019_pep,demographics,population_size,"Resident population 2010-2019, intercensal (PEP)",,Intercensal July 1 population estimates 2010-2019 consistent with the 2010 and 2020 Censuses.,census_pep,"SUB-EST2020INT (states, counties, places, MCDs); CC-EST2020INT-AGESEX (counties)",POPESTIMATE2010..POPESTIMATE2019;ESTIMATESBASE2010;CENSUS2020POP (SUB file); POPESTIMATE with YEAR 2-11 (CC file),Resident population,people,resident,count,sum,modeled_no_published_error,state;county;place;cousub;other:consolidated city,2010-2019 (plus 4/1/2010 base and 4/1/2020 Census),annual,2010,2010-2020 on 2020 boundaries,CT legacy counties (break with V2022+ planning regions); 4/1/2020 value differs slightly from V2025 base.,None,parents;time,line,Splice with V2025 at 2020; flag the CT county break.,https://www2.census.gov/programs-surveys/popest/technical-documentation/file-layouts/2010-2020/intercensal/cities/sub-est2020int.pdf
population_intercensal_2000_2009_pep,demographics,population_size,"Resident population 2000-2009, intercensal (PEP)",,Intercensal July 1 population estimates 2000-2009 consistent with the 2000 and 2010 Censuses.,census_pep,"CO-EST00INT-TOT (states, counties); SUB-EST00INT (places, MCDs)",POPESTIMATE2000..POPESTIMATE2009;ESTIMATESBASE2000;CENSUS2010POP;POPESTIMATE2010,Resident population,people,resident,count,sum,modeled_no_published_error,state;county;place;cousub,"2000-2009 (plus 4/1/2000 base, 4/1/2010 Census, 7/1/2010)",annual,2000,2000-2010 on 2010 boundaries,"2010 county codes (Bedford city, Valdez-Cordova, Shannon, Wade Hampton) differ from 2020 codes.",None,parents;time,line,co-est00int-tot.csv has unpadded codes; pad STATE to 2 and COUNTY to 3 digits.,https://www2.census.gov/programs-surveys/popest/technical-documentation/file-layouts/2000-2010/intercensal/county/co-est00int-tot.pdf
county_population_estimates_1970_1999_pep,demographics,population_size,County population estimates 1970-1999 (PEP historical),,July 1 county population estimates 1970-1999 from historical text files.,census_pep_county_1970_1999,e7079co.txt (1970-1979); e8089co.txt (1980-1989); 99c8_{ss}.txt (1990-1999),Fixed-width year columns (e7079co: 1970 census then 1971-1979 estimates; 99c8: 7/1/1999 back to 7/1/1990 then 4/1/1990 base),Resident population,people,resident,count,sum,modeled_no_published_error,nation;state;county,1970-1999,annual,1970,Within decade files,Different vintages/methods by decade; 1970s rounded to hundreds; county set of each era.,None,time,line,Custom fixed-width parsing; harmonize county codes before splicing with 2000+ series.,https://www2.census.gov/programs-surveys/popest/tables/1900-1980/counties/totals/e7079co.txt
population_under18_share_acs,demographics,age_sex,Residents under 18,share of residents under 18,Residents under 18 as a share of the total population.,census_acs5,B01001,B01001_001;B01001_003;B01001_004;B01001_005;B01001_006;B01001_027;B01001_028;B01001_029;B01001_030,Total population,percent,resident,share,recompute_from_components,acs_moe,nation;state;county;cousub;place;tract;zcta;cbsa;csa;sd;cd;puma,"5-year 2005-2009 to 2020-2024; 1-year 2005-2024 (65,000+; 2020 experimental)",annual,2005-2009,Non-overlapping 5-year periods,,"ACS special values (-666666666, -999999999, -888888888; MOE -222222222, -333333333, -555555555)",parents;time,bar;map,Summing 8 cells compounds MOE; use approximation formulas.,https://www2.census.gov/programs-surveys/acs/summary_file/2024/table-based-SF/documentation/ACS20245YR_Table_Shells.txt
foreign_born_share_acs,demographics,nativity_migration,Foreign-born residents,share of residents born abroad,"Residents born outside the United States who were not U.S. citizens at birth (naturalized citizens and noncitizens), as a share of the total population.",census_acs5,B05002,"B05002_013;B05002_001 (also _014 naturalized, _021 not a citizen)",Total population,percent,resident,share,recompute_from_components,acs_moe,nation;state;county;cousub;place;tract;zcta;cbsa;csa;sd;cd;puma,"5-year 2005-2009 to 2020-2024; 1-year 2005-2024 (65,000+; 2020 experimental)",annual,2005-2009,Non-overlapping 5-year periods,,"ACS special values (-666666666, -999999999, -888888888; MOE -222222222, -333333333, -555555555)",parents;time;subgroups,bar;map,Region of birth detail in _015-_020 and _022-_027.,https://www2.census.gov/programs-surveys/acs/summary_file/2024/table-based-SF/documentation/ACS20245YR_Table_Shells.txt
moved_past_year_share_acs,demographics,nativity_migration,Residents who moved in the past year,share of residents who moved in the past year,"Residents aged 1 and over who lived in a different home one year earlier (in the same county, elsewhere in the state, in another state or abroad), as a share of residents aged 1 and over.",census_acs5,B07003,B07003_001;B07003_007;B07003_010;B07003_013;B07003_016,Population 1 year and over in the United States,percent,resident,share,recompute_from_components,acs_moe,nation;state;county;cousub;place;tract;zcta;cbsa;csa;sd;cd;puma,"5-year 2005-2009 to 2020-2024; 1-year 2005-2024 (65,000+; 2020 experimental)",annual,2005-2009,Non-overlapping 5-year periods,,"ACS special values (-666666666, -999999999, -888888888; MOE -222222222, -333333333, -555555555)",parents;distribution,stacked_bar;bar,Same house 1 year ago = B07003_004.,https://www2.census.gov/programs-surveys/acs/summary_file/2024/table-based-SF/documentation/ACS20245YR_Table_Shells.txt
limited_english_share_acs,demographics,language,Residents who speak English less than very well,"share of residents 5 and over who speak English less than ""very well""","Residents aged 5 and over who speak a language other than English at home and speak English less than ""very well"", as a share of residents aged 5 and over.",census_acs5,C16001,C16001_001;C16001_005;C16001_008;C16001_011;C16001_014;C16001_017;C16001_020;C16001_023;C16001_026;C16001_029;C16001_032;C16001_035;C16001_038,Population 5 years and over,percent,resident,share,recompute_from_components,acs_moe,nation;state;county;cousub;place;tract;zcta;cbsa;csa;sd;cd;puma,5-year 2012-2016 to 2020-2024 (C16001 absent from 5-year API metadata before 2016); 1-year 2016-2024 with current lines,annual,2012-2016,2016+ with current line IDs,Language categories were redesigned in 2016; earlier periods are not comparable and are not shown.,"ACS special values (-666666666, -999999999, -888888888; MOE -222222222, -333333333, -555555555)",parents;subgroups,bar;map,Spanish speakers = C16001_003; detailed languages in B16001 (128 lines) have limited geography.,https://www2.census.gov/programs-surveys/acs/summary_file/2024/table-based-SF/documentation/ACS20245YR_Table_Shells.txt
veteran_share_acs,demographics,veterans,Veterans,share of civilian adults who are veterans,Civilian veterans as a share of the civilian population 18 and over.,census_acs5,B21001,B21001_002;B21001_001,Civilian population 18 years and over,percent,resident,share,recompute_from_components,acs_moe,nation;state;county;cousub;place;tract;zcta;cbsa;csa;sd;cd;puma,"5-year 2005-2009 to 2020-2024; 1-year 2005-2024 (65,000+; 2020 experimental)",annual,2006-2010,Non-overlapping 5-year periods,,"ACS special values (-666666666, -999999999, -888888888; MOE -222222222, -333333333, -555555555)",parents;subgroups,bar;map,Age and sex detail in B21001_004-_039. B21001 had a different layout before the 2006-2010 release (line 002 was Male).,https://www2.census.gov/programs-surveys/acs/summary_file/2024/table-based-SF/documentation/ACS20245YR_Table_Shells.txt
total_population_decennial,demographics,population_size,Total population (decennial census),,Census count of resident population on April 1. 2020 PL/DHC P1_001N; 2010 SF1 P001001; 2000 SF1 P001001.,census_dec,2020 PL P1; 2020 DHC P1; 2010 SF1 P1; 2000 SF1 P001,2020/dec/pl:P1_001N;2020/dec/dhc:P1_001N;2010/dec/sf1:P001001;2000/dec/sf1:P001001,Total population,people,resident,count,sum,census_count,nation;state;county;cousub;place;tract;bg;zcta;cbsa;sd;cd,2000; 2010; 2020,decennial,2000,2000-2020 (boundaries of each census),Each census on its own geography; 2020 disclosure avoidance.,2020: disclosure avoidance noise below state,parents;time,bar;table,For 1900-1990 county counts use county_population_census_1900_1990.,https://api.census.gov/data/2020/dec/dhc/groups/P1.json
race_ethnicity_decennial,demographics,race_ethnicity,Race and Hispanic origin (decennial census),,Hispanic and non-Hispanic single-race counts and shares. 2020 DHC P5 (P5_010N Hispanic; P5_003N-P5_009N NH); 2020 PL P2 (P2_002N; P2_005N NH White alone); 2010 SF1 P005 (P005010; P005003-P005009); 2000 SF1 P008 (P008010; P008003-P008009).,census_dec,2020 DHC P5 and P9; 2020 PL P2; 2010 SF1 P5; 2000 SF1 P008,2020/dec/dhc:P5_001N;2020/dec/dhc:P5_003N;2020/dec/dhc:P5_010N;2020/dec/pl:P2_001N;2020/dec/pl:P2_002N;2020/dec/pl:P2_005N;2010/dec/sf1:P005001;2010/dec/sf1:P005003;2010/dec/sf1:P005010;2000/dec/sf1:P008001;2000/dec/sf1:P008003;2000/dec/sf1:P008010,Total population,people; percent,resident,share,recompute_from_components,census_count,nation;state;county;cousub;place;tract;bg;zcta;cbsa;sd;cd,2000; 2010; 2020,decennial,2000,Compare 2020 with 2010 with caution,"2020 race and Hispanic origin question design and coding changed (write-ins for White and Black, 200 characters, up to 6 codes, combined code list); Some Other Race and multiracial categories most affected.",2020: disclosure avoidance noise,time;subgroups;parents,stacked_bar;table,Census cautions that 2020 differences reflect both demographic change and measurement improvements.,https://www.census.gov/newsroom/blogs/random-samplings/2021/08/improvements-to-2020-census-race-hispanic-origin-question-designs.html
median_age_decennial,demographics,age_sex,Median age (decennial census),,Median age of the total population. 2020 DHC P13_001N; 2010 SF1 P013001; 2000 SF1 P013001.,census_dec,2020 DHC P13; 2010 SF1 P13; 2000 SF1 P013,2020/dec/dhc:P13_001N;2010/dec/sf1:P013001;2000/dec/sf1:P013001,Total population,years,resident,median,median_from_distribution,census_count,nation;state;county;cousub;place;tract;bg;zcta;cbsa;sd;cd,2000; 2010; 2020,decennial,2000,2000-2020,2020 disclosure avoidance.,2020: disclosure avoidance noise,time;parents,dot;table,Age detail in P12 (2020 DHC) and P012 (2010/2000 SF1); 2020 PL has only 18+.,https://api.census.gov/data/2020/dec/dhc/groups/P13.json
county_population_census_1900_1990,demographics,population_size,"County population by census, 1900-1990 (Census cencounts)",,Decennial census population of each county 1900-1990 as originally published.,census_hist,"cencounts.csv (NBER); {st}190090.txt state files (Census, archived)",pop1900;pop1910;pop1920;pop1930;pop1940;pop1950;pop1960;pop1970;pop1980;pop1990;fips;name,Resident population,people,resident,count,sum,census_count,nation;state;county,1900-1990 decennial,decennial,1900,1900-1990 for counties without boundary changes,County boundary changes not adjusted; later census corrections not reflected; defunct counties use decimal codes.,None,time,line;table,Link to 2000+ series by FIPS with care for changed counties.,https://data.nber.org/census/population/cencounts/00-90doc.txt
state_population_census_1910_2020,demographics,population_size,"State population by census, 1910-2020",,"Resident population, percent change and density of states, regions and the nation at each census 1910-2020.",census_historical_state_population,apportionment.csv,"Resident Population;Percent Change in Resident Population;Resident Population Density (by Name, Geography Type, Year)",Resident population,people; percent; people per square mile,resident,count,sum,census_count,nation;region;state,1910-2020 decennial,decennial,1910,1910-2020,Resident population differs from apportionment population (not used here).,None,time;parents,line;table,Numbers stored as quoted strings with commas.,https://www.census.gov/data/tables/time-series/dec/popchange-data-text.html
largest_urban_places_1790_1990,demographics,population_size,"Population and rank of the 100 largest urban places, 1790-1990",,Census population and rank for the largest urban places at each census.,census_twps0027_urban_places,Working Paper 27 tables tab01-tab26 (tab02-tab22 one census each),Rank; Population (fixed-width text by place name),Urban places ranked among the 100 largest,people; rank,resident,count,not_aggregable,census_count,place;other:urban place,1790-1990 decennial,decennial,1790,Only while a place is in the top 100,Place boundaries as of each census; some urban places are towns or townships.,None,time,line;table,Name matching to FIPS needed; covers only large places.,https://www.census.gov/library/working-papers/1998/demo/POP-twps0027.html
households_total_acs,households_families,household_types,Households,households,Number of households (occupied housing units).,census_acs5,B11001,B11001_001,Households,households,household,count,sum,acs_moe,nation;state;county;cousub;place;tract;zcta;cbsa;csa;sd;cd;puma,"5-year 2005-2009 to 2020-2024; 1-year 2005-2024 (65,000+; 2020 experimental)",annual,2005-2009,Non-overlapping 5-year periods,,"ACS special values (-666666666, -999999999, -888888888; MOE -222222222, -333333333, -555555555)",parents;time,table;line,Equals occupied housing units (B25002_002) conceptually.,https://www2.census.gov/programs-surveys/acs/summary_file/2024/table-based-SF/documentation/ACS20245YR_Table_Shells.txt
family_households_share_acs,households_families,household_types,Family households,share of households that are families,Family households (a householder living with relatives) as a share of all households.,census_acs5,B11001,B11001_002;B11001_001,Households,percent,household,share,recompute_from_components,acs_moe,nation;state;county;cousub;place;tract;zcta;cbsa;csa;sd;cd;puma,"5-year 2005-2009 to 2020-2024; 1-year 2005-2024 (65,000+; 2020 experimental)",annual,2005-2009,Non-overlapping 5-year periods,,"ACS special values (-666666666, -999999999, -888888888; MOE -222222222, -333333333, -555555555)",parents;time;distribution,stacked_bar;bar,"Other family, no spouse present = B11001_004 (_005 male, _006 female householder).",https://www2.census.gov/programs-surveys/acs/summary_file/2024/table-based-SF/documentation/ACS20245YR_Table_Shells.txt
married_couple_households_share_acs,households_families,household_types,Married-couple households,share of households that are married-couple families,Married-couple family households as a share of all households.,census_acs5,B11001,B11001_003;B11001_001,Households,percent,household,share,recompute_from_components,acs_moe,nation;state;county;cousub;place;tract;zcta;cbsa;csa;sd;cd;puma,"5-year 2005-2009 to 2020-2024; 1-year 2005-2024 (65,000+; 2020 experimental)",annual,2005-2009,Non-overlapping 5-year periods,,"ACS special values (-666666666, -999999999, -888888888; MOE -222222222, -333333333, -555555555)",parents;time,bar;map,,https://www2.census.gov/programs-surveys/acs/summary_file/2024/table-based-SF/documentation/ACS20245YR_Table_Shells.txt
living_alone_share_acs,households_families,living_arrangements,People living alone,share of households with one person living alone,Households of one person living alone as a share of all households.,census_acs5,B11001,B11001_008;B11001_001,Households,percent,household,share,recompute_from_components,acs_moe,nation;state;county;cousub;place;tract;zcta;cbsa;csa;sd;cd;puma,"5-year 2005-2009 to 2020-2024; 1-year 2005-2024 (65,000+; 2020 experimental)",annual,2005-2009,Non-overlapping 5-year periods,,"ACS special values (-666666666, -999999999, -888888888; MOE -222222222, -333333333, -555555555)",parents;time,bar;map,Household size distribution in B11016 (1-person = B11016_010).,https://www2.census.gov/programs-surveys/acs/summary_file/2024/table-based-SF/documentation/ACS20245YR_Table_Shells.txt
average_household_size_acs,households_families,household_size,Average household size,average household size,Residents of occupied housing units divided by the number of occupied housing units (households).,census_acs5,B25010; B25008; B25003,B25010_001;B25010_002;B25010_003;B25008_001;B25003_001,Occupied housing units,persons per household,household,mean,recompute_from_components,acs_moe,nation;state;county;cousub;place;tract;zcta;cbsa;csa;sd;cd;puma,"5-year 2005-2009 to 2020-2024; 1-year 2005-2024 (65,000+; 2020 experimental)",annual,2005-2009,Non-overlapping 5-year periods,,"ACS special values (-666666666, -999999999, -888888888; MOE -222222222, -333333333, -555555555)",parents;time,dot;bar,For aggregates compute B25008_001 / B25003_001.,https://www2.census.gov/programs-surveys/acs/summary_file/2024/table-based-SF/documentation/ACS20245YR_Table_Shells.txt
grandparent_responsible_households_acs,households_families,grandparents_caregivers,Households where grandparents are responsible for grandchildren,share of households where grandparents are responsible for their grandchildren,"Households with a grandparent responsible for their own grandchildren under 18, as a share of all households.",census_acs5,B10063,B10063_003;B10063_001 (also _002 with grandparents living with grandchildren; _004 no parent present),Households,percent,household,share,recompute_from_components,acs_moe,nation;state;county;cousub;place;tract;zcta;cbsa;csa;sd;cd;puma,5-year 2006-2010 to 2020-2024 (absent from 2005-2009 API metadata),annual,2006-2010,Non-overlapping 5-year periods,,"ACS special values (-666666666, -999999999, -888888888; MOE -222222222, -333333333, -555555555)",parents,bar,Person-level grandparent caregiver counts in B10051.,https://www2.census.gov/programs-surveys/acs/summary_file/2024/table-based-SF/documentation/ACS20245YR_Table_Shells.txt
households_decennial,households_families,household_types,Households (decennial census),,Census count of households. 2020 DHC P16_001N; 2010 SF1 P018001; 2000 SF1 P015001.,census_dec,2020 DHC P16; 2010 SF1 P18; 2000 SF1 P015,2020/dec/dhc:P16_001N;2010/dec/sf1:P018001;2000/dec/sf1:P015001,Households,households,household,count,sum,census_count,nation;state;county;cousub;place;tract;bg;zcta;cbsa;sd;cd,2000; 2010; 2020,decennial,2000,2000-2020,2020 disclosure avoidance.,2020: disclosure avoidance noise,parents;time,bar;table,2020 PL has occupied units (H1_002N) but no household tables.,https://api.census.gov/data/2020/dec/dhc/groups/P16.json
household_type_decennial,households_families,household_types,"Household type: family, married-couple, living alone (decennial census)",,"Shares of households that are family, married-couple and householder living alone. 2020 DHC P16_002N, P16_003N, P16_008N over P16_001N; 2010 SF1 P018002, P018003, P018008 over P018001.",census_dec,2020 DHC P16; 2010 SF1 P18,2020/dec/dhc:P16_001N;2020/dec/dhc:P16_002N;2020/dec/dhc:P16_003N;2020/dec/dhc:P16_008N;2010/dec/sf1:P018001;2010/dec/sf1:P018002;2010/dec/sf1:P018003;2010/dec/sf1:P018008,Households,percent,household,share,recompute_from_components,census_count,nation;state;county;cousub;place;tract;bg;zcta;cbsa;sd;cd,2010; 2020,decennial,2010,2010-2020,2010 labels husband-wife family; 2020 married couple family (includes same-sex spouses).,2020: disclosure avoidance noise,time;parents;distribution,stacked_bar;table,2000 SF1 equivalent not verified here.,https://api.census.gov/data/2020/dec/dhc/groups/P16.json
average_household_size_decennial,households_families,household_size,Average household size (decennial census),,Persons per household. 2010 SF1 P017001; 2000 SF1 P017001; 2020 DHC computed as P15_001N (population in households) / P16_001N (households).,census_dec,2020 DHC P15 and P16; 2010 SF1 P17; 2000 SF1 P017,2020/dec/dhc:P15_001N;2020/dec/dhc:P16_001N;2010/dec/sf1:P017001;2000/dec/sf1:P017001,Households,persons per household,household,mean,recompute_from_components,census_count,nation;state;county;cousub;place;tract;bg;zcta;cbsa;sd;cd,2000; 2010; 2020,decennial,2000,2000-2020,2020 value must be computed (no single published cell found).,2020: disclosure avoidance noise,time;parents,dot;table,,https://api.census.gov/data/2020/dec/dhc/groups/P16.json
industry_agriculture_share_acs,industries_business,industry_of_residents,"Employed residents in agriculture, forestry, fishing and mining","share of employed residents working in agriculture, forestry, fishing and mining","Civilian employed residents 16 and over working in agriculture, forestry, fishing and mining, wherever the job is located, as a share of all civilian employed residents 16 and over.",census_acs5,C24030,C24030_003;C24030_030 / C24030_001,Civilian employed population 16+,percent,resident,share,recompute_from_components,acs_moe,nation;region;division;state;county;cousub;place;tract;bg;zcta;cbsa;csa;sd;cd;puma,"1-year (areas 65,000+); 5-year",annual,2005-2009,Non-overlapping 5-year periods,"Industry code lists are revised periodically, so sector shares are only broadly comparable over time.",90% MOE published; C24050 not published for block groups,parents;time;distribution,stacked_bar;bar,"Resident-based: describes where residents work by industry, not jobs located in the area (use QCEW, CBP or LODES WAC for local jobs); approximate MOEs of male+female sums with root-sum-of-squares.",https://www2.census.gov/programs-surveys/acs/summary_file/2024/table-based-SF/documentation/ACS20245YR_Table_Shells.txt
industry_construction_share_acs,industries_business,industry_of_residents,Employed residents in construction,share of employed residents working in construction,"Civilian employed residents 16 and over working in construction, wherever the job is located, as a share of all civilian employed residents 16 and over.",census_acs5,C24030,C24030_006;C24030_033 / C24030_001,Civilian employed population 16+,percent,resident,share,recompute_from_components,acs_moe,nation;region;division;state;county;cousub;place;tract;bg;zcta;cbsa;csa;sd;cd;puma,"1-year (areas 65,000+); 5-year",annual,2005-2009,Non-overlapping 5-year periods,"Industry code lists are revised periodically, so sector shares are only broadly comparable over time.",90% MOE published; C24050 not published for block groups,parents;time;distribution,stacked_bar;bar,"Resident-based: describes where residents work by industry, not jobs located in the area (use QCEW, CBP or LODES WAC for local jobs); approximate MOEs of male+female sums with root-sum-of-squares.",https://www2.census.gov/programs-surveys/acs/summary_file/2024/table-based-SF/documentation/ACS20245YR_Table_Shells.txt
industry_manufacturing_share_acs,industries_business,industry_of_residents,Employed residents in manufacturing,share of employed residents working in manufacturing,"Civilian employed residents 16 and over working in manufacturing, wherever the job is located, as a share of all civilian employed residents 16 and over.",census_acs5,C24030,C24030_007;C24030_034 / C24030_001,Civilian employed population 16+,percent,resident,share,recompute_from_components,acs_moe,nation;region;division;state;county;cousub;place;tract;bg;zcta;cbsa;csa;sd;cd;puma,"1-year (areas 65,000+); 5-year",annual,2005-2009,Non-overlapping 5-year periods,"Industry code lists are revised periodically, so sector shares are only broadly comparable over time.",90% MOE published; C24050 not published for block groups,parents;time;distribution,stacked_bar;bar,"Resident-based: describes where residents work by industry, not jobs located in the area (use QCEW, CBP or LODES WAC for local jobs); approximate MOEs of male+female sums with root-sum-of-squares.",https://www2.census.gov/programs-surveys/acs/summary_file/2024/table-based-SF/documentation/ACS20245YR_Table_Shells.txt
industry_wholesale_share_acs,industries_business,industry_of_residents,Employed residents in wholesale trade,share of employed residents working in wholesale trade,"Civilian employed residents 16 and over working in wholesale trade, wherever the job is located, as a share of all civilian employed residents 16 and over.",census_acs5,C24030,C24030_008;C24030_035 / C24030_001,Civilian employed population 16+,percent,resident,share,recompute_from_components,acs_moe,nation;region;division;state;county;cousub;place;tract;bg;zcta;cbsa;csa;sd;cd;puma,"1-year (areas 65,000+); 5-year",annual,2005-2009,Non-overlapping 5-year periods,"Industry code lists are revised periodically, so sector shares are only broadly comparable over time.",90% MOE published; C24050 not published for block groups,parents;time;distribution,stacked_bar;bar,"Resident-based: describes where residents work by industry, not jobs located in the area (use QCEW, CBP or LODES WAC for local jobs); approximate MOEs of male+female sums with root-sum-of-squares.",https://www2.census.gov/programs-surveys/acs/summary_file/2024/table-based-SF/documentation/ACS20245YR_Table_Shells.txt
industry_retail_share_acs,industries_business,industry_of_residents,Employed residents in retail trade,share of employed residents working in retail trade,"Civilian employed residents 16 and over working in retail trade, wherever the job is located, as a share of all civilian employed residents 16 and over.",census_acs5,C24030,C24030_009;C24030_036 / C24030_001,Civilian employed population 16+,percent,resident,share,recompute_from_components,acs_moe,nation;region;division;state;county;cousub;place;tract;bg;zcta;cbsa;csa;sd;cd;puma,"1-year (areas 65,000+); 5-year",annual,2005-2009,Non-overlapping 5-year periods,"Industry code lists are revised periodically, so sector shares are only broadly comparable over time.",90% MOE published; C24050 not published for block groups,parents;time;distribution,stacked_bar;bar,"Resident-based: describes where residents work by industry, not jobs located in the area (use QCEW, CBP or LODES WAC for local jobs); approximate MOEs of male+female sums with root-sum-of-squares.",https://www2.census.gov/programs-surveys/acs/summary_file/2024/table-based-SF/documentation/ACS20245YR_Table_Shells.txt
industry_transportation_share_acs,industries_business,industry_of_residents,"Employed residents in transportation, warehousing and utilities","share of employed residents working in transportation, warehousing and utilities","Civilian employed residents 16 and over working in transportation, warehousing and utilities, wherever the job is located, as a share of all civilian employed residents 16 and over.",census_acs5,C24030,C24030_010;C24030_037 / C24030_001,Civilian employed population 16+,percent,resident,share,recompute_from_components,acs_moe,nation;region;division;state;county;cousub;place;tract;bg;zcta;cbsa;csa;sd;cd;puma,"1-year (areas 65,000+); 5-year",annual,2005-2009,Non-overlapping 5-year periods,"Industry code lists are revised periodically, so sector shares are only broadly comparable over time.",90% MOE published; C24050 not published for block groups,parents;time;distribution,stacked_bar;bar,"Resident-based: describes where residents work by industry, not jobs located in the area (use QCEW, CBP or LODES WAC for local jobs); approximate MOEs of male+female sums with root-sum-of-squares.",https://www2.census.gov/programs-surveys/acs/summary_file/2024/table-based-SF/documentation/ACS20245YR_Table_Shells.txt
industry_information_share_acs,industries_business,industry_of_residents,Employed residents in information,share of employed residents working in information,"Civilian employed residents 16 and over working in information, wherever the job is located, as a share of all civilian employed residents 16 and over.",census_acs5,C24030,C24030_013;C24030_040 / C24030_001,Civilian employed population 16+,percent,resident,share,recompute_from_components,acs_moe,nation;region;division;state;county;cousub;place;tract;bg;zcta;cbsa;csa;sd;cd;puma,"1-year (areas 65,000+); 5-year",annual,2005-2009,Non-overlapping 5-year periods,"Industry code lists are revised periodically, so sector shares are only broadly comparable over time.",90% MOE published; C24050 not published for block groups,parents;time;distribution,stacked_bar;bar,"Resident-based: describes where residents work by industry, not jobs located in the area (use QCEW, CBP or LODES WAC for local jobs); approximate MOEs of male+female sums with root-sum-of-squares.",https://www2.census.gov/programs-surveys/acs/summary_file/2024/table-based-SF/documentation/ACS20245YR_Table_Shells.txt
industry_finance_share_acs,industries_business,industry_of_residents,"Employed residents in finance, insurance and real estate","share of employed residents working in finance, insurance and real estate","Civilian employed residents 16 and over working in finance, insurance and real estate, wherever the job is located, as a share of all civilian employed residents 16 and over.",census_acs5,C24030,C24030_014;C24030_041 / C24030_001,Civilian employed population 16+,percent,resident,share,recompute_from_components,acs_moe,nation;region;division;state;county;cousub;place;tract;bg;zcta;cbsa;csa;sd;cd;puma,"1-year (areas 65,000+); 5-year",annual,2005-2009,Non-overlapping 5-year periods,"Industry code lists are revised periodically, so sector shares are only broadly comparable over time.",90% MOE published; C24050 not published for block groups,parents;time;distribution,stacked_bar;bar,"Resident-based: describes where residents work by industry, not jobs located in the area (use QCEW, CBP or LODES WAC for local jobs); approximate MOEs of male+female sums with root-sum-of-squares.",https://www2.census.gov/programs-surveys/acs/summary_file/2024/table-based-SF/documentation/ACS20245YR_Table_Shells.txt
industry_professional_share_acs,industries_business,industry_of_residents,"Employed residents in professional, management and administrative services","share of employed residents working in professional, management and administrative services","Civilian employed residents 16 and over working in professional, management and administrative services, wherever the job is located, as a share of all civilian employed residents 16 and over.",census_acs5,C24030,C24030_017;C24030_044 / C24030_001,Civilian employed population 16+,percent,resident,share,recompute_from_components,acs_moe,nation;region;division;state;county;cousub;place;tract;bg;zcta;cbsa;csa;sd;cd;puma,"1-year (areas 65,000+); 5-year",annual,2005-2009,Non-overlapping 5-year periods,"Industry code lists are revised periodically, so sector shares are only broadly comparable over time.",90% MOE published; C24050 not published for block groups,parents;time;distribution,stacked_bar;bar,"Resident-based: describes where residents work by industry, not jobs located in the area (use QCEW, CBP or LODES WAC for local jobs); approximate MOEs of male+female sums with root-sum-of-squares.",https://www2.census.gov/programs-surveys/acs/summary_file/2024/table-based-SF/documentation/ACS20245YR_Table_Shells.txt
industry_education_health_share_acs,industries_business,industry_of_residents,"Employed residents in education, health care and social assistance","share of employed residents working in education, health care and social assistance","Civilian employed residents 16 and over working in education, health care and social assistance, wherever the job is located, as a share of all civilian employed residents 16 and over.",census_acs5,C24030,C24030_021;C24030_048 / C24030_001,Civilian employed population 16+,percent,resident,share,recompute_from_components,acs_moe,nation;region;division;state;county;cousub;place;tract;bg;zcta;cbsa;csa;sd;cd;puma,"1-year (areas 65,000+); 5-year",annual,2005-2009,Non-overlapping 5-year periods,"Industry code lists are revised periodically, so sector shares are only broadly comparable over time.",90% MOE published; C24050 not published for block groups,parents;time;distribution,stacked_bar;bar,"Resident-based: describes where residents work by industry, not jobs located in the area (use QCEW, CBP or LODES WAC for local jobs); approximate MOEs of male+female sums with root-sum-of-squares.",https://www2.census.gov/programs-surveys/acs/summary_file/2024/table-based-SF/documentation/ACS20245YR_Table_Shells.txt
industry_arts_food_share_acs,industries_business,industry_of_residents,"Employed residents in arts, entertainment, accommodation and food","share of employed residents working in arts, entertainment, accommodation and food","Civilian employed residents 16 and over working in arts, entertainment, accommodation and food, wherever the job is located, as a share of all civilian employed residents 16 and over.",census_acs5,C24030,C24030_024;C24030_051 / C24030_001,Civilian employed population 16+,percent,resident,share,recompute_from_components,acs_moe,nation;region;division;state;county;cousub;place;tract;bg;zcta;cbsa;csa;sd;cd;puma,"1-year (areas 65,000+); 5-year",annual,2005-2009,Non-overlapping 5-year periods,"Industry code lists are revised periodically, so sector shares are only broadly comparable over time.",90% MOE published; C24050 not published for block groups,parents;time;distribution,stacked_bar;bar,"Resident-based: describes where residents work by industry, not jobs located in the area (use QCEW, CBP or LODES WAC for local jobs); approximate MOEs of male+female sums with root-sum-of-squares.",https://www2.census.gov/programs-surveys/acs/summary_file/2024/table-based-SF/documentation/ACS20245YR_Table_Shells.txt
industry_other_services_share_acs,industries_business,industry_of_residents,Employed residents in other services,share of employed residents working in other services,"Civilian employed residents 16 and over working in other services, wherever the job is located, as a share of all civilian employed residents 16 and over.",census_acs5,C24030,C24030_027;C24030_054 / C24030_001,Civilian employed population 16+,percent,resident,share,recompute_from_components,acs_moe,nation;region;division;state;county;cousub;place;tract;bg;zcta;cbsa;csa;sd;cd;puma,"1-year (areas 65,000+); 5-year",annual,2005-2009,Non-overlapping 5-year periods,"Industry code lists are revised periodically, so sector shares are only broadly comparable over time.",90% MOE published; C24050 not published for block groups,parents;time;distribution,stacked_bar;bar,"Resident-based: describes where residents work by industry, not jobs located in the area (use QCEW, CBP or LODES WAC for local jobs); approximate MOEs of male+female sums with root-sum-of-squares.",https://www2.census.gov/programs-surveys/acs/summary_file/2024/table-based-SF/documentation/ACS20245YR_Table_Shells.txt
industry_public_admin_share_acs,industries_business,industry_of_residents,Employed residents in public administration,share of employed residents working in public administration,"Civilian employed residents 16 and over working in public administration, wherever the job is located, as a share of all civilian employed residents 16 and over.",census_acs5,C24030,C24030_028;C24030_055 / C24030_001,Civilian employed population 16+,percent,resident,share,recompute_from_components,acs_moe,nation;region;division;state;county;cousub;place;tract;bg;zcta;cbsa;csa;sd;cd;puma,"1-year (areas 65,000+); 5-year",annual,2005-2009,Non-overlapping 5-year periods,"Industry code lists are revised periodically, so sector shares are only broadly comparable over time.",90% MOE published; C24050 not published for block groups,parents;time;distribution,stacked_bar;bar,"Resident-based: describes where residents work by industry, not jobs located in the area (use QCEW, CBP or LODES WAC for local jobs); approximate MOEs of male+female sums with root-sum-of-squares.",https://www2.census.gov/programs-surveys/acs/summary_file/2024/table-based-SF/documentation/ACS20245YR_Table_Shells.txt
occupation_management_share_acs,employment_labor,occupations,"Employed residents in management, business, science and arts occupations","share of employed residents working in management, business, science and arts occupations","Civilian employed residents 16 and over in management, business, science and arts occupations, as a share of all civilian employed residents 16 and over.",census_acs5,C24010,C24010_003;C24010_039 / C24010_001,Civilian employed population 16+,percent,resident,share,recompute_from_components,acs_moe,nation;region;division;state;county;cousub;place;tract;bg;zcta;cbsa;csa;sd;cd;puma,"1-year (areas 65,000+); 5-year",annual,2006-2010,Non-overlapping 5-year periods,Occupation groups are comparable from the 2006-2010 period; code lists are revised periodically.,90% MOE published,parents;time;distribution,stacked_bar;bar,Resident-based; approximate MOEs of male+female sums with root-sum-of-squares. Before the 2006-2010 release C24010 used older occupation groups with different line numbers.,https://www2.census.gov/programs-surveys/acs/summary_file/2024/table-based-SF/documentation/ACS20245YR_Table_Shells.txt
occupation_service_share_acs,employment_labor,occupations,Employed residents in service occupations,share of employed residents working in service occupations,"Civilian employed residents 16 and over in service occupations, as a share of all civilian employed residents 16 and over.",census_acs5,C24010,C24010_019;C24010_055 / C24010_001,Civilian employed population 16+,percent,resident,share,recompute_from_components,acs_moe,nation;region;division;state;county;cousub;place;tract;bg;zcta;cbsa;csa;sd;cd;puma,"1-year (areas 65,000+); 5-year",annual,2006-2010,Non-overlapping 5-year periods,Occupation groups are comparable from the 2006-2010 period; code lists are revised periodically.,90% MOE published,parents;time;distribution,stacked_bar;bar,Resident-based; approximate MOEs of male+female sums with root-sum-of-squares. Before the 2006-2010 release C24010 used older occupation groups with different line numbers.,https://www2.census.gov/programs-surveys/acs/summary_file/2024/table-based-SF/documentation/ACS20245YR_Table_Shells.txt
occupation_sales_office_share_acs,employment_labor,occupations,Employed residents in sales and office occupations,share of employed residents working in sales and office occupations,"Civilian employed residents 16 and over in sales and office occupations, as a share of all civilian employed residents 16 and over.",census_acs5,C24010,C24010_027;C24010_063 / C24010_001,Civilian employed population 16+,percent,resident,share,recompute_from_components,acs_moe,nation;region;division;state;county;cousub;place;tract;bg;zcta;cbsa;csa;sd;cd;puma,"1-year (areas 65,000+); 5-year",annual,2006-2010,Non-overlapping 5-year periods,Occupation groups are comparable from the 2006-2010 period; code lists are revised periodically.,90% MOE published,parents;time;distribution,stacked_bar;bar,Resident-based; approximate MOEs of male+female sums with root-sum-of-squares. Before the 2006-2010 release C24010 used older occupation groups with different line numbers.,https://www2.census.gov/programs-surveys/acs/summary_file/2024/table-based-SF/documentation/ACS20245YR_Table_Shells.txt
occupation_construction_share_acs,employment_labor,occupations,"Employed residents in natural resources, construction and maintenance occupations","share of employed residents working in natural resources, construction and maintenance occupations","Civilian employed residents 16 and over in natural resources, construction and maintenance occupations, as a share of all civilian employed residents 16 and over.",census_acs5,C24010,C24010_030;C24010_066 / C24010_001,Civilian employed population 16+,percent,resident,share,recompute_from_components,acs_moe,nation;region;division;state;county;cousub;place;tract;bg;zcta;cbsa;csa;sd;cd;puma,"1-year (areas 65,000+); 5-year",annual,2006-2010,Non-overlapping 5-year periods,Occupation groups are comparable from the 2006-2010 period; code lists are revised periodically.,90% MOE published,parents;time;distribution,stacked_bar;bar,Resident-based; approximate MOEs of male+female sums with root-sum-of-squares. Before the 2006-2010 release C24010 used older occupation groups with different line numbers.,https://www2.census.gov/programs-surveys/acs/summary_file/2024/table-based-SF/documentation/ACS20245YR_Table_Shells.txt
occupation_production_share_acs,employment_labor,occupations,"Employed residents in production, transportation and material moving occupations","share of employed residents working in production, transportation and material moving occupations","Civilian employed residents 16 and over in production, transportation and material moving occupations, as a share of all civilian employed residents 16 and over.",census_acs5,C24010,C24010_034;C24010_070 / C24010_001,Civilian employed population 16+,percent,resident,share,recompute_from_components,acs_moe,nation;region;division;state;county;cousub;place;tract;bg;zcta;cbsa;csa;sd;cd;puma,"1-year (areas 65,000+); 5-year",annual,2006-2010,Non-overlapping 5-year periods,Occupation groups are comparable from the 2006-2010 period; code lists are revised periodically.,90% MOE published,parents;time;distribution,stacked_bar;bar,Resident-based; approximate MOEs of male+female sums with root-sum-of-squares. Before the 2006-2010 release C24010 used older occupation groups with different line numbers.,https://www2.census.gov/programs-surveys/acs/summary_file/2024/table-based-SF/documentation/ACS20245YR_Table_Shells.txt
commute_other_share_acs,transportation,commuting_mode,"Workers commuting by taxi, motorcycle or other means","share of workers commuting by taxi, ride-hailing, motorcycle or other means","Workers 16+ who usually got to work by taxi or ride-hailing service, motorcycle or other means, as a share of all workers 16+.",census_acs5,B08301,B08301_016;B08301_017;B08301_020 / B08301_001,Workers 16 years and over,percent,resident,share,recompute_from_components,acs_moe,nation;region;division;state;county;cousub;place;tract;bg;zcta;cbsa;csa;cd;puma;sd,5-year: 2005-2009 to 2020-2024,annual,2005-2009,2005-2009 to 2020-2024,"The taxi category is labeled ""taxi or ride-hailing services"" in 2020-2024 (""taxicab"" in earlier periods).",none,parents;time;subgroups,bar;map,Small shares with large relative MOEs; the taxi line includes ride-hailing services in recent releases.,https://www2.census.gov/programs-surveys/acs/tech_docs/subject_definitions/2024_ACSSubjectDefinitions.pdf
household_other_family_share_acs,households_families,household_types,Other family households,share of households that are families without a spouse present,Family households without a spouse present as a share of all households.,census_acs5,B11001,B11001_004 / B11001_001,Households,percent,household,share,recompute_from_components,acs_moe,nation;state;county;cousub;place;tract;zcta;cbsa;csa;sd;cd;puma,"5-year 2005-2009 to 2020-2024; 1-year 2005-2024 (65,000+; 2020 experimental)",annual,2005-2009,Non-overlapping 5-year periods,,"ACS special values (-666666666, -999999999, -888888888; MOE -222222222, -333333333, -555555555)",parents;time,bar;map,,https://www2.census.gov/programs-surveys/acs/summary_file/2024/table-based-SF/documentation/ACS20245YR_Table_Shells.txt
household_other_nonfamily_share_acs,households_families,household_types,Other nonfamily households,share of households of unrelated people living together,Households of unrelated people living together (the householder does not live alone) as a share of all households.,census_acs5,B11001,B11001_009 / B11001_001,Households,percent,household,share,recompute_from_components,acs_moe,nation;state;county;cousub;place;tract;zcta;cbsa;csa;sd;cd;puma,"5-year 2005-2009 to 2020-2024; 1-year 2005-2024 (65,000+; 2020 experimental)",annual,2005-2009,Non-overlapping 5-year periods,,"ACS special values (-666666666, -999999999, -888888888; MOE -222222222, -333333333, -555555555)",parents;time,bar;map,,https://www2.census.gov/programs-surveys/acs/summary_file/2024/table-based-SF/documentation/ACS20245YR_Table_Shells.txt
coronary_heart_disease_places,health,health_outcomes,Adults with coronary heart disease,share of adults ever told they have coronary heart disease,Estimated share of adults who report ever being told by a health professional that they had angina or coronary heart disease.,cdc_places,"PLACES 2025 release: county, place, census tract and ZCTA estimates",measureid=CHD; datavaluetypeid=CrdPrv; data_value; low_confidence_limit; high_confidence_limit; totalpop18plus,Adults 18 and over,percent,area_estimate,share,recompute_from_components,model_interval,nation;state;county;place;tract;zcta,2023 survey data (2025 release); latest release only,annual release,2023,Latest release only (CDC: the model cannot track local change over time),"Model-based estimates for adults from CDC's latest PLACES release; CDC advises against comparing releases to measure change. Values are not age-adjusted, so differences between areas partly reflect age.",Areas with fewer than 50 people are suppressed; Kentucky and Pennsylvania lack the 2023 measures in the 2025 release,parents;within_area,table;map,"Crude prevalence (CrdPrv). The 95% interval is converted to a 90% MOE (half its width x 1.645/1.96; intervals can be asymmetric). Combined areas and states are sum(prevalence x totalpop18plus)/sum(totalpop18plus), CDC's method for groups of areas, without a MOE; a state needs every county in the table (counties under 50 people are suppressed and left out). The national value is the United States row of the county table (method not documented; e.g. short sleep 36.0% versus 36.1% summed from counties). Not for program evaluation.",https://www.cdc.gov/places/measure-definitions/health-outcomes.html
copd_prevalence_places,health,health_outcomes,Adults with COPD,share of adults ever told they have COPD,"Estimated share of adults who report ever being told by a health professional that they had chronic obstructive pulmonary disease (COPD), emphysema or chronic bronchitis.",cdc_places,"PLACES 2025 release: county, place, census tract and ZCTA estimates",measureid=COPD; datavaluetypeid=CrdPrv; data_value; low_confidence_limit; high_confidence_limit; totalpop18plus,Adults 18 and over,percent,area_estimate,share,recompute_from_components,model_interval,nation;state;county;place;tract;zcta,2023 survey data (2025 release); latest release only,annual release,2023,Latest release only (CDC: the model cannot track local change over time),"Model-based estimates for adults from CDC's latest PLACES release; CDC advises against comparing releases to measure change. Values are not age-adjusted, so differences between areas partly reflect age.",Areas with fewer than 50 people are suppressed; Kentucky and Pennsylvania lack the 2023 measures in the 2025 release,parents;within_area,table;map,"Crude prevalence (CrdPrv). The 95% interval is converted to a 90% MOE (half its width x 1.645/1.96; intervals can be asymmetric). Combined areas and states are sum(prevalence x totalpop18plus)/sum(totalpop18plus), CDC's method for groups of areas, without a MOE; a state needs every county in the table (counties under 50 people are suppressed and left out). The national value is the United States row of the county table (method not documented; e.g. short sleep 36.0% versus 36.1% summed from counties). Not for program evaluation.",https://www.cdc.gov/places/measure-definitions/health-outcomes.html
asthma_prevalence_places,health,health_outcomes,Adults with current asthma,share of adults with current asthma,Estimated share of adults who have been told by a health professional that they have asthma and still have it.,cdc_places,"PLACES 2025 release: county, place, census tract and ZCTA estimates",measureid=CASTHMA; datavaluetypeid=CrdPrv; data_value; low_confidence_limit; high_confidence_limit; totalpop18plus,Adults 18 and over,percent,area_estimate,share,recompute_from_components,model_interval,nation;state;county;place;tract;zcta,2023 survey data (2025 release); latest release only,annual release,2023,Latest release only (CDC: the model cannot track local change over time),"Model-based estimates for adults from CDC's latest PLACES release; CDC advises against comparing releases to measure change. Values are not age-adjusted, so differences between areas partly reflect age.",Areas with fewer than 50 people are suppressed; Kentucky and Pennsylvania lack the 2023 measures in the 2025 release,parents;within_area,table;map,"Crude prevalence (CrdPrv). The 95% interval is converted to a 90% MOE (half its width x 1.645/1.96; intervals can be asymmetric). Combined areas and states are sum(prevalence x totalpop18plus)/sum(totalpop18plus), CDC's method for groups of areas, without a MOE; a state needs every county in the table (counties under 50 people are suppressed and left out). The national value is the United States row of the county table (method not documented; e.g. short sleep 36.0% versus 36.1% summed from counties). Not for program evaluation.",https://www.cdc.gov/places/measure-definitions/health-outcomes.html
binge_drinking_places,health,health_outcomes,Adults who binge drink,share of adults who binge drink,Estimated share of adults who had 5 or more drinks (men) or 4 or more drinks (women) on at least one occasion in the past 30 days.,cdc_places,"PLACES 2025 release: county, place, census tract and ZCTA estimates",measureid=BINGE; datavaluetypeid=CrdPrv; data_value; low_confidence_limit; high_confidence_limit; totalpop18plus,Adults 18 and over,percent,area_estimate,share,recompute_from_components,model_interval,nation;state;county;place;tract;zcta,2023 survey data (2025 release); latest release only,annual release,2023,Latest release only (CDC: the model cannot track local change over time),"Model-based estimates for adults from CDC's latest PLACES release; CDC advises against comparing releases to measure change. Values are not age-adjusted, so differences between areas partly reflect age.",Areas with fewer than 50 people are suppressed; Kentucky and Pennsylvania lack the 2023 measures in the 2025 release,parents;within_area,table;map,"Crude prevalence (CrdPrv). The 95% interval is converted to a 90% MOE (half its width x 1.645/1.96; intervals can be asymmetric). Combined areas and states are sum(prevalence x totalpop18plus)/sum(totalpop18plus), CDC's method for groups of areas, without a MOE; a state needs every county in the table (counties under 50 people are suppressed and left out). The national value is the United States row of the county table (method not documented; e.g. short sleep 36.0% versus 36.1% summed from counties). Not for program evaluation.",https://www.cdc.gov/places/measure-definitions/health-risk-behaviors.html
housing_insecurity_places,income_poverty_hardship,material_hardship,"Adults unable to pay rent, mortgage or utilities","share of adults unable to pay their rent, mortgage or utility bills","Estimated share of adults who were not able to pay their mortgage, rent or utility bills at some point in the past 12 months.",cdc_places,"PLACES 2025 release: county, place, census tract and ZCTA estimates",measureid=HOUSINSECU; datavaluetypeid=CrdPrv; data_value; low_confidence_limit; high_confidence_limit; totalpop18plus,Adults 18 and over,percent,area_estimate,share,recompute_from_components,model_interval,nation;state;county;place;tract;zcta,2023 survey data (2025 release); latest release only,annual release,2023,Latest release only (CDC: the model cannot track local change over time),"Model-based estimates for adults from CDC's latest PLACES release; CDC advises against comparing releases to measure change. Values are not age-adjusted, so differences between areas partly reflect age. These questions were asked only in states that chose to use the survey's optional social needs module.",Areas with fewer than 50 people are suppressed; Kentucky and Pennsylvania lack the 2023 measures in the 2025 release; social needs measures only for states that used the module,parents;within_area,table;map,"Crude prevalence (CrdPrv). The 95% interval is converted to a 90% MOE (half its width x 1.645/1.96; intervals can be asymmetric). Combined areas and states are sum(prevalence x totalpop18plus)/sum(totalpop18plus), CDC's method for groups of areas, without a MOE; a state needs every county in the table (counties under 50 people are suppressed and left out). The national value is the United States row of the county table (method not documented; e.g. short sleep 36.0% versus 36.1% summed from counties). Not for program evaluation.",https://www.cdc.gov/places/measure-definitions/health-related-social-needs.html
utility_shutoff_threat_places,income_poverty_hardship,material_hardship,Adults threatened with a utility shutoff,share of adults threatened with a utility shutoff,"Estimated share of adults whose electric, gas, oil or water company threatened to shut off service in the past 12 months.",cdc_places,"PLACES 2025 release: county, place, census tract and ZCTA estimates",measureid=SHUTUTILITY; datavaluetypeid=CrdPrv; data_value; low_confidence_limit; high_confidence_limit; totalpop18plus,Adults 18 and over,percent,area_estimate,share,recompute_from_components,model_interval,nation;state;county;place;tract;zcta,2023 survey data (2025 release); latest release only,annual release,2023,Latest release only (CDC: the model cannot track local change over time),"Model-based estimates for adults from CDC's latest PLACES release; CDC advises against comparing releases to measure change. Values are not age-adjusted, so differences between areas partly reflect age. These questions were asked only in states that chose to use the survey's optional social needs module.",Areas with fewer than 50 people are suppressed; Kentucky and Pennsylvania lack the 2023 measures in the 2025 release; social needs measures only for states that used the module,parents;within_area,table;map,"Crude prevalence (CrdPrv). The 95% interval is converted to a 90% MOE (half its width x 1.645/1.96; intervals can be asymmetric). Combined areas and states are sum(prevalence x totalpop18plus)/sum(totalpop18plus), CDC's method for groups of areas, without a MOE; a state needs every county in the table (counties under 50 people are suppressed and left out). The national value is the United States row of the county table (method not documented; e.g. short sleep 36.0% versus 36.1% summed from counties). Not for program evaluation.",https://www.cdc.gov/places/measure-definitions/health-related-social-needs.html
lack_reliable_transportation_places,transportation,vehicle_availability,Adults lacking reliable transportation,share of adults lacking reliable transportation,"Estimated share of adults who report that a lack of reliable transportation kept them from medical appointments, meetings, work or things needed for daily living in the past 12 months.",cdc_places,"PLACES 2025 release: county, place, census tract and ZCTA estimates",measureid=LACKTRPT; datavaluetypeid=CrdPrv; data_value; low_confidence_limit; high_confidence_limit; totalpop18plus,Adults 18 and over,percent,area_estimate,share,recompute_from_components,model_interval,nation;state;county;place;tract;zcta,2023 survey data (2025 release); latest release only,annual release,2023,Latest release only (CDC: the model cannot track local change over time),"Model-based estimates for adults from CDC's latest PLACES release; CDC advises against comparing releases to measure change. Values are not age-adjusted, so differences between areas partly reflect age. These questions were asked only in states that chose to use the survey's optional social needs module.",Areas with fewer than 50 people are suppressed; Kentucky and Pennsylvania lack the 2023 measures in the 2025 release; social needs measures only for states that used the module,parents;within_area,table;map,"Crude prevalence (CrdPrv). The 95% interval is converted to a 90% MOE (half its width x 1.645/1.96; intervals can be asymmetric). Combined areas and states are sum(prevalence x totalpop18plus)/sum(totalpop18plus), CDC's method for groups of areas, without a MOE; a state needs every county in the table (counties under 50 people are suppressed and left out). The national value is the United States row of the county table (method not documented; e.g. short sleep 36.0% versus 36.1% summed from counties). Not for program evaluation.",https://www.cdc.gov/places/measure-definitions/health-related-social-needs.html
jobs_agriculture_share_cbp,industries_business,industry_employment,"Jobs in forestry, fishing and farm support","share of jobs located in the area that are in forestry, fishing, hunting and support activities for agriculture","Paid employees (mid-March) of establishments located in the area in forestry, fishing, hunting and support activities for agriculture (NAICS 11), as a share of all paid employees in the area.",census_cbp,"County Business Patterns, NAICS sectors",EMP for NAICS 11 / EMP for NAICS 00,Paid employees of employer establishments,percent,workplace,share,recompute_from_components,administrative_no_sampling_error,nation;state;county,2017-2023 annual (reports show the latest year),annual,2017,2017-2023 (NAICS 2017; current publication rules),"Jobs located in the area by the employer's industry, whoever holds them. Counts establishments with paid employees and their employees where they are located; excludes self-employed people, private household employees, railroad employees, crop and animal production and most government employees.",From 2007 values are published with noise; before 2017 the employment and payroll of small cells were withheld (shown as suppressed); from 2017 cells with fewer than 3 establishments are not published (suppressed).,parents,bar,"Counts establishments with paid employees and their employees where they are located; excludes self-employed people, private household employees, railroad employees, crop and animal production and most government employees. From 2007 values are published with noise; before 2017 the employment and payroll of small cells were withheld (shown as suppressed); from 2017 cells with fewer than 3 establishments are not published (suppressed). Census Data API {year}/cbp with EMPSZES=001 and (from 2008) LFO=001.",https://www.census.gov/programs-surveys/cbp/technical-documentation/methodology.html
jobs_mining_share_cbp,industries_business,industry_employment,"Jobs in mining, quarrying, oil and gas","share of jobs located in the area that are in mining, quarrying, and oil and gas extraction","Paid employees (mid-March) of establishments located in the area in mining, quarrying, and oil and gas extraction (NAICS 21), as a share of all paid employees in the area.",census_cbp,"County Business Patterns, NAICS sectors",EMP for NAICS 21 / EMP for NAICS 00,Paid employees of employer establishments,percent,workplace,share,recompute_from_components,administrative_no_sampling_error,nation;state;county,2017-2023 annual (reports show the latest year),annual,2017,2017-2023 (NAICS 2017; current publication rules),"Jobs located in the area by the employer's industry, whoever holds them. Counts establishments with paid employees and their employees where they are located; excludes self-employed people, private household employees, railroad employees, crop and animal production and most government employees.",From 2007 values are published with noise; before 2017 the employment and payroll of small cells were withheld (shown as suppressed); from 2017 cells with fewer than 3 establishments are not published (suppressed).,parents,bar,"Counts establishments with paid employees and their employees where they are located; excludes self-employed people, private household employees, railroad employees, crop and animal production and most government employees. From 2007 values are published with noise; before 2017 the employment and payroll of small cells were withheld (shown as suppressed); from 2017 cells with fewer than 3 establishments are not published (suppressed). Census Data API {year}/cbp with EMPSZES=001 and (from 2008) LFO=001.",https://www.census.gov/programs-surveys/cbp/technical-documentation/methodology.html
jobs_utilities_share_cbp,industries_business,industry_employment,Jobs in utilities,share of jobs located in the area that are in utilities,"Paid employees (mid-March) of establishments located in the area in utilities (NAICS 22), as a share of all paid employees in the area.",census_cbp,"County Business Patterns, NAICS sectors",EMP for NAICS 22 / EMP for NAICS 00,Paid employees of employer establishments,percent,workplace,share,recompute_from_components,administrative_no_sampling_error,nation;state;county,2017-2023 annual (reports show the latest year),annual,2017,2017-2023 (NAICS 2017; current publication rules),"Jobs located in the area by the employer's industry, whoever holds them. Counts establishments with paid employees and their employees where they are located; excludes self-employed people, private household employees, railroad employees, crop and animal production and most government employees.",From 2007 values are published with noise; before 2017 the employment and payroll of small cells were withheld (shown as suppressed); from 2017 cells with fewer than 3 establishments are not published (suppressed).,parents,bar,"Counts establishments with paid employees and their employees where they are located; excludes self-employed people, private household employees, railroad employees, crop and animal production and most government employees. From 2007 values are published with noise; before 2017 the employment and payroll of small cells were withheld (shown as suppressed); from 2017 cells with fewer than 3 establishments are not published (suppressed). Census Data API {year}/cbp with EMPSZES=001 and (from 2008) LFO=001.",https://www.census.gov/programs-surveys/cbp/technical-documentation/methodology.html
jobs_construction_share_cbp,industries_business,industry_employment,Jobs in construction,share of jobs located in the area that are in construction,"Paid employees (mid-March) of establishments located in the area in construction (NAICS 23), as a share of all paid employees in the area.",census_cbp,"County Business Patterns, NAICS sectors",EMP for NAICS 23 / EMP for NAICS 00,Paid employees of employer establishments,percent,workplace,share,recompute_from_components,administrative_no_sampling_error,nation;state;county,2017-2023 annual (reports show the latest year),annual,2017,2017-2023 (NAICS 2017; current publication rules),"Jobs located in the area by the employer's industry, whoever holds them. Counts establishments with paid employees and their employees where they are located; excludes self-employed people, private household employees, railroad employees, crop and animal production and most government employees.",From 2007 values are published with noise; before 2017 the employment and payroll of small cells were withheld (shown as suppressed); from 2017 cells with fewer than 3 establishments are not published (suppressed).,parents,bar,"Counts establishments with paid employees and their employees where they are located; excludes self-employed people, private household employees, railroad employees, crop and animal production and most government employees. From 2007 values are published with noise; before 2017 the employment and payroll of small cells were withheld (shown as suppressed); from 2017 cells with fewer than 3 establishments are not published (suppressed). Census Data API {year}/cbp with EMPSZES=001 and (from 2008) LFO=001.",https://www.census.gov/programs-surveys/cbp/technical-documentation/methodology.html
jobs_manufacturing_share_cbp,industries_business,industry_employment,Jobs in manufacturing,share of jobs located in the area that are in manufacturing,"Paid employees (mid-March) of establishments located in the area in manufacturing (NAICS 31-33), as a share of all paid employees in the area.",census_cbp,"County Business Patterns, NAICS sectors",EMP for NAICS 31-33 / EMP for NAICS 00,Paid employees of employer establishments,percent,workplace,share,recompute_from_components,administrative_no_sampling_error,nation;state;county,2017-2023 annual (reports show the latest year),annual,2017,2017-2023 (NAICS 2017; current publication rules),"Jobs located in the area by the employer's industry, whoever holds them. Counts establishments with paid employees and their employees where they are located; excludes self-employed people, private household employees, railroad employees, crop and animal production and most government employees.",From 2007 values are published with noise; before 2017 the employment and payroll of small cells were withheld (shown as suppressed); from 2017 cells with fewer than 3 establishments are not published (suppressed).,parents,bar,"Counts establishments with paid employees and their employees where they are located; excludes self-employed people, private household employees, railroad employees, crop and animal production and most government employees. From 2007 values are published with noise; before 2017 the employment and payroll of small cells were withheld (shown as suppressed); from 2017 cells with fewer than 3 establishments are not published (suppressed). Census Data API {year}/cbp with EMPSZES=001 and (from 2008) LFO=001.",https://www.census.gov/programs-surveys/cbp/technical-documentation/methodology.html
jobs_wholesale_share_cbp,industries_business,industry_employment,Jobs in wholesale trade,share of jobs located in the area that are in wholesale trade,"Paid employees (mid-March) of establishments located in the area in wholesale trade (NAICS 42), as a share of all paid employees in the area.",census_cbp,"County Business Patterns, NAICS sectors",EMP for NAICS 42 / EMP for NAICS 00,Paid employees of employer establishments,percent,workplace,share,recompute_from_components,administrative_no_sampling_error,nation;state;county,2017-2023 annual (reports show the latest year),annual,2017,2017-2023 (NAICS 2017; current publication rules),"Jobs located in the area by the employer's industry, whoever holds them. Counts establishments with paid employees and their employees where they are located; excludes self-employed people, private household employees, railroad employees, crop and animal production and most government employees.",From 2007 values are published with noise; before 2017 the employment and payroll of small cells were withheld (shown as suppressed); from 2017 cells with fewer than 3 establishments are not published (suppressed).,parents,bar,"Counts establishments with paid employees and their employees where they are located; excludes self-employed people, private household employees, railroad employees, crop and animal production and most government employees. From 2007 values are published with noise; before 2017 the employment and payroll of small cells were withheld (shown as suppressed); from 2017 cells with fewer than 3 establishments are not published (suppressed). Census Data API {year}/cbp with EMPSZES=001 and (from 2008) LFO=001.",https://www.census.gov/programs-surveys/cbp/technical-documentation/methodology.html
jobs_retail_share_cbp,industries_business,industry_employment,Jobs in retail trade,share of jobs located in the area that are in retail trade,"Paid employees (mid-March) of establishments located in the area in retail trade (NAICS 44-45), as a share of all paid employees in the area.",census_cbp,"County Business Patterns, NAICS sectors",EMP for NAICS 44-45 / EMP for NAICS 00,Paid employees of employer establishments,percent,workplace,share,recompute_from_components,administrative_no_sampling_error,nation;state;county,2017-2023 annual (reports show the latest year),annual,2017,2017-2023 (NAICS 2017; current publication rules),"Jobs located in the area by the employer's industry, whoever holds them. Counts establishments with paid employees and their employees where they are located; excludes self-employed people, private household employees, railroad employees, crop and animal production and most government employees.",From 2007 values are published with noise; before 2017 the employment and payroll of small cells were withheld (shown as suppressed); from 2017 cells with fewer than 3 establishments are not published (suppressed).,parents,bar,"Counts establishments with paid employees and their employees where they are located; excludes self-employed people, private household employees, railroad employees, crop and animal production and most government employees. From 2007 values are published with noise; before 2017 the employment and payroll of small cells were withheld (shown as suppressed); from 2017 cells with fewer than 3 establishments are not published (suppressed). Census Data API {year}/cbp with EMPSZES=001 and (from 2008) LFO=001.",https://www.census.gov/programs-surveys/cbp/technical-documentation/methodology.html
jobs_transportation_share_cbp,industries_business,industry_employment,Jobs in transportation and warehousing,share of jobs located in the area that are in transportation and warehousing,"Paid employees (mid-March) of establishments located in the area in transportation and warehousing (NAICS 48-49), as a share of all paid employees in the area.",census_cbp,"County Business Patterns, NAICS sectors",EMP for NAICS 48-49 / EMP for NAICS 00,Paid employees of employer establishments,percent,workplace,share,recompute_from_components,administrative_no_sampling_error,nation;state;county,2017-2023 annual (reports show the latest year),annual,2017,2017-2023 (NAICS 2017; current publication rules),"Jobs located in the area by the employer's industry, whoever holds them. Counts establishments with paid employees and their employees where they are located; excludes self-employed people, private household employees, railroad employees, crop and animal production and most government employees.",From 2007 values are published with noise; before 2017 the employment and payroll of small cells were withheld (shown as suppressed); from 2017 cells with fewer than 3 establishments are not published (suppressed).,parents,bar,"Counts establishments with paid employees and their employees where they are located; excludes self-employed people, private household employees, railroad employees, crop and animal production and most government employees. From 2007 values are published with noise; before 2017 the employment and payroll of small cells were withheld (shown as suppressed); from 2017 cells with fewer than 3 establishments are not published (suppressed). Census Data API {year}/cbp with EMPSZES=001 and (from 2008) LFO=001.",https://www.census.gov/programs-surveys/cbp/technical-documentation/methodology.html
jobs_information_share_cbp,industries_business,industry_employment,Jobs in information,share of jobs located in the area that are in information,"Paid employees (mid-March) of establishments located in the area in information (NAICS 51), as a share of all paid employees in the area.",census_cbp,"County Business Patterns, NAICS sectors",EMP for NAICS 51 / EMP for NAICS 00,Paid employees of employer establishments,percent,workplace,share,recompute_from_components,administrative_no_sampling_error,nation;state;county,2017-2023 annual (reports show the latest year),annual,2017,2017-2023 (NAICS 2017; current publication rules),"Jobs located in the area by the employer's industry, whoever holds them. Counts establishments with paid employees and their employees where they are located; excludes self-employed people, private household employees, railroad employees, crop and animal production and most government employees.",From 2007 values are published with noise; before 2017 the employment and payroll of small cells were withheld (shown as suppressed); from 2017 cells with fewer than 3 establishments are not published (suppressed).,parents,bar,"Counts establishments with paid employees and their employees where they are located; excludes self-employed people, private household employees, railroad employees, crop and animal production and most government employees. From 2007 values are published with noise; before 2017 the employment and payroll of small cells were withheld (shown as suppressed); from 2017 cells with fewer than 3 establishments are not published (suppressed). Census Data API {year}/cbp with EMPSZES=001 and (from 2008) LFO=001.",https://www.census.gov/programs-surveys/cbp/technical-documentation/methodology.html
jobs_finance_share_cbp,industries_business,industry_employment,Jobs in finance and insurance,share of jobs located in the area that are in finance and insurance,"Paid employees (mid-March) of establishments located in the area in finance and insurance (NAICS 52), as a share of all paid employees in the area.",census_cbp,"County Business Patterns, NAICS sectors",EMP for NAICS 52 / EMP for NAICS 00,Paid employees of employer establishments,percent,workplace,share,recompute_from_components,administrative_no_sampling_error,nation;state;county,2017-2023 annual (reports show the latest year),annual,2017,2017-2023 (NAICS 2017; current publication rules),"Jobs located in the area by the employer's industry, whoever holds them. Counts establishments with paid employees and their employees where they are located; excludes self-employed people, private household employees, railroad employees, crop and animal production and most government employees.",From 2007 values are published with noise; before 2017 the employment and payroll of small cells were withheld (shown as suppressed); from 2017 cells with fewer than 3 establishments are not published (suppressed).,parents,bar,"Counts establishments with paid employees and their employees where they are located; excludes self-employed people, private household employees, railroad employees, crop and animal production and most government employees. From 2007 values are published with noise; before 2017 the employment and payroll of small cells were withheld (shown as suppressed); from 2017 cells with fewer than 3 establishments are not published (suppressed). Census Data API {year}/cbp with EMPSZES=001 and (from 2008) LFO=001.",https://www.census.gov/programs-surveys/cbp/technical-documentation/methodology.html
jobs_real_estate_share_cbp,industries_business,industry_employment,"Jobs in real estate, rental and leasing",share of jobs located in the area that are in real estate and rental and leasing,"Paid employees (mid-March) of establishments located in the area in real estate and rental and leasing (NAICS 53), as a share of all paid employees in the area.",census_cbp,"County Business Patterns, NAICS sectors",EMP for NAICS 53 / EMP for NAICS 00,Paid employees of employer establishments,percent,workplace,share,recompute_from_components,administrative_no_sampling_error,nation;state;county,2017-2023 annual (reports show the latest year),annual,2017,2017-2023 (NAICS 2017; current publication rules),"Jobs located in the area by the employer's industry, whoever holds them. Counts establishments with paid employees and their employees where they are located; excludes self-employed people, private household employees, railroad employees, crop and animal production and most government employees.",From 2007 values are published with noise; before 2017 the employment and payroll of small cells were withheld (shown as suppressed); from 2017 cells with fewer than 3 establishments are not published (suppressed).,parents,bar,"Counts establishments with paid employees and their employees where they are located; excludes self-employed people, private household employees, railroad employees, crop and animal production and most government employees. From 2007 values are published with noise; before 2017 the employment and payroll of small cells were withheld (shown as suppressed); from 2017 cells with fewer than 3 establishments are not published (suppressed). Census Data API {year}/cbp with EMPSZES=001 and (from 2008) LFO=001.",https://www.census.gov/programs-surveys/cbp/technical-documentation/methodology.html
jobs_professional_share_cbp,industries_business,industry_employment,"Jobs in professional, scientific and technical services","share of jobs located in the area that are in professional, scientific and technical services","Paid employees (mid-March) of establishments located in the area in professional, scientific and technical services (NAICS 54), as a share of all paid employees in the area.",census_cbp,"County Business Patterns, NAICS sectors",EMP for NAICS 54 / EMP for NAICS 00,Paid employees of employer establishments,percent,workplace,share,recompute_from_components,administrative_no_sampling_error,nation;state;county,2017-2023 annual (reports show the latest year),annual,2017,2017-2023 (NAICS 2017; current publication rules),"Jobs located in the area by the employer's industry, whoever holds them. Counts establishments with paid employees and their employees where they are located; excludes self-employed people, private household employees, railroad employees, crop and animal production and most government employees.",From 2007 values are published with noise; before 2017 the employment and payroll of small cells were withheld (shown as suppressed); from 2017 cells with fewer than 3 establishments are not published (suppressed).,parents,bar,"Counts establishments with paid employees and their employees where they are located; excludes self-employed people, private household employees, railroad employees, crop and animal production and most government employees. From 2007 values are published with noise; before 2017 the employment and payroll of small cells were withheld (shown as suppressed); from 2017 cells with fewer than 3 establishments are not published (suppressed). Census Data API {year}/cbp with EMPSZES=001 and (from 2008) LFO=001.",https://www.census.gov/programs-surveys/cbp/technical-documentation/methodology.html
jobs_management_share_cbp,industries_business,industry_employment,Jobs in management of companies,share of jobs located in the area that are in management of companies and enterprises,"Paid employees (mid-March) of establishments located in the area in management of companies and enterprises (NAICS 55), as a share of all paid employees in the area.",census_cbp,"County Business Patterns, NAICS sectors",EMP for NAICS 55 / EMP for NAICS 00,Paid employees of employer establishments,percent,workplace,share,recompute_from_components,administrative_no_sampling_error,nation;state;county,2017-2023 annual (reports show the latest year),annual,2017,2017-2023 (NAICS 2017; current publication rules),"Jobs located in the area by the employer's industry, whoever holds them. Counts establishments with paid employees and their employees where they are located; excludes self-employed people, private household employees, railroad employees, crop and animal production and most government employees.",From 2007 values are published with noise; before 2017 the employment and payroll of small cells were withheld (shown as suppressed); from 2017 cells with fewer than 3 establishments are not published (suppressed).,parents,bar,"Counts establishments with paid employees and their employees where they are located; excludes self-employed people, private household employees, railroad employees, crop and animal production and most government employees. From 2007 values are published with noise; before 2017 the employment and payroll of small cells were withheld (shown as suppressed); from 2017 cells with fewer than 3 establishments are not published (suppressed). Census Data API {year}/cbp with EMPSZES=001 and (from 2008) LFO=001.",https://www.census.gov/programs-surveys/cbp/technical-documentation/methodology.html
jobs_administrative_share_cbp,industries_business,industry_employment,"Jobs in administrative, support and waste services",share of jobs located in the area that are in administrative and support and waste management services,"Paid employees (mid-March) of establishments located in the area in administrative and support and waste management services (NAICS 56), as a share of all paid employees in the area.",census_cbp,"County Business Patterns, NAICS sectors",EMP for NAICS 56 / EMP for NAICS 00,Paid employees of employer establishments,percent,workplace,share,recompute_from_components,administrative_no_sampling_error,nation;state;county,2017-2023 annual (reports show the latest year),annual,2017,2017-2023 (NAICS 2017; current publication rules),"Jobs located in the area by the employer's industry, whoever holds them. Counts establishments with paid employees and their employees where they are located; excludes self-employed people, private household employees, railroad employees, crop and animal production and most government employees.",From 2007 values are published with noise; before 2017 the employment and payroll of small cells were withheld (shown as suppressed); from 2017 cells with fewer than 3 establishments are not published (suppressed).,parents,bar,"Counts establishments with paid employees and their employees where they are located; excludes self-employed people, private household employees, railroad employees, crop and animal production and most government employees. From 2007 values are published with noise; before 2017 the employment and payroll of small cells were withheld (shown as suppressed); from 2017 cells with fewer than 3 establishments are not published (suppressed). Census Data API {year}/cbp with EMPSZES=001 and (from 2008) LFO=001.",https://www.census.gov/programs-surveys/cbp/technical-documentation/methodology.html
jobs_education_share_cbp,industries_business,industry_employment,Jobs in educational services,share of jobs located in the area that are in educational services,"Paid employees (mid-March) of establishments located in the area in educational services (NAICS 61), as a share of all paid employees in the area.",census_cbp,"County Business Patterns, NAICS sectors",EMP for NAICS 61 / EMP for NAICS 00,Paid employees of employer establishments,percent,workplace,share,recompute_from_components,administrative_no_sampling_error,nation;state;county,2017-2023 annual (reports show the latest year),annual,2017,2017-2023 (NAICS 2017; current publication rules),"Jobs located in the area by the employer's industry, whoever holds them. Counts establishments with paid employees and their employees where they are located; excludes self-employed people, private household employees, railroad employees, crop and animal production and most government employees.",From 2007 values are published with noise; before 2017 the employment and payroll of small cells were withheld (shown as suppressed); from 2017 cells with fewer than 3 establishments are not published (suppressed).,parents,bar,"Counts establishments with paid employees and their employees where they are located; excludes self-employed people, private household employees, railroad employees, crop and animal production and most government employees. From 2007 values are published with noise; before 2017 the employment and payroll of small cells were withheld (shown as suppressed); from 2017 cells with fewer than 3 establishments are not published (suppressed). Census Data API {year}/cbp with EMPSZES=001 and (from 2008) LFO=001.",https://www.census.gov/programs-surveys/cbp/technical-documentation/methodology.html
jobs_health_share_cbp,industries_business,industry_employment,Jobs in health care and social assistance,share of jobs located in the area that are in health care and social assistance,"Paid employees (mid-March) of establishments located in the area in health care and social assistance (NAICS 62), as a share of all paid employees in the area.",census_cbp,"County Business Patterns, NAICS sectors",EMP for NAICS 62 / EMP for NAICS 00,Paid employees of employer establishments,percent,workplace,share,recompute_from_components,administrative_no_sampling_error,nation;state;county,2017-2023 annual (reports show the latest year),annual,2017,2017-2023 (NAICS 2017; current publication rules),"Jobs located in the area by the employer's industry, whoever holds them. Counts establishments with paid employees and their employees where they are located; excludes self-employed people, private household employees, railroad employees, crop and animal production and most government employees.",From 2007 values are published with noise; before 2017 the employment and payroll of small cells were withheld (shown as suppressed); from 2017 cells with fewer than 3 establishments are not published (suppressed).,parents,bar,"Counts establishments with paid employees and their employees where they are located; excludes self-employed people, private household employees, railroad employees, crop and animal production and most government employees. From 2007 values are published with noise; before 2017 the employment and payroll of small cells were withheld (shown as suppressed); from 2017 cells with fewer than 3 establishments are not published (suppressed). Census Data API {year}/cbp with EMPSZES=001 and (from 2008) LFO=001.",https://www.census.gov/programs-surveys/cbp/technical-documentation/methodology.html
jobs_arts_share_cbp,industries_business,industry_employment,"Jobs in arts, entertainment and recreation","share of jobs located in the area that are in arts, entertainment and recreation","Paid employees (mid-March) of establishments located in the area in arts, entertainment and recreation (NAICS 71), as a share of all paid employees in the area.",census_cbp,"County Business Patterns, NAICS sectors",EMP for NAICS 71 / EMP for NAICS 00,Paid employees of employer establishments,percent,workplace,share,recompute_from_components,administrative_no_sampling_error,nation;state;county,2017-2023 annual (reports show the latest year),annual,2017,2017-2023 (NAICS 2017; current publication rules),"Jobs located in the area by the employer's industry, whoever holds them. Counts establishments with paid employees and their employees where they are located; excludes self-employed people, private household employees, railroad employees, crop and animal production and most government employees.",From 2007 values are published with noise; before 2017 the employment and payroll of small cells were withheld (shown as suppressed); from 2017 cells with fewer than 3 establishments are not published (suppressed).,parents,bar,"Counts establishments with paid employees and their employees where they are located; excludes self-employed people, private household employees, railroad employees, crop and animal production and most government employees. From 2007 values are published with noise; before 2017 the employment and payroll of small cells were withheld (shown as suppressed); from 2017 cells with fewer than 3 establishments are not published (suppressed). Census Data API {year}/cbp with EMPSZES=001 and (from 2008) LFO=001.",https://www.census.gov/programs-surveys/cbp/technical-documentation/methodology.html
jobs_food_share_cbp,industries_business,industry_employment,Jobs in accommodation and food services,share of jobs located in the area that are in accommodation and food services,"Paid employees (mid-March) of establishments located in the area in accommodation and food services (NAICS 72), as a share of all paid employees in the area.",census_cbp,"County Business Patterns, NAICS sectors",EMP for NAICS 72 / EMP for NAICS 00,Paid employees of employer establishments,percent,workplace,share,recompute_from_components,administrative_no_sampling_error,nation;state;county,2017-2023 annual (reports show the latest year),annual,2017,2017-2023 (NAICS 2017; current publication rules),"Jobs located in the area by the employer's industry, whoever holds them. Counts establishments with paid employees and their employees where they are located; excludes self-employed people, private household employees, railroad employees, crop and animal production and most government employees.",From 2007 values are published with noise; before 2017 the employment and payroll of small cells were withheld (shown as suppressed); from 2017 cells with fewer than 3 establishments are not published (suppressed).,parents,bar,"Counts establishments with paid employees and their employees where they are located; excludes self-employed people, private household employees, railroad employees, crop and animal production and most government employees. From 2007 values are published with noise; before 2017 the employment and payroll of small cells were withheld (shown as suppressed); from 2017 cells with fewer than 3 establishments are not published (suppressed). Census Data API {year}/cbp with EMPSZES=001 and (from 2008) LFO=001.",https://www.census.gov/programs-surveys/cbp/technical-documentation/methodology.html
jobs_other_services_share_cbp,industries_business,industry_employment,Jobs in other services,share of jobs located in the area that are in other services (except public administration),"Paid employees (mid-March) of establishments located in the area in other services (except public administration) (NAICS 81), as a share of all paid employees in the area.",census_cbp,"County Business Patterns, NAICS sectors",EMP for NAICS 81 / EMP for NAICS 00,Paid employees of employer establishments,percent,workplace,share,recompute_from_components,administrative_no_sampling_error,nation;state;county,2017-2023 annual (reports show the latest year),annual,2017,2017-2023 (NAICS 2017; current publication rules),"Jobs located in the area by the employer's industry, whoever holds them. Counts establishments with paid employees and their employees where they are located; excludes self-employed people, private household employees, railroad employees, crop and animal production and most government employees.",From 2007 values are published with noise; before 2017 the employment and payroll of small cells were withheld (shown as suppressed); from 2017 cells with fewer than 3 establishments are not published (suppressed).,parents,bar,"Counts establishments with paid employees and their employees where they are located; excludes self-employed people, private household employees, railroad employees, crop and animal production and most government employees. From 2007 values are published with noise; before 2017 the employment and payroll of small cells were withheld (shown as suppressed); from 2017 cells with fewer than 3 establishments are not published (suppressed). Census Data API {year}/cbp with EMPSZES=001 and (from 2008) LFO=001.",https://www.census.gov/programs-surveys/cbp/technical-documentation/methodology.html
