source_id,name,agency,subjects,description,doc_url,access_url,access_method,access_requirements,license,geo_levels,time_coverage,update_cadence,history_notes,suppression_rules,limitations,doc_status,doc_checked,doc_evidence,sample_status,sample_checked,sample_evidence
census_acs5,American Community Survey 5-year estimates (detailed tables),U.S. Census Bureau,demographics;households_families;children_early_childhood;childcare;education;employment_labor;industries_business;income_poverty_hardship;housing;health;food_access;transportation;broadband,"Survey-based period estimates with 90% margins of error for all geographies down to block groups, released annually.",https://www.census.gov/data/developers/data-sets/acs-5year.html,https://api.census.gov/data/{release}/acs/acs5,api_key,Free Census API key required for every request (verified 2026-09-28: keyless requests are redirected to missing_key.html),Public domain (U.S. federal government work),nation;region;division;state;county;cousub;place;place_part;tract;bg;zcta;cbsa;sd;cd,2005-2009 through 2020-2024 releases (API 2009-2024),Annual (5-year release each December/January),"Multiyear tabulations use final-year boundaries; dollars adjusted to the final year with national CPI-U; 2020 data collection disruption increased MOEs in releases containing 2020; tables added/changed over time (e.g. B23025, B15003 from 2010-2014/2008-2012; B28002 from 2013-2017).",Estimates with too few sample cases are published as special values (-666666666 etc.) and treated as insufficient_sample.,Period estimates; not for single-year change. Small-area MOEs can be large.,verified,2026-09-28,ACS Accuracy of the Data (2020-2024) and API dataset list fetched; 5-year datasets listed for 2009-2024 in api.census.gov/data.json,retrieved,2026-09-28,"API returned 32,330 places for 2024 B01003; Austin city place-by-county parts (4 counties) and Gary city 2020-2024 population 68,113"
census_dec,Decennial Census (2000 SF1; 2010 SF1; 2020 DHC and PL 94-171),U.S. Census Bureau,demographics;housing,"Complete counts of population and housing on April 1 of each census year, for boundaries in effect at that census.",https://www.census.gov/data/developers/data-sets/decennial-census.html,https://api.census.gov/data/{year}/dec/{sf1|dhc|pl},api_key,Free Census API key required,Public domain (U.S. federal government work),nation;region;division;state;county;cousub;place;tract;bg;zcta,"2000, 2010, 2020 via API; earlier censuses via historical publications",Every 10 years,Boundaries change between censuses; 2020 uses differential privacy (noise at small geographies); 2020 race/ethnicity question and coding changes limit comparisons with 2010.,No suppression of totals; 2020 disclosure avoidance adds noise.,Point-in-time counts; 2020 small-area characteristics carry noise.,verified,2026-09-28,API dataset list includes dec/sf1 (2000 2010) and dec/dhc dec/pl (2020),retrieved,2026-09-28,"Gary city population 102,746 (2000 SF1), 80,294 (2010 SF1), 69,093 (2020 PL)"
census_geo,"Cartographic boundary files, relationship files and delineation files",U.S. Census Bureau,demographics,"Generalized boundaries (1:500,000) for maps; 2020 ZCTA relationship files (land area of intersections); OMB metropolitan delineation file (July 2023) used for CBSA membership.",https://www.census.gov/geographies/mapping-files/time-series/geo/cartographic-boundary.html,https://www2.census.gov/geo/tiger/GENZ{year}/shp/,bulk_download,None (keyless),Public domain (U.S. federal government work),state;county;place;tract;bg;cousub;cbsa;zcta;sd,Annual (boundary files); decennial (relationship files),Annual,Tract and block group boundaries change with each decennial census (2020 redraw); place boundaries change with annexations.,None,Generalized boundaries are for display; area shares from them are approximate.,verified,2026-09-28,"HTTP 200 for cb_2024_us_county_500k.zip (11.6 MB), cb_2024_18_tract_500k.zip and other 2024 files; 2024 ZCTA file absent (only 2020)",retrieved,2026-09-28,"Downloaded 2024 county, place and tract boundary files; 2020 ZCTA-county relationship file"
history_events,Curated historical context (content/history_events.csv),geo-report-gen content,demographics;employment_labor;industries_business;housing;income_poverty_hardship,"Cited, reusable historical events and definitional/boundary changes; each row records the source, access date, a short supporting quote and the kind of evidence.",content/history_events.csv,content/history_events.csv,manual_download,None,Statements are original summaries; sources remain under their publishers' terms,nation;state;county;place,Varies by event,Edited as content,Evidence type distinguishes documented explanations from coincident events and definitional or boundary changes.,None,Coverage limited to researched areas (Gary IN; Austin TX area; Kansas City area; Connecticut; national events).,verified,2026-09-28,"40 events; 39 support quotes verified verbatim against fetched pages by script, 1 from a scanned PDF by eye",retrieved,2026-09-28,Research log in catalog/_incoming/history_notes.md
dol_ndcp,National Database of Childcare Prices (NDCP) county-level file 2008-2022,U.S. Department of Labor Women's Bureau,childcare;children_early_childhood;employment_labor,"County-level median and 75th-percentile full-time weekly childcare prices by provider type (center-based vs family child care home) and child age (11 six-month bands plus infant, toddler, preschool and school-age aggregates), compiled by ICF from state market rate surveys with imputations; bundled with ACS labor, income and demographic covariates.",https://www.dol.gov/sites/dolgov/files/WB/National-Database-of-Childcare-Prices-Technical-Report.pdf,https://www.dol.gov/sites/dolgov/files/WB/NDCP2022.xlsx,bulk_download,"None for the xlsx (91.7 MB, one sheet). DOL API https://apiprod.dol.gov/v4/get/WB/ndcp/json (dataset id 10278) requires a free DOL API key (HTTP 401 without key).","U.S. federal government work (public domain per DOL copyright notice), no dataset-specific license stated",county;state,"2008-2022 annual study years (48,308 county-year rows, 3,220-3,221 counties per year, 50 states + DC + PR)","Irregular: original 2008-2018 database created 2019, Nov 2024 update added 2019-2022 (DOL API frequency Ad-Hoc)",2024 update added 2019-2022 and Puerto Rico and added between-study-year imputations to 2008-2018 (Appendix I). 2008 ACS covariates from 3-year ACS (counties 20k+). Superseded 2008-2018 file: /sites/dolgov/files/WB/media/nationaldatabaseofchildcareprices.xlsx (35 MB).,"Survey reports with fewer than 10 providers masked or counties clustered. Price imputations flagged by 5-digit text flags i* (digits: other age group, weekly conversion, statewide-to-county model, 50th/75th percentile, between-study-year); *_flag 1/2/3 shows how aggregate age groups were derived.","No price data for Indiana or New Mexico in any year; Missouri only 2015-2020; Colorado only 2014, 2015, 2022. Prices come from market rate surveys of regulated providers, often rate-zone values repeated across counties, and are heavily imputed; not family out-of-pocket spending. COUNTY_FIPS_CODE is numeric (pad to 5 digits).",verified,2026-09-28,Read Sept 2024 technical report PDF (2.28 MB): Appendix C defines MC*/MFCC* as median full-time weekly prices and _75* as 75th percentile; imputation methods pp.6-21.,retrieved,2026-09-28,"Downloaded NDCP2022.xlsx (91,691,849 bytes): 48,308 rows x 370 cols. Travis Co TX (48453) 2022 MCINFANT = 229 dollars/week. Saved 90-row extract ndcp_sample.csv."
dol_wb_ndcp_state,NDCP 2022 State-Level Estimates and Rankings,U.S. Department of Labor Women's Bureau,childcare,"State x year x care type (Center, Family) median weekly prices for infant, toddler, preschool and school-age care; percent of children living in counties in each national price quintile and affordability quintile (price as % of median family income); estimated child populations; percent of children in counties with valid prices.",https://www.dol.gov/sites/dolgov/files/WB/National-Database-of-Childcare-Prices-Technical-Report.pdf,https://www.dol.gov/sites/dolgov/files/WB/NDCP2022-state-level-estimates-and-rankings.xlsx,bulk_download,None (417 KB xlsx; single sheet named 'State Child Care Affordability ' with a trailing space),"U.S. federal government work (public domain per DOL copyright notice), no dataset-specific license stated",state,"2008-2022 annual (1,560 rows = 52 states/DC/PR x 15 years x 2 care types)",Irregular (issued Nov 2024 with the county update),"New component in the 2024 update, derived from county NDCP. Child populations by care age group imputed from national age proportions applied to ACS county age groups.","Rows exist but values are blank where no county prices exist (e.g., Indiana, New Mexico). PCT_VALID_* gives the share of children in counties with price estimates.",DOL cautions that state medians mask large within-state variation and limit state rankings. Affordability uses median family income. data.gov lists a technical report URL (NDCP2022-Technical-Report-508.pdf) that returns HTTP 404.,verified,2026-09-28,"Appendix E of the Sept 2024 technical report defines PRICE_Q*, AFFORDABILITY_Q* (price as % of median family income) and MEDIAN_*_PRICE for the state file.",retrieved,2026-09-28,"Downloaded xlsx (417,404 bytes): 1,560 rows x 55 cols. Texas 2022 Center MEDIAN_INFANT_PRICE = 185; Indiana and New Mexico rows blank."
tx_hhsc,HHSC CCL Daycare and Residential Operations Data,Texas Health and Human Services Commission (Child Care Regulation),childcare,"Operation-level records for currently regulated Texas child care operations: operation type (Licensed Center, Licensed Child-Care Home, Registered Child-Care Home, Listed Family Home, General Residential Operation, Child Placing Agency), total capacity, licensed-to-serve ages, address, city, ZIP, county, issuance type and date, subsidy acceptance, status flags, inspection and deficiency counts.",https://data.texas.gov/See-Category-Tile/HHSC-CCL-Daycare-and-Residential-Operations-Data/bc5r-88dy,https://data.texas.gov/resource/bc5r-88dy.json,api_open,"None. Socrata SODA/SoQL API ($select, $where, $group, $limit); CSV export at https://data.texas.gov/api/views/bc5r-88dy/rows.csv?accessType=DOWNLOAD (HTTP 200).",Creative Commons CC0 1.0 Universal (Public Domain Dedication) per dataset metadata,facility;point;county;zcta;place,"Current snapshot only (14,976 operations on 2026-09-28; issuance dates 1983-2026)","Frequent (rows last updated 2026-09-28, appears daily)","Dataset created 2015-09-19 (DFPS-era ReadMe xb9g-mnmg); no historical snapshots on the portal. OPERATION_ID links to CCL inspection, non-compliance and standards datasets (m5q4-3y3d, tqgd-mf4x, ywgb-2ig8).",None documented. Closed operations are largely absent (49 rows with operation_status N).,"County is a name, not FIPS; only 612 rows have lat/long in location_address_geo; Listed Family Homes all carry capacity 3 (placeholder); capacity includes school-age slots; the 'Counties' computed region is a Socrata id, not FIPS.",verified,2026-09-28,"Fetched landing page and /api/views/bc5r-88dy.json: 45 documented columns (TOTAL_CAPACITY, LICENSED_TO_SERVE_AGES, OPERATION_TYPE), license CC0 1.0, attribution HHSC.",retrieved,2026-09-28,"SoQL: 9,595 Licensed Centers (capacity 1,131,571), 1,584 Licensed Child-Care Homes (18,828), 1,758 Registered Homes (20,194), 1,375 Listed Family Homes; 6 sample rows read."
tx_twc_ccs_data_reports,TWC Monthly Child Care Services Data Reports (facilities; children and families served),Texas Workforce Commission,childcare,"Quarterly Socrata datasets of monthly CCDF subsidy (Child Care Services) data: facility list with type of care, Texas Rising Star rating and monthly amount paid; county and ZIP counts of children and families served by age group, race/ethnicity, sex and disability.",https://data.texas.gov/dataset/Monthly-Child-Care-Services-Data-Report-Children-S/8ppv-vbjt,https://data.texas.gov/resource/8ppv-vbjt.json,api_open,"None. One Socrata dataset id per quarter and table (e.g., bsvz-ncuc facilities 2024 Q2, 7fsw-4u57 children by county 2024 Q1).",None stated in metadata,county;zcta;facility,Quarterly files titled 2021 Q1 through 2024 Q2 found (monthly rows),Static per file (metadata: Not updated/Historical); no files after 2024 Q2 found,"The file titled 2024 Q2 contains Jul-Sep 2024 reporting dates, so quarter labels may not be calendar quarters.",County and ZIP counts below 5 masked with an asterisk,Covers only children in CCDF-funded care; masked cells make totals incomplete; counts stored as text; one resource per quarter complicates time series.,verified,2026-09-28,"Fetched landing page and view metadata: CCDF description, 15 columns (FIPS, ReportingDate, age-group counts), counts under 5 masked.",retrieved,2026-09-28,"Queried 3 rows of 8ppv-vbjt: FIPS 48129, 2024-07-01, childageinfanttoddler 5, childageprek 6; facilities file bsvz-ncuc has 21,321 rows."
in_fssa_provider_listings,Indiana Child Care Provider Listings,Indiana Family and Social Services Administration (FSSA) Office of Early Childhood and Out-of-School Learning,childcare,"Web page with three HTML tables (licensed child care centers, licensed child care homes, unlicensed registered child care ministries): facility number, name, contact/address, county, provider type, Paths to QUALITY level, CCDF approval, On My Way Pre-K approval, capacity, age range served with per-age capacities, hours.",https://www.in.gov/fssa/carefinder/family-resources/forms/child-care-provider-listings,https://www.in.gov/fssa/carefinder/family-resources/forms/child-care-provider-listings,manual_download,None. Data embedded as HTML tables in a ~3.1 MB page (no CSV or XLSX link found); requires HTML parsing.,None stated (Indiana state government web content),facility;county,Current snapshot (page note: Updated August 2026),Periodic (page last updated August 2026),No archive of prior listings found. Indiana Data Hub dataset child-care-resource-and-referral now returns HTTP 403 (not public).,Addresses of licensed child care homes omitted per IC 12-17.2-2-1(9) (phone only).,"Registered ministries have no capacity; homes cannot be located below county; county names, not FIPS; age-range text needs parsing; HTML layout may change without notice.",verified,2026-09-28,"Fetched page (HTTP 200, 3.1 MB): three tables with 11 columns incl. Capacity and Age Range Served; statute note that home addresses are excluded.",retrieved,2026-09-28,"Parsed tables: 770 licensed centers (capacity 86,053), 1,813 licensed homes (23,754), 732 registered ministries (no capacity); 92 counties."
ny_ocfs_regulated_programs,Child Care Regulated Programs (NYS OCFS),New York State Office of Children and Family Services (Division of Child Care Services),childcare,"Program-level records for OCFS-regulated child care (Day Care Center, Small Day Care Center, Group Family Day Care, Family Day Care, School-Age Child Care): status, license dates, address, county, ZIP, school district name, lat/long, capacity by age group (infant, toddler, preschool, school-age) and total, link to violation history.",https://data.ny.gov/Human-Services/Child-Care-Regulated-Programs/cb42-qumz,https://data.ny.gov/resource/cb42-qumz.json,api_open,None (Socrata SODA API; related API view fymg-3wv3 and map s8uq-s4wq),No license in metadata (data.ny.gov terms of use apply),facility;point;county;zcta;sd,"Current programs (16,711 records on 2026-09-28); violation history for the prior 2 years",Daily (metadata Posting Frequency),Dataset created 2013-02-25; no historical capacity snapshots.,Addresses and coordinates omitted for providers who opted out under Chapter 354 of the Laws of 2009 (675 rows address_omitted = Y); unlisted phones omitted.,"Excludes New York City day care centers (regulated by NYC DOHMH; NYC Open Data dsg6-ifza is historical, data as of 5/14/2019). Age-specific capacity fields apply to DCC/SACC; FDC/GFDC use capacity_description.",verified,2026-09-28,"Fetched landing page and view metadata: 36 columns, Posting Frequency Daily, disclaimer that NYC day care center programs are not included.",retrieved,2026-09-28,"SoQL: 16,711 records; DCC status License 2,013 programs (capacity 179,112); GFDC License 9,642 (149,258); 15,992 rows with latitude."
ca_cdss_ccld_facilities,Community Care Licensing Facilities: Child Care Centers and Family Child Care Homes (CDSS CCLD),"California Department of Social Services, Community Care Licensing Division",childcare,"Facility-level CSVs incl. Child Care Centers (day care, infant, school-age, single licensed centers) and Family Child Care Homes with capacity, status (licensed, pending, on probation, inactive, closed), license first date, closed date, address, city, ZIP, county; plus an ArcGIS FeatureServer layer of facilities with lat/long (centers, not family homes).",https://data.chhs.ca.gov/dataset/ccl-facilities,https://data.chhs.ca.gov/dataset/46ffcbdf-4874-4cc1-92c2-fb715e3ad014/resource/7aed8063-cea7-4367-8651-c81643164ae0/download/tmpwya01y9s.csv,bulk_download,None. Family Child Care Homes CSV: .../resource/4b5cc48d-03b1-4f42-a7d1-b9816903eb2b/download/tmpghf_prqt.csv; points: https://services.arcgis.com/XLPEppdz2H9dOiqp/arcgis/rest/services/CDSS_CCL_Facilities/FeatureServer/0,CC BY per data.ca.gov listing (CHHS package metadata shows none),facility;point;county;zcta,CSV snapshot file_date 05252025 incl. closed facilities with closed dates; ArcGIS layer last edited 2026-09-28,CSVs irregular (resources modified 2025-05-27); ArcGIS layer updated frequently,CSV download filenames are temporary (tmp*.csv) and may change on refresh; CLOSED rows allow partial reconstruction of recent closures.,Family child care home street addresses shown as Unavailable; homes absent from the ArcGIS point layer.,"ArcGIS STATUS is numeric with no documented code list in the layer; some ArcGIS lat/long are 0.0; family home capacity is the licensed maximum (mostly 14), not enrollment.",verified,2026-09-28,"Fetched CHHS dataset page and package_show API (Child Care Centers and Family Child Care Homes CSV resources); FeatureServer layer JSON lists CAPACITY, FAC_TYPE_DESC, STATUS.",retrieved,2026-09-28,"Downloaded centers CSV (4.0 MB, 19,426 rows; 9,401 licensed day care centers) and family homes CSV (3.7 MB, 19,758 rows; 13,986 licensed)."
co_cdec_licensed_facilities,Colorado Licensed Child Care Facilities Report (and Time Series 2017-2019),Colorado Department of Early Childhood (CDEC),childcare,"Monthly list of non-24-hour licensed child care facilities: license number, service type (centers, preschools, family child care homes, school-age centers, camps), address, city, ZIP, county, school district, Early Childhood Council, Colorado Shines rating, total and age-specific licensed capacities, CCCAP subsidy status.",https://data.colorado.gov/Early-childhood/Colorado-Licensed-Child-Care-Facilities-Report/a9rr-k8mu,https://data.colorado.gov/resource/a9rr-k8mu.json,api_open,None. Time series: https://data.colorado.gov/resource/4r7n-43gt.json,Open Data Commons PDDL (per metadata),facility;county;zcta;sd,"Current monthly snapshot; time series 4r7n-43gt monthly 2017-07-31 to 2019-05-31 (179,154 rows)",Monthly (manual upload),Time series stopped in 2019 and cites the former CDHS Office of Early Childhood; current file published by CDEC.,None documented,"Current file lacks lat/long columns; age-capacity categories overlap (toddler 12-36 months, preschool 2.5-7 years) so do not sum them; school district is self-reported.",verified,2026-09-28,"Fetched landing page and view metadata: description, 27 columns incl. TOTAL LICENSED CAPACITY, update schedule Monthly, license PDDL.",retrieved,2026-09-28,"SoQL: 1,648 Child Care Centers (capacity 135,546), 431 Family Child Care Homes (2,597), 511 Large FCCH (6,054); time series 179,154 rows."
wa_dcyf_licensed_providers,DCYF Licensed Childcare Center and School Age Program Providers,"Washington State Department of Children, Youth, and Families (DCYF)",childcare,"Active child care center, school-age and outdoor nature-based program licenses at extract time: provider ids, facility type, license/certificate type, operating status, license capacity, starting and ending ages, physical address, county, lat/long, Early Achievers participation and rating.",https://data.wa.gov/education/DCYF-Licensed-Childcare-Center-and-School-Age-Prog/was8-3ni8,https://data.wa.gov/resource/was8-3ni8.json,api_open,None,None stated in metadata,facility;point;county;zcta,Current as of published date,Monthly (metadata Posting Frequency),Dataset created 2024-01-11; no historical snapshots.,None documented,Family home child care providers are not included (0 Home rows); dates stored as text; latitude field is spelled physciallatitude.,verified,2026-09-28,"Fetched landing page and view metadata: 34 columns incl. LicenseCapacity, StartingAge, EndingAge; period Current as of published date; monthly posting.",retrieved,2026-09-28,"SoQL: 2,451 active licensed child care centers (capacity 158,014); 610 licensed school-age programs (36,009); no family home rows."
wa_dcyf_need_supply,Childcare Need & Supply (Washington DCYF),"Washington State Department of Children, Youth, and Families (DCYF)",childcare;children_early_childhood,"Long-format estimates of child population, children served by state programs (WCCC subsidy, ECEAP), private pay estimate, total ECE estimate, unserved estimate and uptake rate by age group and income as % of state median income, for state, county, legislative district, school district and ZCTA.",https://data.wa.gov/education/Childcare-Need-Supply/hiqz-y2vv,https://data.wa.gov/resource/hiqz-y2vv.json,api_open,None,None stated in metadata,state;county;sd;zcta;other:legislative_district,"State rows 2022-01-31 to 2026-03-31; county, school district, ZCTA and legislative district rows dated 2026-03-31",Quarterly (metadata Posting Frequency),Revised from wide to long format (metric_type column); combines four DCYF dashboard datasets.,Program-served values 1-9 suppressed; populations under 50 removed,Modeled need based on ACS population; WCCC eligibility defined as at or below 60% SMI with all caretakers working; geography_type values are lowercase; Washington only.,verified,2026-09-28,"Fetched page and metadata: notes on ACS population estimates, SMI eligibility, masking of 1-9, geography types incl. ZCTA and school district.",retrieved,2026-09-28,"SoQL group-by: 6 metric types for county rows (1,000 rows each) dated 2026-03-31; state series from 2022-01-31."
mo_dese_provider_listing,License and License-Exempt Child Care Provider Listing (Missouri),"Missouri Department of Elementary and Secondary Education, Office of Childhood",childcare,"Excel listing of active licensed child care centers, family homes, group homes and license-exempt programs: county, facility type, regulatory status, name, address, city, ZIP, phone, effective and expiration dates, hours, days and months of operation, minimum and maximum age, total capacity, owner.",https://dese.mo.gov/childhood/child-care/find-care,https://dese.mo.gov/sites/g/files/zuston521/files/media/file/2026/09/License%20and%20License-Exempt%20Child%20Care%20Provider%20Listing%2009.01.2026.xlsx,manual_download,None. File URL changes with each release; linked from the find-care page via media page license-and-license-exempt-child-care-provider-listing-MMDDYYYY.,None stated,facility;county;zcta,"Snapshot as of 2026-09-01 (sheet Actives-Webstie, 2,619 rows x 29 columns)",Periodic dated releases (current file dated 09.01.2026),Only the current file is linked; archive of prior listings not found.,None documented,"Active providers only; county names, not FIPS; no lat/long; license-exempt programs (391) report capacity (28,417) but are not state-licensed.",verified,2026-09-28,Fetched find-care page (HTTP 200) linking License and License-Exempt Child Care Provider Listing 9.01.26; media page resolves to the xlsx.,retrieved,2026-09-28,"Downloaded xlsx (568,805 bytes): 2,619 active rows; 1,660 centers (capacity 126,845), 461 family homes (4,558), 107 group homes (2,077); 114 county values."
ks_kdhe_ccl_search,Kansas Child Care Licensing Online Facility Compliance Search,Kansas Department of Health and Environment (KDHE) Child Care Licensing,childcare,"Public web search of licensed Kansas child care facilities by license number, owner, facility name, program type (9 options), county, city or ZIP, returning facility and compliance information; no bulk file located.",https://khap.kdhe.ks.gov/OIDS/,https://khap.kdhe.ks.gov/OIDS/,restricted,Search needs a license number or at least 2 criteria; no bulk download found; KDHE Data-History and Data-Request pages returned HTTP 404.,None stated,facility;county,Current,,KDHE Child Care Licensing page points to the Kansas Office of Early Childhood licensing page (koec.ks.gov returned HTTP 403 to automated requests).,,No open facility-level capacity file found for Kansas; capacity not confirmed in search output. For Kansas use NDCP prices and CBP/NES establishment counts.,verified,2026-09-28,"Fetched OIDS page: search by license number, facility name, program type, county, city, ZIP; tips require 2+ criteria; no export option shown.",not_attempted,2026-09-28,No bulk endpoint; interactive search only. KDHE Data-History and Data-Request pages returned HTTP 404.
census_cbp,"County Business Patterns (CBP): establishments, employment and payroll by NAICS industry",U.S. Census Bureau,childcare;industries_business,"Annual establishments with paid employees, mid-March employment, first-quarter and annual payroll and establishment-size counts by industry and geography; used here for all industries, NAICS sectors and child day care (NAICS 624410; SIC industry group 835 / industry 8351 in 1986-1997).",https://www.census.gov/programs-surveys/cbp/technical-documentation/methodology.html,https://www2.census.gov/programs-surveys/cbp/datasets/2023/cbp23co.zip,bulk_download,"None for bulk ZIPs (pattern /programs-surveys/cbp/datasets/{YYYY}/cbp{YY}co.zip; also st, us, msa, csa, cd, zbp{YY}detail). API https://api.census.gov/data/{year}/cbp needs the project key.",Public domain (U.S. federal government work),nation;state;county;cbsa;csa;cd;other:zip_code,1986-2023 (API vintages 1986-2023; county bulk files 1986-2023),Annual (2023 files posted 2025-06-26),"SIC through 1997 (county files use code 8350 for group 835, no 8351 detail); NAICS from 1998. API industry variable: SIC (1986-97), NAICS1997 (1998-2002), NAICS2002 (2003-07), NAICS2007 (2008-11), NAICS2012 (2012-16), NAICS2017 (2017-23). ZIP Business Patterns is separate API zbp (1994-2018).","Noise infusion since 2007 (flags G <2%, H 2-5%, J >=5%). D-suppressed cells before 2017 (S from 2017); from 2017 employment is published with noise and cells with fewer than 3 establishments are not shown. Pre-2017 county files use empflag letters for withheld employment ranges.","Counts employer establishments, not slots, capacity or children served; excludes self-employed (see NES), private household employees and most government-operated programs; location is the establishment address.",verified,2026-09-28,"Fetched CBP methodology page (coverage, exclusions, G/H/J noise flags, SIC to NAICS in 1998) and API variables.json for 1986, 1997, 2023.",retrieved,2026-09-28,"Downloaded cbp23co.zip (12,919,520 bytes): 624410 in 2,216 counties (81,180 estab); Marion Co IN 284 estab, emp 2,840 (flag G). 1997 file: code 8350 in 2,844 counties."
census_nes,Nonemployer Statistics (NES): NAICS 62441 Child Day Care Services,U.S. Census Bureau,childcare;industries_business,"Annual counts and receipts of businesses with no paid employees (mostly self-employed, e.g., home-based child care providers) from IRS tax records, by industry and geography.",https://www.census.gov/programs-surveys/nonemployer-statistics/technical-documentation/methodology.html,https://www2.census.gov/programs-surveys/nonemployer-statistics/datasets/2023/historical-datasets/nonemp23co.zip,bulk_download,"None for bulk (pattern /datasets/{YYYY}/historical-datasets/nonemp{YY}co.zip; also st, us, msa, csa). API https://api.census.gov/data/{year}/nonemp needs the project key.",Public domain (U.S. federal government work),nation;state;county;cbsa;csa,1997-2023 (API and bulk),Annual,"API industry variable: NAICS1997 (1997-2001), NAICS2002 (2002-07), NAICS2007 (2008-11), NAICS2012 (2012-16), NAICS2017 (2017-21), NAICS2022 (2022-23). No SIC-based nonemployer data in the API. County files carry 5-digit code 62441.","Noise infusion since 2005; noise flags G (<2%), H (2-5%), J (>=5%) published from reference year 2007; ESTAB_F and RCPTOT_F flags.","Business counts, not providers or slots; includes any sole proprietorship coded to child day care with receipts of $1,000 or more; located by business mailing address; mixes regulated and unregulated care.",verified,2026-09-28,"Fetched NES methodology page: IRS records, $1,000 receipts threshold, noise flags G/H/J, 2022 NAICS for 2022-2026 data, geography by mailing address.",retrieved,2026-09-28,"Downloaded nonemp23co.zip (4,420,852 bytes, 701,010 rows): 62441 present in 3,009 counties; Marion Co IN 1,694 establishments, receipts $32,809K."
bls_qcew,Quarterly Census of Employment and Wages (QCEW): NAICS 624410 Child Day Care Services,U.S. Bureau of Labor Statistics,childcare;employment_labor;industries_business,"Quarterly and annual establishment counts, employment and wages of UI-covered employers by ownership (private, local, state, federal) and area, incl. NAICS 624410.",https://www.bls.gov/cew/additional-resources/open-data/csv-data-slices.htm,https://data.bls.gov/cew/data/api/2024/a/industry/624410.csv,api_open,None (no key). BLS requires a descriptive User-Agent. Pattern https://data.bls.gov/cew/data/api/{year}/{1-4|a}/industry/{naics}.csv,Public domain (U.S. federal government work),nation;state;county;cbsa;csa,"API slices 2014 through 2026 Q1 (1990, 2001, 2010 slices return 404); annual-by-industry bulk ZIPs from 1990 (e.g., https://data.bls.gov/cew/data/files/1990/csv/1990_annual_by_industry.zip)",Quarterly (2026 Q1 and 2025 annual available on 2026-09-28),NAICS-based bulk files from 1990; NAICS version updates can move establishments between codes.,disclosure_code N = not disclosed (1659 of 3888 rows in the 2024 annual 624410 slice),"UI-covered payroll employers only (excludes self-employed home providers); heavy nondisclosure in small counties; workplace-based; counts establishments and jobs, not slots.",verified,2026-09-28,Fetched BLS CSV data slices page: URL pattern data.bls.gov/cew/data/api/{year}/{qtr}/industry/{code}.csv; disclosure_code is blank or N.,retrieved,2026-09-28,"Fetched 2024 annual slice (609,279 bytes, 3,888 rows): Marion Co IN private 624410: 253 establishments, 2,737 employees, avg annual pay $31,928."
census_pep_county_agesex,Population Estimates Program county characteristics by age and sex (Vintage 2025),U.S. Census Bureau,children_early_childhood;demographics,"Annual July 1 resident population estimates by selected age groups and sex (incl. UNDER5_TOT, AGE04_TOT, AGE59_TOT, AGE513_TOT) for counties and Puerto Rico municipios, April 2020 base through July 2025.",https://www2.census.gov/programs-surveys/popest/technical-documentation/file-layouts/2020-2025/CC-EST2025-AGESEX.pdf,https://www2.census.gov/programs-surveys/popest/datasets/2020-2025/counties/asrh/cc-est2025-agesex-all.csv,bulk_download,None (state files cc-est2025-agesex-{SS}.csv also available),Public domain (U.S. federal government work),county;cbsa;csa,4/1/2020 base and 7/1/2020-7/1/2025 (YEAR codes 1-7),Annual (V2025 released June 2026),Each vintage revises the full 2020-onward series; use a single vintage. Earlier decades are separate estimate series.,None,Demographic estimates without published error; age groups only in this file.,verified,2026-09-28,Fetched CC-EST2025-AGESEX layout PDF: fields incl. UNDER5_TOT; YEAR key 1 = 4/1/2020 base through 7 = 7/1/2025; release date June 2026.,retrieved,2026-09-28,"Fetched state 18 file: Marion Co IN (097) UNDER5_TOT 69,906 for YEAR 7 (7/1/2025); national file is 10,180,530 bytes (HEAD)."
census_saipe_state_county,Small Area Income and Poverty Estimates (SAIPE): states and counties,U.S. Census Bureau,children_early_childhood;income_poverty_hardship,"Model-based estimates with 90% confidence intervals of people in poverty (all ages, ages 0-17, related children 5-17) and median household income for counties and states; under-5 poverty for the nation and states only.",https://www2.census.gov/programs-surveys/saipe/technical-documentation/file-layouts/state-county/2024-estimate-layout.txt,https://www2.census.gov/programs-surveys/saipe/datasets/2024/2024-state-and-county/est24all.txt,bulk_download,None (also est24all.xls and per-state est24-{st}.txt); API timeseries/poverty/saipe needs the project key.,Public domain (U.S. federal government work),nation;state;county,"1989, 1993, 1995-2024",Annual,Model inputs and methods have changed over time; check year-specific documentation before long comparisons.,None; 90% confidence intervals published,Under-5 poverty not published for counties; fixed-width format; model-based.,verified,2026-09-28,"Fetched 2024 state/county layout: fixed-width fields for poverty ages 0-17 (cols 50-90) and under 5 (cols 155-192, blank for counties).",retrieved,2026-09-28,"Range-read est24-in.txt: Indiana 2024 ages 0-17 in poverty 245,382 (15.8%, 90% CI 15.0-16.6); Adams Co 1,980 (17.7%)."
census_saipe_school_district,SAIPE School District Estimates,U.S. Census Bureau,children_early_childhood;education;income_poverty_hardship,"Total population, relevant children ages 5-17 and relevant children 5-17 in poverty related to the householder for school districts identified by CCD LEA ids (used for Title I).",https://www2.census.gov/programs-surveys/saipe/technical-documentation/file-layouts/school-district/2024-district-layout.txt,https://www2.census.gov/programs-surveys/saipe/datasets/2024/2024-school-districts/ussd24.csv,bulk_download,"None (also ussd24.txt, ussd24.xls and sd24-{st}.txt); API timeseries/poverty/saipe/schdist needs the project key.",Public domain (U.S. federal government work),sd,"1995, 1997, 1999-2024",Annual,2024 estimates use 2024-2025 school district boundaries from the annual mapping survey; district universe and boundaries change yearly.,None; no intervals in the district files,No MOE in files; relevant-children concept excludes some children; no ages 0-4.,verified,2026-09-28,"Fetched 2024 school district layout: fields total population, relevant children 5-17, relevant children 5-17 in poverty; boundaries as of the 2024-2025 school year.",retrieved,2026-09-28,"Range-read ussd24.csv (764,311 bytes): cols rpopall_24, state, distid, name, STABREV, saepov5_17rv_24, rpop5_17v_24; Alabaster City SD 675 of 6,592."
hhs_acf_ccdf_data_tables,CCDF Data Tables (ACF-800/ACF-801 administrative data),"U.S. HHS Administration for Children and Families, Office of Child Care",childcare,"Annual state and territory tables from CCDF administrative reports: average monthly adjusted numbers of families and children served, care types, regulated vs legally unregulated settings, ages, reasons for care, hours and payments.",https://acf.gov/occ/data/child-care-and-development-fund-statistics,https://acf.gov/occ/data/fy-2023-preliminary-data-table-1,manual_download,None; HTML tables (no CSV found); some pages under /archive or /migrated paths; WebFetch got HTTP 403 but browser-like curl worked.,Public domain (U.S. federal government work),nation;state,"FY1998 and FY2000-FY2023 table sets listed (FY2023 preliminary, FY2022 final)",Annual (preliminary then final),Adjusted counts = state-reported counts x pooling factor (CCDF-funded share); table numbering varies by year.,"Dash (-) where not reported (e.g., American Samoa FY2023)",State-level only; CCDF-funded children only; counts rounded to hundreds; preliminary tables are revised.,verified,2026-09-28,"Fetched CCDF statistics index (links FY1998-FY2023) and FY2023 Table 1: source ACF-801, adjusted counts defined via pooling factor.",retrieved,2026-09-28,"Parsed FY2023 Table 1 (58 rows): Indiana 24,700 families / 44,000 children; Texas 92,100 / 158,700; national 994,000 / 1,623,000."
hhs_ohs_head_start_locations,Head Start Service Location Datasets,U.S. HHS ACF Office of Head Start,childcare;children_early_childhood,"National file of Head Start, Early Head Start, Migrant and Seasonal, and AIAN service locations with address, county, lat/long, funded slots, operating status, grant number and program administrator.",https://headstart.gov/about-us/article/head-start-service-location-datasets,https://s3foa.s3.us-east-1.amazonaws.com/HS_Service_Locations.csv,bulk_download,None (also .json and .xml at the same S3 path),Public domain (U.S. federal government work),facility;point;county;zcta,"Current snapshot (19,634 locations on 2026-09-28)",Daily,"Page states daily archives are not available; field names were renamed from the prior feed (e.g., slots to funded_slots, type to program_type).",None,"Self-reported by grant recipients; status Open/Closed/Not Reported (1,784 not reported); funded slots may include non-OHS funds; county is a name; no history.",verified,2026-09-28,"Fetched page with data dictionary: program_type 1 HS preschool, 2 EHS, 3+4 MSHS, 5 AIAN HS, 6 AIAN EHS; funded_slots definition; feed refreshes daily.",retrieved,2026-09-28,"Downloaded CSV (6,727,558 bytes): 19,634 rows x 26 cols; status Open 17,052, Closed 798; program_type 1 = 11,771 rows, 2 = 6,791 rows."
hhs_ohs_pir,Head Start Program Information Report (PIR),U.S. HHS ACF Office of Head Start,childcare;children_early_childhood,"Annual program-level report of enrollment, child and family characteristics, services and staff for all Head Start and Early Head Start grant recipients and delegates; national Services Snapshots are public.",https://headstart.gov/data-ongoing-monitoring/article/program-information-report-pir,https://hses.ohs.acf.hhs.gov,restricted,Full PIR data set available to the public on request via the HSES help desk; HSES users download via the Reports tab.,Public domain (U.S. federal government work),other:grant_program;state;nation,Annual program years; 2024-2025 national Services Snapshots posted; 2025-2026 PIR final in HSES,Annual,PIR form changes each year (change highlights published).,,"Program/grant level, not service-location level; access by request; variable names not verified here.",verified,2026-09-28,"Fetched PIR page: full PIR data set, prior reports and forms available to the public upon request via the HSES help desk; national snapshots 2024-2025.",requires_registration,2026-09-28,Full PIR export requires HSES access by request; not attempted.
urban_ccdf_policies_db,CCDF Policies Database,Urban Institute (funded by HHS ACF OPRE),childcare,"State and territory rules for CCDF subsidy programs (eligibility, application, redetermination, priorities, waiting lists, family copayments, provider payment rates) as of October each year.",https://ccdf.urban.org/,https://ccdf.urban.org/,manual_download,"Annual book of tables, search tool or full data files (file formats not confirmed)",,state,October 2009 - October 2023,Annual,,,"Policy parameters, not outcomes; subsidy payment rates are not market prices.",verified,2026-09-28,WebFetch of ccdf.urban.org: Urban Institute database funded by OPRE covering October 2009-October 2023 for 50 states and 5 territories.,not_attempted,2026-09-28,Data file download page and format not verified in this session.
nces_ccd,Common Core of Data (CCD) nonfiscal school and LEA universe files,"U.S. Department of Education, National Center for Education Statistics (NCES)",education;children_early_childhood,"Annual administrative universe of public schools, LEAs and state agencies: directory (location, status, grades offered incl. PK), membership by grade (incl. Pre-Kindergarten), race/ethnicity and sex, staff, school characteristics, lunch eligibility.",https://nces.ed.gov/ccd/files.asp,https://nces.ed.gov/ccd/Data/zip/ccd_sch_029_2425_w_1a_073025.zip,bulk_download,"None. File list API https://nces.ed.gov/ccd/datatables/api/File/0/0/{schoolYearId}/0/0/0 (2024-25 id 39). Membership: ccd_sch_052_2425_l_1a_073025.zip (192 MB), ccd_lea_052_2425_l_1a_073025.zip (62 MB).",Public domain (U.S. federal government work),facility;sd;state;nation,School years 1986-87 through 2025-26 listed (2025-26 partial); 2024-25 v1a/v2a files,Annual (preliminary v1a then revised versions),Wide (_w_) vs long (_l_) layouts and version codes vary by year; ids LEAID and NCESSCH link to EDGE and SAIPE.,DMS_FLAG marks reported / not reported / missing values; no noise,"No coordinates in directory (use EDGE geocodes); enrollment counts students at schools located in the area, not residents; PK counts cover public programs only.",verified,2026-09-28,"Fetched CCD files page and its JSON file API listing 2024-25 school, LEA and SEA directory and membership files with sizes.",retrieved,2026-09-28,"Downloaded 2024-25 school directory (13,352,819 bytes): 102,178 schools, 33,749 with G_PK_OFFERED Yes; SEA membership file: Indiana Pre-Kindergarten 25,678."
nces_edge_sd_boundaries,EDGE School District Boundaries,"U.S. Department of Education, NCES (EDGE program; Census TIGER/Line based)",education,"Annual shapefiles of unified, elementary, secondary and administrative school district boundaries, as a composite file and as layers by district type.",https://nces.ed.gov/programs/edge/Geographic/DistrictBoundaries,https://nces.ed.gov/programs/edge/data/EDGE_SCHOOLDISTRICT_TL25_SY2425.zip,bulk_download,None (211.5 MB composite zip); Census TIGER versions such as TL_2025_SD.zip on the same page,Public domain (U.S. federal government work),sd,School years 1995-96 through 2024-25,Annual,Boundaries change yearly; TIGER year differs from school year (TL25 = SY2024-25).,None,Large files; elementary and secondary districts overlap each other in states that have both.,verified,2026-09-28,"WebFetch of EDGE page: boundaries 1995-1996 to 2024-2025, composite and by-type files, naming EDGE_SCHOOLDISTRICT_TL25_SY2425.zip.",not_attempted,2026-09-28,"HEAD only: HTTP 200, 211,514,345 bytes, modified 2026-03-09 (file over 200 MB)."
nces_edge_school_locations,EDGE Public School Geocodes,"U.S. Department of Education, NCES (EDGE program)",education;children_early_childhood,"Point locations (LAT, LON) for CCD public schools with county FIPS, NCES locale, CBSA, CSA, congressional and state legislative districts; companion files for LEAs and postsecondary institutions.",https://nces.ed.gov/programs/edge/Geographic/SchoolLocations,https://nces.ed.gov/programs/edge/data/EDGE_GEOCODE_PUBLICSCH_2425.zip,bulk_download,"None (zip holds shapefile, xlsx, headerless pipe-delimited TXT and sas7bdat)",Public domain (U.S. federal government work),point;facility;county;cbsa;csa;cd,School years through 2024-25 (2023-24 and earlier also listed),Annual,,None,The 2024-25 private school geocode link on the page returned HTTP 404; TXT file lacks a header row.,verified,2026-09-28,"Fetched EDGE School Locations page listing EDGE_GEOCODE_PUBLICSCH_2425.zip, PUBLICLEA and POSTSECSCH files.",retrieved,2026-09-28,"Downloaded 30,448,565-byte zip: 23 cols incl. NCESSCH, LEAID, CNTY, NMCNTY, LOCALE, LAT, LON, CBSA, CSA, CD, SLDL, SLDU, SCHOOLYEAR."
nces_edge_acs_ed,EDGE ACS-ED School District Demographic Profiles,"U.S. Department of Education, NCES (EDGE program)",education;children_early_childhood,"ACS 5-year tabulations for school districts: total population, children (school-age by enrollment and school type) and parents profiles.",https://nces.ed.gov/programs/edge/Demographic/ACS,https://nces.ed.gov/programs/edge/TableViewer/acs/2023,manual_download,"None (TableViewer, dashboard, maps)",Public domain (U.S. federal government work),sd;state;nation,ACS 2005-2009 through 2019-2023,Annual (lags Census ACS),,ACS MOEs; no additional suppression documented,Latest vintage 2019-2023 while Census ACS 2020-2024 5-year is available; school-district ACS tables are also available directly from Census.,verified,2026-09-28,"WebFetch of EDGE ACS page: profiles for total population, children, parents; vintages 2005-2009 to 2019-2023; TableViewer links 2005-2023.",not_attempted,2026-09-28,Interactive TableViewer/dashboard; no bulk file URL verified.
nces_pss,Private School Universe Survey (PSS),"U.S. Department of Education, National Center for Education Statistics (NCES)",education;children_early_childhood,"Biennial survey of private elementary and secondary schools: enrollment by grade, total students, teachers, religious orientation, school level, address, county, lat/long; public-use files with final and replicate weights.",https://nces.ed.gov/surveys/pss/pssdata.asp,https://nces.ed.gov/surveys/pss/zip/pss2324_pu_csv.zip,bulk_download,None,Public domain (U.S. federal government work),facility;point;county;state,"Biennial; 2023-24 latest (2021-22, 2019-20, 2017-18 and earlier cycles listed)",Biennial,"Variable names carry cycle suffixes (e.g., LATITUDE24, PCNTY24).",Item flags (F_P*) accompany survey items,"Survey with area-frame component and weights (PFNLWT plus replicate weights); a K-12 school survey, not a source for child care or stand-alone preschool supply.",verified,2026-09-28,"Fetched PSS data page listing 2023-24 public-use files (CSV, SAS, SPSS), layout and codebooks.",retrieved,2026-09-28,"Downloaded pss2324_pu_csv.zip (3,970,317 bytes): 22,510 schools, 359 cols incl. NUMSTUDS, PCNTY, PSTANSI, LATITUDE24, LONGITUDE24, PFNLWT."
nces_ipeds,Integrated Postsecondary Education Data System (IPEDS) complete data files,"U.S. Department of Education, National Center for Education Statistics (NCES)",education,"Institution-level annual files: directory (HD, with county code and coordinates), fall enrollment (EF), 12-month enrollment (EFFY), completions, finance and more.",https://nces.ed.gov/ipeds/datacenter/DataFiles.aspx,https://nces.ed.gov/ipeds/datacenter/data/HD2024.zip,bulk_download,"None; data center page needs cookies (redirect loop without); files at /ipeds/datacenter/data/{FILE}.zip (HD2024, EF2023A, EFFY2024).",Public domain (U.S. federal government work),facility;point;county;state;cbsa;cd,Annual collection years (data center year list runs 2025 back through at least 2014),Annual (provisional then final releases),EF2024A and HD2025 were not yet posted on 2026-09-28.,"Imputation flags (X-prefixed variables, e.g., XEFTOTLT)","Enrollment counted at institution location, not student residence; CSVs may carry a UTF-8 BOM and padded codes (EFALEVEL values like ' 1').",verified,2026-09-28,Fetched IPEDS Data Files page with a cookie session: collection-year options 2025-2014.,retrieved,2026-09-28,"Downloaded HD2024.zip (1,088,372 bytes): 6,072 institutions incl. COUNTYCD, LATITUDE, LONGITUD; EF2023A: EFALEVEL 1 rows EFTOTLT sum 19,703,000."
urban_education_data_portal,Education Data Portal API,Urban Institute,education;children_early_childhood,"Harmonized JSON API over CCD, CRDC, SAIPE, IPEDS, College Scorecard and NHGIS at school, district and college levels.",https://educationdata.urban.org/documentation/,https://educationdata.urban.org/api/v1/school-districts/saipe/2022/?fips=18,api_open,None (no key needed in test),Open Data Commons Attribution License (ODC-By) v1.0,facility;sd;state,"Varies by endpoint (e.g., CCD directory 2022 and SAIPE 2022 tested)",Periodic (follows source releases),,Inherits source rules,Secondary redistribution; harmonized variable names differ from source files; may lag NCES and Census releases.,verified,2026-09-28,"WebFetch of documentation: ODC-By v1.0; datasets CCD, CRDC, SAIPE, IPEDS, College Scorecard, NHGIS; JSON via URL endpoints.",retrieved,2026-09-28,"Queried school-districts/saipe/2022/?fips=18: 290 districts; Adams Central 448 of 2,702 children 5-17 in poverty; CCD directory 2022 IN: 444 LEAs."
census_lehd_lodes,LEHD Origin-Destination Employment Statistics (LODES) version 8.4,"U.S. Census Bureau, Center for Economic Studies (LEHD program) with state partners",transportation;employment_labor;industries_business,"Job counts at 2020 census block level for workplaces (WAC), residences (RAC) and home-to-work pairs (OD) by job type, worker age, monthly earnings band and NAICS sector; race/ethnicity/education/sex from 2009; firm age/size from 2011 (JT02 only).",https://lehd.ces.census.gov/data/lodes/LODES8/LODESTechDoc8.4.pdf,https://lehd.ces.census.gov/data/lodes/LODES8/,bulk_download,None. File patterns: {st}/wac/{st}_wac_{SEG}_{JT}_{YEAR}.csv.gz; {st}/rac/{st}_rac_{SEG}_{JT}_{YEAR}.csv.gz; {st}/od/{st}_od_{main|aux}_{JT}_{YEAR}.csv.gz; {st}_xwalk.csv.gz block crosswalk,Public-use Census Bureau data (U.S. federal government work); LEHD data page gives a requested citation format,"state;county;cousub;place;tract;bg;zcta;cbsa;cd;sd;other:2020 census block (crosswalk also carries state legislative districts, tribal areas, workforce investment areas)","2002-2023 for most states (data vintage 20251202). No OD/WAC files: AK 2017-2023, MI 2022-2023, MA 2002-2010, DC 2002-2009, AR and NH 2002, AZ and MS 2002-2003. Puerto Rico not included.",Annual (2023 data added December 2025),"LODES8 uses 2020 blocks (LODES7 used 2010 blocks); federal (OPM) job types from 2010; worker demographics from 2009; job frame limited to ages 14-99 from 2012; earnings bands are fixed nominal thresholds ($1,250 and $3,333 per month).",No cell suppression; Census disclosure avoidance review (CBDRB-FY21-249); state-years lacking employment data have RAC files only.,"Counts jobs, not people (JT01 primary jobs approximates workers); administrative job frame (state UI records plus federal OPM), so self-employment is not covered; residence side partly modeled.",verified,2026-09-28,"Tech doc 8.4 (Rev. 20251203): OD/RAC/WAC at census block, years 2002-2023, state-year gap table (AK 2017+, MI 2022-23), file-name templates and variable lists.",retrieved,2026-09-28,"de_wac_S000_JT00_2023.csv.gz (175 KB): 7,383 blocks, 450,843 jobs (New Castle Co 298,174). Directory listings: AK WAC ends 2016, MI WAC ends 2021, MI RAC runs to 2023."
nhtsa_fars,Fatality Analysis Reporting System (FARS),"National Highway Traffic Safety Administration, National Center for Statistics and Analysis",transportation,"Census of fatal motor-vehicle crashes on trafficways open to the public (death within 30 days) with accident, vehicle, person and related files; crash location coded with GSA county and city codes and latitude/longitude (1999+).",https://crashstats.nhtsa.dot.gov/Api/Public/ViewPublication/813794,https://static.nhtsa.gov/nhtsa/downloads/FARS/{YEAR}/National/FARS{YEAR}NationalCSV.zip,bulk_download,None for static zip files; nhtsa.gov web pages and the CrashAPI returned HTTP 403 to scripted requests from this environment,U.S. federal government work (no copyright); no license terms found in files,nation;state;county;place;point,1975-2023 final files; 2024 Annual Report File (first release 2026-04-01),Annual; the Annual Report File is replaced by a Final file about a year later,COUNTY and CITY use GSA Geographic Location Codes (manual: codes occasionally divided); coordinates from 1999; data elements added and discontinued over time (documented in the Analytical User's Manual).,None (census of qualifying crashes; no personal identifiers).,"Location is where the crash occurred, not victims' residence; small annual counts in small counties (use multi-year sums); excludes non-fatal and non-trafficway crashes; manual covers Puerto Rico but the 2023 national CSV held 51 state codes.",verified,2026-09-28,"Manual DOT HS 813 794 (Apr 2026): census of fatal crashes, death within 30 days; COUNTY uses GSA codes; ARF later replaced by final file. Release notes: 2023 final file 2026-04-01.",retrieved,2026-09-28,"FARS2023NationalCSV.zip (34.2 MB): accident.csv 37,769 fatal crashes and 41,025 deaths across 51 state codes; person.csv 7,367 pedestrian and 1,163 bicyclist deaths."
fcc_bdc_nbm,FCC Broadband Data Collection (BDC) / National Broadband Map,Federal Communications Commission,broadband,"Provider-reported fixed broadband availability by Broadband Serviceable Location (technology, maximum advertised speeds, business/residential) and mobile coverage; Fixed Broadband Summary by Geography gives the share of BSL units served at 0.2/0.2, 10/1, 25/3, 100/20, 250/25 and 1000/100 Mbps by technology group.",https://us-fcc.app.box.com/v/bdc-data-downloads-output,https://broadbandmap.fcc.gov/data-download/nationwide-data,manual_download,Website downloads showed no login step (disclaimer only). Public Data API (bdc.fcc.gov/api/public/map/...) needs an FCC User Registration account and a generated token sent as username and hash_value headers; 10 calls per minute. fcc.gov hosts returned 403 to curl.,"FCC public data; no explicit open license found; API token generation requires accepting FCC terms; Fabric location attributes (address, coordinates) are licensed via CostQuest and not public",nation;state;county;cd;place;cbsa;other:tribal areas;other:census block and H3 hexagon via location-level files,"As-of dates 2022-06-30 through 2025-12-31, semiannual (8 vintages; data download page last updated 2026-09-15)",Semiannual (June 30 and December 31 as-of dates); earlier vintages revised after challenges (file names carry revision dates),"Location-based BDC method (from June 2022) replaced Form 477 census-block reporting (last as of June 2021); the two series are not comparable. Location Fabric changes each filing round; summary-by-geography files restructured (spec v2.4.3, Aug 2026).",None; public files identify locations only by Location ID.,"Maximum advertised speeds reported by providers, not measured performance, price or adoption; satellite inflates any-technology coverage; values change as challenges are resolved.",verified,2026-09-28,"Download spec (Aug 11, 2026) defines summary files with share of units served per speed tier; API spec (Jun 8, 2026) requires account plus token; NBM page lists Jun 30, 2022-Dec 31, 2025.",failed,2026-09-28,"curl and WebFetch to broadbandmap.fcc.gov and fcc.gov returned 403; API needs registration; download page viewed in a browser (links present, nothing downloaded)."
fcc_form477,"FCC Form 477 Fixed Broadband Deployment Data and Area Tables (legacy, to June 2021)",Federal Communications Commission,broadband,"Provider filings listing census blocks where fixed service is or could be offered (technology, maximum advertised speeds); Area Tables summarize population by number of fixed providers at speed tiers by geography with urban/rural and tribal splits.",https://opendata.fcc.gov/Wireline/Fixed-Broadband-Deployment-Data-June-2021-Status-V1/jdr4-3q4p,https://opendata.fcc.gov/resource/xvwq-qtaj.json,api_open,None (Socrata SODA API; app token optional),Public Domain U.S. Government (opendata.fcc.gov metadata),nation;state;county;place;cd;cbsa;other:tribal areas;other:census block (deployment files),Semiannual; opendata.fcc.gov holds block deployment files Dec 2015-Jun 2021 and Area Tables Dec 2016-Jun 2021 (earlier releases on fcc.gov not verified),Discontinued (last data as of June 2021; superseded by BDC),Multiple versions per period (V1/V2); speed tiers 0.2 to 1000 Mbps; area tables use 2010 Census urban/rural and tribal flags; not comparable with BDC location-level data.,None,"A census block counts as served if a provider can serve at least one location in it, which overstates coverage; advertised speeds only; population-based coverage.",verified,2026-09-28,opendata.fcc.gov jdr4-3q4p: fixed providers file lists of census blocks served for at least one location; data as of June 2021; newer data at broadbandmap.fcc.gov.,retrieved,2026-09-28,"SODA query of Area Table Jun 2021 (xvwq-qtaj): Kent Co DE, 25/3 fixed terrestrial (acfow): 4,354 of 183,641 residents with zero providers (97.6% covered)."
ntia_ius,NTIA Internet Use Survey (CPS Computer and Internet Use Supplement),National Telecommunications and Information Administration (fielded by the Census Bureau in the CPS),broadband,"CPS supplement on internet use by location, devices, household connection types and reasons for non-use; the NTIA Data Explorer file gives proportions and counts with standard errors for the U.S., demographic groups and each state.",https://www.ntia.gov/data/explorer,https://www.ntia.gov/sites/default/files/data_central_downloads/datasets/ntia-analyze-table.csv,bulk_download,None,Public domain (U.S. federal government work),nation;state,"17 waves: Nov 1994, Oct 1997, Dec 1998, Aug 2000, Sep 2001, Oct 2003, Oct 2007, Oct 2009, Oct 2010, Jul 2011, Oct 2012, Jul 2013, Jul 2015, Nov 2017, Nov 2019, Nov 2021, Nov 2023",Irregular; November of odd years since 2017,"Questions and universes change across waves; some Explorer metrics are marked Legacy Metrics (No Longer Updated); universes include persons 3+, persons 15+ and households.",None observed; SEs published for proportions and counts,"State is the smallest geography; state SEs are about 1-2 percentage points; measures use, not availability.",verified,2026-09-28,"NTIA Data Explorer (June 06, 2024): Internet Use Survey data by state; categories Internet Use, Device Use, Household Connectivity; links ntia-analyze-table.csv.",retrieved,2026-09-28,"ntia-analyze-table.csv (2.3 MB, 835 rows, waves 1994-2023): Nov 2023 internet use, persons 3+: US 83.3%, Delaware 85.5% (SE 1.7 pts)."
fbi_cde,"FBI Crime Data Explorer (UCR: SRS and NIBRS offenses, arrests, law enforcement employees)","Federal Bureau of Investigation, CJIS Division, Uniform Crime Reporting Program",public_safety,"Agency-level offenses known to police (Summary Reporting System and incident-based NIBRS), clearances, arrests, law enforcement employees and participation; national/state estimates; bulk CSV and master-file downloads and a Crime Data API (JSON/CSV).",https://cde.ucr.cjis.gov/LATEST/webapp/#/pages/docApi,https://api.usa.gov/crime/fbi/cde/,api_key,Free api.data.gov key (API returned 403 API_KEY_MISSING without a key); bulk files at https://cde.ucr.cjis.gov/LATEST/webapp/#/pages/downloads need no key,U.S. federal government work (public domain); FBI advises against ranking or comparing states or other entities except a city to its state and a state to the nation,nation;region;state;agency,Agency monthly series from 1985 (API); annual data through 2025 (released August 2026); NIBRS files by state and year,Annual release (August-September) plus monthly year-to-date master files,SRS retired January 2021: 2021 data NIBRS-only with large gaps (CDE US population coverage averaged about 77% in 2021 vs about 96% in 2020 and 95% in 2022); NIBRS records all offenses in an incident while SRS used a hierarchy rule; estimation methods developed with BJS.,No suppression of agency counts; UCR participation data identify partial reporters; national/state totals are estimated for non-reporting agencies.,"Voluntary reporting of offenses known to police; agency jurisdictions do not match Census places; overlapping agencies (sheriffs, state police) complicate county totals.",verified,2026-09-28,"CDE API docs (browser): base api.usa.gov/crime/fbi/cde, link to get an API key, FBI advises against rankings; Downloads page: 2025 data provided August 2026.",retrieved,2026-09-28,"api.data.gov DEMO_KEY: Dover PD (DE0010100) 2023 violent offenses 381, property 2,192; 105 sworn officers; NY 2021 population coverage 68.9%; monthly data back to 1985."
icpsr_ucr_county,UCR Program Data: County-Level Detailed Arrest and Offense Data (ICPSR/NACJD),"FBI (producer); ICPSR National Archive of Criminal Justice Data (distributor, BJS-funded)",public_safety,"County aggregates of UCR Part I offenses and Part I/II arrests with ICPSR imputation for partial reporting, allocation of statewide agencies by population, and a county Coverage Indicator.",https://www.icpsr.umich.edu/web/NACJD/studies/37059,https://www.icpsr.umich.edu/web/NACJD/studies/37059,manual_download,"Free ICPSR sign-in and click-through Terms of Use; public-use files, no member-institution affiliation required",ICPSR Terms of Use: research or statistical use only; no redistribution without ICPSR written agreement,county,"One ICPSR study per data year using the post-1994 method, 1994-2016 (latest ICPSR 37059 for 2016, V3 2019-01-17); no later year found",Irregular; no release after data year 2016 found,1994: new imputation algorithm and Coverage Indicator (not comparable with earlier county files); files are not official FBI UCR releases; 2016 V2 initially lacked adult and juvenile arrest parts.,None; imputed values for agencies reporting fewer than 12 months.,Imputation can distort small counties; county level only; ends before the 2021 NIBRS transition.,verified,2026-09-28,"ICPSR 37059 page: county counts of Part I offenses and arrests; 1994 imputation algorithm and Coverage Indicator; public-use, membership not required.",requires_registration,2026-09-28,Download links require ICPSR login and Terms of Use acceptance; not attempted.
bjs_ncvs,National Crime Victimization Survey (NCVS),Bureau of Justice Statistics (fielded by the Census Bureau),public_safety,"Nationally representative household survey of persons 12+ on nonfatal personal and household property victimization, including crimes not reported to police.",https://bjs.ojp.gov/data-collection/ncvs,https://ncvs.bjs.ojp.gov/,manual_download,None for published tables and dashboard; microdata distributed through ICPSR (terms apply),U.S. federal government work for BJS products; microdata under ICPSR terms,nation,"1973-2024, annual",Annual,2006 methodological changes may make that year non-comparable; decennial sample redesign in 2016; a redesigned instrument introduced in 2024 is to be reported separately.,,National benchmark only; not designed for county or city estimates.,verified,2026-09-28,"BJS NCVS page: collection period 1973-2024; about 240,000 persons in 150,000 households; 2006 changes may make estimates not comparable.",not_attempted,2026-09-28,National-only product; no local rows relevant to sample for this catalog.
usfa_nfirs,National Fire Incident Reporting System (NFIRS) Public Data Release,FEMA U.S. Fire Administration,public_safety,"Incident-level reports from participating fire departments (fires, EMS, hazmat and other calls) in a relational database of about 20 tables; recent years also offered as geocoded GeoPackage files.",https://www.usfa.fema.gov/nfirs/access-data/,https://www.fema.gov/about/openfema/data-sets/fema-usfa-nfirs-annual-data,bulk_download,None; zip files 150 MB-3 GB (e.g. .../openfema/nfirs/nfirs_all_incident_pdr_{YEAR}.zip); fema.gov pages block some scripted clients,"OpenFEMA Terms and Conditions: no re-identification; must state the product is not endorsed by FEMA; cite dataset, version and access date",state;agency;point,1980-2025: 1980-1998 fire incidents (NFIRS 4.1); 1999-2003 all incidents; 2004-2024 fire and hazmat; 2014-2024 all incidents; 2025 files dated 2026-06-03,Annual through data year 2025; NFIRS sunset February 2026 (replaced by NERIS),NFIRS 5.0 replaced 4.1 in 1999; 2025 was a hybrid NFIRS/NERIS reporting year; from 2026 incidents go only to NERIS (series break); participation varies by year and state.,None documented for the PDR; OpenFEMA terms prohibit re-identification.,"Voluntary, not a census; USFA says raw counts are not a proper measure of total fires, deaths, injuries or losses; department participation varies.",verified,2026-09-28,"USFA access page: PDR 1980-2024 on OpenFEMA, NFIRS 'not a census'; sunset page: 2026 incidents only in NERIS, NFIRS unavailable from February 2026.",not_attempted,2026-09-28,"HEAD: nfirs_all_incident_pdr_2025.zip 1.34 GB (modified 2026-06-03), 2024 1.52 GB, fire_hazmat 2025 150 MB, GeoPackage 2025 3.0 GB; all above sample limit."
nemsis_prrd,NEMSIS Public-Release Research Dataset (EMS activations),NHTSA Office of EMS / NEMSIS Technical Assistance Center,public_safety,De-identified national file of EMS activations submitted by states to the National EMS Information System.,https://nemsis.org/using-ems-data/request-research-data/,https://nemsis.org/using-ems-data/request-research-data/,restricted,Request through a NEMSIS Help Desk ticket; a single year for the first request; NEMSIS terms of use,NEMSIS research dataset terms of use (not reviewed in detail),nation,"2025 dataset available (63,635,893 activations from 14,801 agencies in 54 states and territories); earlier years available by request (not enumerated)",Annual,,"Public-release file has no patient, agency, hospital or reporting-state identifiers.",Cannot support local EMS metrics; state submission criteria vary and not all EMS events are submitted.,verified,2026-09-28,"NEMSIS page: 2025 PRRD has 63,635,893 activations from 14,801 agencies; file does not identify patients, agencies, hospitals or reporting states.",requires_registration,2026-09-28,Access by help-desk request; not attempted.
fema_nri,"FEMA National Risk Index (v1.20, December 2025)",Federal Emergency Management Agency,environment_climate,"Natural-hazard risk for 18 hazards combining Expected Annual Loss with Social Vulnerability and Community Resilience; values, national percentile scores and ratings for composite risk and each hazard.",https://www.fema.gov/about/openfema/data-sets/national-risk-index-data,https://www.fema.gov/about/reports-and-data/openfema/nri/v120/NRI_Table_Counties.zip,bulk_download,None (tract table NRI_Table_CensusTracts.zip is 635 MB); standalone NRI web application retired; data also in RAPT,FEMA NRI terms: must state the product uses NRI data but is not endorsed by FEMA; cite version and access date; no reverse engineering; FEMA may rescind use,state;county;tract;other:tribal areas (relational tables),"Single cross-section v1.20 (December 2025; page updated January 6, 2026); hazard periods of record vary (e.g. hail 1986-2023, drought 2000-2025, hurricane 1851-2024)",Irregular versioned releases,v1.20 overhauled inland flooding (pluvial plus fluvial) and tsunami and added USGS landslide data; Social Vulnerability now from Census Community Resilience Estimates; boundaries 2021 TIGER (Connecticut 2024); versions are not comparable.,None,Planning-level screening; scores are percentile ranks among counties or tracts; do not compare across versions.,verified,2026-09-28,FEMA NRI page: 'December 2025 v1.20'; application no longer available; data on OpenFEMA and RAPT. Metadata PDF: 18 hazards; SoVI from Census CRE.,retrieved,2026-09-28,"NRI_Table_Counties.zip (25 MB): 3,232 counties, 465 columns, NRI_VER December 2025; Kent Co DE RISK_SCORE 84.5 (Relatively Moderate), EAL_VALT $55.8M."
noaa_storm_events,NOAA NCEI Storm Events Database,NOAA National Centers for Environmental Information (from NWS Storm Data),environment_climate,"Records of severe weather events with begin/end times, event type, direct and indirect deaths and injuries, and estimated property and crop damage by county or NWS forecast zone.",https://www.ncei.noaa.gov/pub/data/swdi/stormevents/csvfiles/Storm-Data-Bulk-csv-Format.pdf,https://www.ncei.noaa.gov/pub/data/swdi/stormevents/csvfiles/,bulk_download,None. Pattern: StormEvents_details-ftp_v1.0_d{YEAR}_c{YYYYMMDD}.csv.gz (c = file creation date),Public domain (U.S. federal government work),state;county;point;other:NWS public forecast zone;other:marine zone,1950-present (current-year file d2026 created 2026-09-18),Monthly updates to the current year; earlier years revised (creation date in file name changes),"1950-1954 tornadoes only; 1955-1992 tornado, thunderstorm wind and hail (1993-1995 only those three extracted); 55 event types since 1996 per NWS Directive 10-1605, a major break in 1996.",None,"Zone-based events need a zone-to-county correlation; damage estimates are rough, nominal and often missing; reporting practice varies by NWS office.",verified,2026-09-28,NCEI app text: event types expand in 1955 and 1996 (55 types). Bulk CSV format PDF defines CZ_TYPE C/Z/M and damage strings such as 10.00K.,retrieved,2026-09-28,"StormEvents_details d2024 (12.7 MB): 69,801 events, 39,718 county-based (C) and 30,083 zone-based (Z); Delaware 83 events."
epa_airdata,EPA AirData pre-generated annual AQI by county and CBSA,U.S. Environmental Protection Agency (Air Quality System),environment_climate,"One record per county (or CBSA) per year: days with AQI, days in each AQI category, maximum, 90th percentile and median AQI, and days each pollutant was the main pollutant, from monitor data.",https://aqs.epa.gov/aqsweb/airdata/download_files.html,https://aqs.epa.gov/aqsweb/airdata/annual_aqi_by_county_{YYYY}.zip,bulk_download,None; aqs.epa.gov reset scripted HTTPS connections from this environment (a browser loaded the page),Public domain (U.S. federal government work),county;cbsa,1980-2026 (2026 partial); all files as of 2026-06-25,Twice yearly (about June for the prior full year; about December for the ozone season),"Area value is the highest among monitors; SO2 dropped from county/CBSA AQI summaries as of December 8, 2021; page posts a PM2.5 data advisory for recent files; monitor networks change over time.",None; counties without monitors are absent.,"Only about 1,000 counties per year (2024 file: 997 rows); days with AQI depends on sampling schedules; not population exposure.",verified,2026-09-28,"AirData download page (browser): files updated twice per year; annual_aqi_by_county files 1980-2026; 2024 file 997 rows, 20 KB, as of 2026-06-25.",failed,2026-09-28,curl and Python requests to aqs.epa.gov were reset (ECONNRESET) from this environment; files not downloaded.
epa_ejscreen_archive,"EPA EJScreen v2.3 (2024), archived copies (EPA tool removed February 2025)",U.S. EPA (original producer); archived in Harvard Dataverse (HELD collection) and by Public Environmental Data Partners (PEDP),environment_climate,"Block-group and tract environmental burden indicators (PM2.5, ozone, NO2, diesel PM, air toxics, traffic proximity, lead paint, Superfund/RMP/TSDF proximity, USTs, wastewater, drinking water) with demographic, EJ and supplemental indexes and national and state percentiles.",https://dataverse.harvard.edu/api/datasets/:persistentId/?persistentId=doi:10.7910/DVN/RLR5AX,https://doi.org/10.7910/DVN/RLR5AX,bulk_download,None observed (Dataverse file API served the tract CSV without login); PEDP reconstructed tool at https://pedp-ejscreen.azurewebsites.net/,CC0 1.0 per Harvard Dataverse record (EPA source data are U.S. government work),tract;bg,"Version 2.3 (2024 release; ACS 2018-2022 demographics); archived copy downloaded December 3, 2024","Discontinued (EPA public access ended February 5, 2025); no official updates","ARCHIVED: www.epa.gov/ejscreen returned 404 on 2026-09-28; each EJScreen version changed indicators and data years (versions not comparable); v2.3 uses 242,336 block groups.",None,"Screening tool, not a risk assessment; unofficial archived copies; PM2.5 tract values copied to every block group in the tract; percentiles are relative ranks.",verified,2026-09-28,"PEDP page: EPA public access 'discontinued on February 5, 2025'; epa.gov/ejscreen 404; Dataverse v4 (CC0) holds 2024 BG/tract CSVs and v2.3 tech doc (July 31, 2024).",retrieved,2026-09-28,"Range read of 20 KB of EJScreen_2024_Tract_with_AS_CNMI_GU_VI.csv (153 MB) via Dataverse API: tract 01001020100 ACSTOTPOP 1865, PM25 8.97."
cdc_ephtn,CDC National Environmental Public Health Tracking Network: heat indicators,CDC National Center for Environmental Health,environment_climate;health,"Modeled historical temperature and heat index measures (extreme heat days and events for May-September and full year) for counties and census tracts, plus heat-related illness emergency department visits, hospitalizations and deaths.",https://www.cdc.gov/environmental-health-tracking/php/data-research/heat-heat-related-illness.html,https://ephtracking.cdc.gov/apigateway/api/v1/,api_open,"No key required, but non-token requests are throttled (HTTP 429 observed); a free token is available by emailing trackingsupport@cdc.gov (per CDCgov/EPHTrackR README)",U.S. federal government work (no explicit license found),nation;state;county;tract,Annual; available years not verified (API data calls throttled),,"May-September measures (e.g. ID 423 extreme heat days) are defined separately from full-year measures (ID 1427); Data Explorer offers National By County, State By County and State By Census Tracts.",,Modeled temperatures with relative extreme-heat thresholds; health-outcome measures depend on state data availability.,verified,2026-09-28,CDC heat page: historical heat indicator uses modeled data by county and census tract during May-September. API measure 423: Annual Number of Extreme Heat Days from May to September.,failed,2026-09-28,"Metadata calls worked (content areas, indicators, measures) but geography and data calls returned 429 (too many non-token requests) or 410 (call disabled)."
ndmc_usdm,U.S. Drought Monitor county statistics,"National Drought Mitigation Center (University of Nebraska-Lincoln) with USDA, NOAA and NASA",environment_climate,"Weekly percent of area (or population) in drought categories D0-D4 for counties, states and other areas, from the expert-blended U.S. Drought Monitor map.",https://droughtmonitor.unl.edu/DmData/DataDownload/WebServiceInfo.aspx,https://usdmdataservices.unl.edu/api/CountyStatistics/GetDroughtSeverityStatisticsByAreaPercent?aoi={county FIPS}&startdate=1/1/2024&enddate=12/31/2024&statisticsType=1,api_open,"None; CSV by default, JSON/XML via Accept header",No open license stated; USDM permission page asks reproductions to credit the partners and state 'Map courtesy of NDMC',"nation;state;county;other:HUC, climate division, NWS forecast office, urban area, tribal area, FEMA region",Weekly maps from 2000-01-04 to present,Weekly (map released Thursdays using data through Tuesday morning),statisticsType=1 (traditional) gives cumulative categories (D0 column = D0 or worse); statisticsType=2 (categorical) gives exclusive categories.,None,Expert assessment rather than a single index; area-based percentages (population-based versions also offered).,verified,2026-09-28,"USDM web service page: CountyStatistics endpoint, 5-digit FIPS aoi, statisticsType 1 traditional / 2 categorical; What is the USDM: map released Thursdays.",retrieved,2026-09-28,CountyStatistics aoi=10001 for 2024: 54 weekly rows (maps 2023-12-26 to 2024-12-31); 2024-12-31 Kent Co DE 100% of area in D2 or worse; earliest map returned 2000-01-04.
usgs_nlcd,Annual National Land Cover Database (Annual NLCD) Collection 1.2,U.S. Geological Survey EROS (Multi-Resolution Land Characteristics Consortium),environment_climate,"30-meter annual land cover, land cover change, confidence, fractional impervious surface, impervious descriptor and spectral change products for the conterminous U.S.",https://www.mrlc.gov/data/project/annual-nlcd,https://www.sciencebase.gov/catalog/item/697b9279b66b0197c3043cc3,bulk_download,None; one zip per product-year (about 1.35-1.46 GB each for land cover),USGS metadata lists access and use constraints as None (U.S. federal government work),"other:30 m raster, conterminous U.S. (zonal statistics to any geography)",1985-2025 annual (Collection 1.2 published June 2026; CONUS only),Annual collection updates,"Annual NLCD (from 2024) replaces legacy NLCD epochs (nine epochs 2001-2021); each collection (C1.0, C1.1, C1.2) reprocesses the full series; Alaska, Hawaii and Puerto Rico are not in the CONUS collection.",None,Classification error; requires raster zonal statistics; very large files.,verified,2026-09-28,"MRLC: Annual NLCD CONUS Collection 1.2 (June 10, 2026) covers 1985-2025; ScienceBase lists Annual_NLCD_LndCov_{YEAR}_CU_C1V2.zip for 1985-2025.",not_attempted,2026-09-28,Each annual land cover zip is 1.35-1.46 GB per ScienceBase listing; only the 35 KB XML metadata was retrieved.
medsl_county_pres,MIT Election Data + Science Lab County Presidential Election Returns 2000-2024,MIT Election Data and Science Lab,civic_participation,"County-level presidential votes by candidate and party plus total votes, compiled from official state election records.",https://dataverse.harvard.edu/api/datasets/:persistentId/?persistentId=doi:10.7910/DVN/VOQCHQ,https://doi.org/10.7910/DVN/VOQCHQ,manual_download,Harvard Dataverse guestbook form must be completed before file download (file API returned a required Guestbook response error),CC0 1.0 (Harvard Dataverse record),nation;state;county,"Presidential elections 2000-2024 (Dataverse version 20, released 2026-02-25)","Every four years, with corrections between elections",Legacy GitHub version covers 2000-2016 only; legacy codebook notes Alaska 2004 district returns overstate votes; check Alaska and Connecticut geography before joining to Census counties.,None,Needs CVAP or VAP denominators for turnout; totals are votes for president only (undervotes excluded).,verified,2026-09-28,"Dataverse API: title 'County Presidential Election Returns 2000-2024', MIT Election Data and Science Lab, version 20 released 2026-02-25, license CC0 1.0.",requires_registration,2026-09-28,"Dataverse file access blocked pending guestbook (not submitted). Legacy MEDSL GitHub 2000-2016 CSV retrieved: 50,524 rows; Kent Co DE 2016 total votes 74,598."
census_cps_voting,CPS Voting and Registration Supplement tables,U.S. Census Bureau (Current Population Survey November supplement),civic_participation,"Self-reported registration and voting in federal elections by state and demographic group, with margins of error.",https://www.census.gov/data/tables/time-series/demo/voting-and-registration/p20-590.html,https://www2.census.gov/programs-surveys/cps/tables/p20/587/vote04a_2024.xlsx,bulk_download,None,Public domain (U.S. federal government work),nation;region;division;state,Biennial November elections; state tables for presidential years 1972-2024 (Table A-5a) and congressional years 1974-2022 (Table A-3a),Biennial (after each November federal election),Self-reports overstate turnout relative to official counts; rates available for total and citizen voting-age populations.,None observed; MOEs published,State is the smallest geography; overreporting bias; small-state samples are small.,verified,2026-09-28,Census P20-590 page lists November 2024 tables including Table 4a for states; historical page lists Table A-5a state presidential rates 1972-2024.,retrieved,2026-09-28,"vote04a_2024.xlsx (15.9 KB): citizens 18+ who voted: US 65.3% (MOE 0.5), Delaware 69.8% (MOE 3.7)."
eac_eavs,EAC Election Administration and Voting Survey (EAVS),U.S. Election Assistance Commission,civic_participation,"Jurisdiction-level administrative data on registration, UOCAVA, mail voting, polling places and poll workers, provisional ballots and participation by voting mode.",https://www.eac.gov/research-and-data/datasets-codebooks-and-surveys,https://www.eac.gov/sites/default/files/2026-02/2024_EAVS_for_Public_Release_nolabel_V2_csv.zip,bulk_download,None,U.S. federal government work (no license statement found),state;county;cousub,Biennial 2004-2024 (machine-readable datasets from 2008; 2004 and 2006 mainly report tables),"Biennial, with revised versions (2024 data V2 posted February 2026)","Items and numbering revised each cycle; 2024 V2 with errata note; 2024 jurisdictions are towns/municipalities in WI, ME, MA, NH, VT, CT and RI (plus 4 Illinois cities), counties elsewhere, and Alaska reports statewide.",None; codes -88 (does not apply) and -99 (data not available) instead of values,Administrative self-reports with missing items; comparability across states and cycles is limited.,verified,2026-09-28,"EAC page lists 2024 EAVS V2 CSV/Stata/SPSS/SAS (February 2026) and codebook; codebook defines A1a Total Reg, A1b Total Active, F1a Total Voters.",retrieved,2026-09-28,"2024 EAVS V2 CSV (2.1 MB zip; 6,461 jurisdictions, 535 columns): Kent Co DE A1a 143,562 registered, A1b 133,534 active, F1a 88,601 voters."
americorps_cev,CPS Civic Engagement and Volunteering Supplement (CEV): state-level rates,AmeriCorps Office of Research and Evaluation with the U.S. Census Bureau,civic_participation,"State rates of 17 civic engagement measures (formal volunteering, informal helping, charitable giving, group membership, voting in local elections, contacting officials, talking with neighbors, and others) from September CEV waves.",https://data.americorps.gov/dataset/2017-2023-CEV-Findings-State-Level-Rates-of-All-Me/4r6x-re58,https://data.americorps.gov/resource/4r6x-re58.json,api_open,None (Socrata SODA API),Public Domain U.S. Government (Socrata metadata),nation;state,"State rates for 2017, 2019, 2021 and 2023; related CPS volunteer supplements go back to 2002",Biennial (September of odd years),CEV administered biennially since 2017; earlier Volunteer Supplements (2002-2015) and Civic Engagement Supplements (2008-2013) are separate series; in the open-data table the 2023 discussing-issues-with-friends-and-family column equals the neighbors column for all 51 rows (apparent data error).,No SEs in the open-data table,State samples are modest and no uncertainty is published in the table; self-reported behavior.,verified,2026-09-28,"data.americorps.gov 4r6x-re58: state-level rates of 17 measures from September 2017, 2019, 2021 and 2023 CEV; license Public Domain U.S. Government.",retrieved,2026-09-28,"SODA 4r6x-re58: 51 rows; 2023 formal volunteering Alabama 19.9%, Delaware 32.0%; 2023 friends/family and neighbors discussion columns identical in all rows."
census_cvap,"Citizen Voting Age Population by Race and Ethnicity (CVAP) special tabulation, ACS 5-year",U.S. Census Bureau,civic_participation;demographics,"ACS 5-year special tabulation of total, adult, citizen and citizen 18+ population by race and Hispanic origin for voting-rights geographies.",https://www2.census.gov/programs-surveys/decennial/rdo/technical-documentation/special-tabulation/CVAP_2020-2024_ACS_documentation_v1.pdf,https://www2.census.gov/programs-surveys/decennial/rdo/datasets/2024/2024-cvap/CVAP_2020-2024_ACS_csv_files.zip,bulk_download,None,Public domain (U.S. federal government work),nation;state;county;cousub;place;tract;bg;cd;other:state legislative districts (upper and lower),Annual 5-year releases from 2005-2009 through 2020-2024 (fifteenth release),Annual (2020-2024 CSV zip modified 2026-01-30),"Boundaries follow each release (2020 tracts and block groups, 119th Congress, 2024 legislative districts); MCD file only for 12 states; TOT and ADU estimates not provided for tracts and block groups.",None; rounded estimates with MOEs,ACS sampling error; CVAP is not the eligible electorate (e.g. felony disenfranchisement ignored).,verified,2026-09-28,"CVAP 2020-2024 doc: fifteenth release (first 2005-2009); files for nation, state, CD, legislative districts, county, place, MCD, tract, block group; CVAP_EST = citizens 18+.",not_attempted,2026-09-28,"CSV zip is 59.1 MB (above sample limit); range read of zip tail lists Nation, State, County, Place, MCD, Tract, BlockGr, CD, SLDUC and SLDLC csv files."
census_govfin,Census of Governments Finance and Annual Survey of State and Local Government Finances: Individual Unit Files,U.S. Census Bureau,public_services_finance,"Unit-level revenue, expenditure, debt and asset item codes (amounts in $000) for state and local governments (counties, municipalities, townships, special districts, school districts), with population and imputation flags.",https://www2.census.gov/programs-surveys/gov-finances/tables/2024/2024_methodology.pdf,https://www2.census.gov/programs-surveys/gov-finances/tables/2024/2024_Individual_Unit_Files.zip,bulk_download,"None; fixed-width text files (unit file, PID directory file, state-by-type totals) with technical documentation and disclaimer",Public domain (U.S. federal government work); Census disclaimer asks that reliability cautions accompany redistributed unit data,"state;other:individual government unit (county, municipal, township, special district and school district governments, with FIPS state and county codes)",Fiscal-year data; latest FY2024 (released July 2026); historical individual unit data 1967-2012 on the Census historical-data page,Annual; each year revised for two years and five years revised at each Census of Governments,"Whole universe (90,000+ units) canvassed in years ending in 2 and 7; sample years cover certainty units plus a sample (2024: 11,443 non-school local units plus all school districts); survey year covers fiscal years ending July 1-June 30; PID-to-GID unit ID crosswalk issued.",None; nonrespondent data imputed with item flags,Unit data should not be read as an accurate time series for any unit; small governments missing in sample years; fiscal years differ across governments.,verified,2026-09-28,"2024 methodology: universe canvassed in years ending 2 and 7, sample otherwise; 2024 sample 11,443 non-school local units; FY window July 1, 2023-June 30, 2024.",retrieved,2026-09-28,"2024_Individual_Unit_Files.zip (4.3 MB): 511,362 unit-item records, 24,571 units; Autauga Co AL government T01 property tax $7,550K (flag I)."
census_aspep,Annual Survey of Public Employment and Payroll (ASPEP): Individual Unit Files,U.S. Census Bureau,public_services_finance,Full-time and part-time employees and March payroll by government function (item code) for state and local government units.,https://www.census.gov/data/datasets/2025/econ/apes/annual-apes.html,https://www2.census.gov/programs-surveys/apes/datasets/2025/2025_individual_unit_files.zip,bulk_download,None; fixed-width unit data and ID files plus an Excel version,Public domain (U.S. federal government work); disclaimer accompanies unit files,state;other:individual government unit (with FIPS state and county codes),"Annual March pay period; 2025 unit files released April 16, 2026 (earlier years not verified here)",Annual,"Census years (ending in 2 and 7) cover all governments, other years only sampled governments; new Individual Unit ID introduced with the 2021 revision (May 2024) and the 14-digit legacy ID will be retired.","None; data flags per value (e.g. reported, imputed)","Unit files report full-time and part-time counts, not FTEs; March snapshot; incomplete coverage in sample years.",verified,2026-09-28,2025 ASPEP page: unit files by item code; years not ending in 2 or 7 include only sampled governments. Tech doc: payroll is March 31-day equivalent.,retrieved,2026-09-28,"2025_individual_unit_files.zip (11.2 MB): 82,589 unit-function rows, 11,422 ID records; Autauga Co AL: 175 FT employees, 30 FT police with arrest powers (item 062)."
nces_ccd_f33,NCES Common Core of Data School District Finance Survey (F-33),National Center for Education Statistics (collected by the Census Bureau),public_services_finance;education,"District-level revenues by source, expenditures by function and object, debt and fall membership for local education agencies.",https://nces.ed.gov/ccd/f33agency.asp,https://nces.ed.gov/ccd/data/zip/sdf22_1a.zip,bulk_download,None; tab-delimited flat files with SAS/SPSS versions and record layouts (e.g. https://nces.ed.gov/ccd/data/txt/sdf22_1a_layout.txt),Public domain (U.S. federal government work),state;county;cbsa;sd,"FY1990-FY2022 at NCES (FY2022 provisional v1a, June 2024); school years 1990-91, 1992-93 and 1993-94 were sample years",Annual (NCES files lag the Census release),"Sample-only years FY1991, FY1993 and FY1994; provisional (1a) and revised versions; variables added over time.",,"Covers LEAs including charter and education service agencies, whose enrollment and finance are not geographic; per-pupil values depend on fall membership (V33).",verified,2026-09-28,"NCES F-33 page: revenue and expenditure data for all school districts, collected by the Census Bureau, detailed data since FY1990; FY2022 layout defines TOTALREV, TCURELSC, V33.",retrieved,2026-09-28,"sdf22_1a.zip (4.1 MB): 19,572 LEAs; Capital School District DE FY2022 V33 6,384 pupils, TCURELSC $155.4M (about $24,340 per pupil)."
census_school_finance,Annual Survey of School System Finances (Public Elementary-Secondary Education Finance),U.S. Census Bureau,public_services_finance;education,"Same school district finance collection as NCES F-33, published by the Census Bureau with a shorter lag as summary tables, individual unit tables, all data items and data item flags.",https://www.census.gov/data/tables/2024/econ/school-finances/secondary-education-finance.html,https://www2.census.gov/programs-surveys/school-finances/tables/2024/secondary-education-finance/elsec24.xlsx,bulk_download,None,Public domain (U.S. federal government work),nation;state;sd,Latest fiscal year 2024 (files modified 2026-05-07); earlier years listed on the program page (not enumerated),Annual (May),Same underlying collection as F-33 but different file layouts and variable naming.,,Same caveats as F-33.,verified,2026-09-28,"Census 2024 Public Elementary-Secondary Education Finance page lists Summary Tables, Individual Unit Tables, All Data Items (elsec24.xlsx) and Data Item Flags.",not_attempted,2026-09-28,HEAD: elsec24.xlsx 12.6 MB (modified 2026-05-07); district data were sampled through NCES F-33 instead.
imls_pls,IMLS Public Libraries Survey (PLS),Institute of Museum and Library Services,public_services_finance,"Annual administrative data for public library systems (administrative entities) and outlets: visits, circulation, programs, staff, revenue and expenditure, hours, with outlet addresses and geocodes.",https://www.imls.gov/research-evaluation/surveys/public-libraries-survey-pls,https://www.imls.gov/sites/default/files/2026-06/pls_fy2024_csv.zip,bulk_download,None,U.S. federal government work (no license statement found),state;county;place;cousub;tract;cd;cbsa;facility;point;other:library legal service area (LSAGEOID),Collected annually since 1988; data files FY1992-FY2024 (FY2024 posted June 2026),Annual (about two-year lag),"Imputation methods changed FY2006-FY2008 (IMLS bridge study); data elements added over time (e.g. electronic materials, program attendance).","Salaries, benefits, staff and other operating expenditures set to -9 (flag H_24) when total FTE staff is 2.00 or less; -3 for temporarily closed libraries; imputed and unimputed files",Legal service areas do not match Census geographies exactly; finance is system-level; per-capita values use service-area population.,verified,2026-09-28,"IMLS PLS page: collected annually since 1988, data files since 1992; about 9,000 libraries and 17,000 outlets; FY2024 CSV/SAS/SPSS files posted.",retrieved,2026-09-28,"pls_fy2024_csv.zip (3.6 MB): system file 9,249 records, outlet file 17,615; Dover Public Library DE FY2024 visits 179,233, LSA population 62,955."
lincoln_fisc,Lincoln Institute Fiscally Standardized Cities (FiSC) database,Lincoln Institute of Land Policy,public_services_finance,"City-level fiscal estimates combining each central city government with allocated shares of overlying county, school district and special district finances; about 107 revenue, spending and debt variables in real per-capita dollars.",https://www.lincolninst.edu/data/fiscally-standardized-cities/,https://apps.lincolninst.edu/storage/files/fisc-database/FiSC-Full-Dataset-2023-Update.xlsx,bulk_download,None observed (no login); Lincoln Institute Terms of Service apply,"Lincoln Institute Terms of Service: content is Lincoln property licensed for personal, non-commercial, informational use; other reuse needs written consent",place,"1977-2023 annual, 212 large central cities",Periodic updates (2023 update is latest),Built from Census Annual Survey of State and Local Government Finances unit data with allocation methods; Core (150) and Legacy (95) city samples; values in real per-capita dollars (About sheet says 2022 dollars but cpi equals 1 in 2023 rows).,None,Only about 200 large cities; allocations are estimates; not for small places; confirm the dollar base year.,verified,2026-09-28,"Lincoln FiSC page: 212 cities, years 1977-2023, 115 categories; FiSC equals the city plus shares of overlying county, school and special district finances.",retrieved,2026-09-28,"FiSC-Full-Dataset-2023-Update.xlsx (30.4 MB): 10,246 city-year rows, 548 columns; Dover DE 2023 FiSC general revenue $3,358.79 per capita."
bls_laus,Local Area Unemployment Statistics (LAUS),U.S. Bureau of Labor Statistics,employment_labor,"Monthly and annual-average civilian labor force, employment, unemployment and unemployment rate by place of residence for about 8,300 areas (Census regions and divisions, states, metros, counties, cities of 25,000+, New England cities and towns). States are model-based and benchmarked to national CPS; substate areas use Handbook and ACS-share disaggregation.",https://download.bls.gov/pub/time.series/la/la.txt,https://download.bls.gov/pub/time.series/la/,bulk_download,"Descriptive User-Agent header required. Tab-delimited text with CRLF line ends and space-padded fields (series_id right-padded; value left-padded). la.data.64.County (336 MB) and la.data.65.City (330 MB) are large; per-state files la.data.7 to la.data.59 (e.g., la.data.21.Indiana, 18.8 MB) hold all areas in one state.",Public domain (U.S. federal government work),region;division;state;cbsa;csa;county;place;cousub;other:metropolitan divisions;other:small labor market areas;other:city parts by county;other:balance of state,"Monthly Jan 1976- for states, DC, Puerto Rico, Census regions/divisions, New York city and Los Angeles-Long Beach-Glendale MD; Jan 1990- for counties, metros and most cities (cities added when they pass 25,000); latest Aug 2026 (states) and Jul 2026 (substate); annual averages (period M13) for not seasonally adjusted series through 2025",Monthly; annual processing each spring revises up to 5 prior years (by mid-April),"2nd-generation models 1994; 3rd-generation models and real-time benchmarking to CPS 2005; 4th-generation models 2015 (states re-estimated to 1976, substate revised back to 2010); Mar 2025: OMB 2023 delineations, NECTAs dropped, CT 9 planning regions replace 8 counties back to 1990, intercensal population controls (removing a Dec-2016/Jan-2017 wedge break); Oct 2025 not collected (lapse in appropriations); 2025 annual averages are 11-month averages (footnote G).",No confidentiality suppression. Missing values are '-' with footnote codes (X = 2025 lapse in appropriations; U = annual average cannot be calculated; N = not available); P = preliminary.,Substate figures are not direct survey estimates; cities and city parts are disaggregated from counties using ACS shares; no demographic detail; counties and cities are not seasonally adjusted; national totals are not in the LA database (use CPS LN series); levels are persons (CPS levels are thousands).,verified,2026-09-28,"Fetched la.txt (file list, formats, M13 = annual average, about 8,300 areas), LAUS FAQ, Handbook of Methods calculation/history pages and 'LAUS Geography and Data Changes in 2025'.",retrieved,2026-09-28,"Downloaded la.area (8,351 areas), la.series (33,985 series), la.data.21.Indiana (18.8 MB): LAUCN180890000000003 2025 M13 = 5.1 (footnote G); Oct 2025 value '-' (X)."
bls_cps_ln,Current Population Survey labor force statistics (LN database),U.S. Bureau of Labor Statistics,employment_labor,"National monthly household-survey estimates of labor force status (unemployment rate, participation, employment-population ratio) with demographic detail; the national counterpart to LAUS, whose state not seasonally adjusted estimates are controlled to CPS national totals.",https://download.bls.gov/pub/time.series/ln/ln.txt,https://download.bls.gov/pub/time.series/ln/,bulk_download,Descriptive User-Agent required. ln.data.1.AllData is about 390 MB and sorted by series_id (HTTP range requests work). BLS Public Data API v1 answered without a key but returned no M13 annual averages.,Public domain (U.S. federal government work),nation,Monthly 1948- (LNS14000000); annual averages 1947- (LNU04000000 M13); latest Aug 2026,Monthly (Employment Situation); annual averages with December data; seasonally adjusted data revised for 5 years each January,"New population controls each January (e.g., January 2026, footnote 12); Oct 2025 not collected and Q4 2025 averages not produced; 2025 annual averages are 11-month averages excluding October (footnote 11).",Footnote 7 marks data that do not meet publication criteria; '-' for unavailable data.,Levels are in thousands; national only in this source; standard errors exist only for some series (ln.aspect).,verified,2026-09-28,"Fetched ln.txt (counts in thousands, rates one decimal, M13 = annual average), ln.series (LNU04000000 begins 1947 M13) and ln.footnote (codes 9-12 for the 2025 lapse).",retrieved,2026-09-28,Range requests into ln.data.1.AllData: LNU04000000 2024 M13 = 4.0; 2025 M13 = 4.3 (footnote 11); 2025 M10 '-' (footnote 9).
bls_ces_sae,Current Employment Statistics - State and Area (CES),U.S. Bureau of Labor Statistics,employment_labor;industries_business,"Monthly establishment-survey estimates of nonfarm payroll jobs, hours and earnings by industry for states and about 450 metropolitan and other labor areas (including metropolitan divisions); workplace-based; benchmarked annually using QCEW employment.",https://download.bls.gov/pub/time.series/sm/sm.txt,https://download.bls.gov/pub/time.series/sm/,bulk_download,"Descriptive User-Agent required. series_id = SM + S/U + state (2) + area (5) + industry (8) + data type (2); per-state data files (e.g., sm.data.15.Indiana, 14 MB).",Public domain (U.S. federal government work),state;cbsa;other:metropolitan divisions,Total nonfarm from 1939 for states; most metro and industry series from Jan 1990; latest Aug 2026; annual averages (M13),Monthly; annual benchmark (sm.series benchmark_year = 2025),Annual benchmark revisions; metro definitions follow OMB delineations; sm.txt describes 2012 NAICS classification.,Series published only where the sample supports them; no county-level estimates.,Jobs counted at establishment location (not residents); excludes self-employed and farm jobs; employment in thousands.,verified,2026-09-28,"Fetched sm.txt: SM survey definition, about 450 major labor areas, total nonfarm from 1939, most other series from January 1990, employment in thousands.",retrieved,2026-09-28,"sm.data.15.Indiana: SMU18294140000000001 (Lake County-Porter County-Jasper County IN Metro Division, total nonfarm) 2025 M13 = 285.1 thousand."
bls_oews,Occupational Employment and Wage Statistics (OEWS),U.S. Bureau of Labor Statistics,employment_labor,"Annual (May reference) employer-survey estimates of employment and wage distributions (mean and 10th-90th percentiles) for detailed occupations by nation, state, metropolitan area and nonmetropolitan area; workplace-based.",https://www.bls.gov/oes/oes_ques.htm,https://download.bls.gov/pub/time.series/oe/,bulk_download,Descriptive User-Agent required; oe.data.0.Current (331 MB) and oe.series (1.26 GB) are large; series_id = OE + U + area type + area (7) + industry (6) + occupation (6) + data type (2).,Public domain (U.S. federal government work),nation;state;cbsa;other:nonmetropolitan areas,Only the current release is in the time.series files: May 2025 (oe.release 2025A01),Annual,Estimates pool six semiannual panels (three years) with older wages aged to the current May; occupation and area definitions change periodically.,"Footnote 8 'Estimate not released'; wages at or above $115.00/hour or $239,200/year are top-coded (footnote 5); relative standard errors published (data types 02, 05).",Excludes self-employed; BLS cautions that the design limits time-series use; no county estimates.,verified,2026-09-28,"Fetched OEWS FAQ: three years of data (six panels), limited time-series usefulness, excludes self-employed, national/state/MSA/nonmetropolitan coverage.",retrieved,2026-09-28,"Range request of oe.data.0.Current: OEUM001018000000000000001 (all-occupation employment, Abilene TX) 2025 A01 = 75070; oe.release = May 2025."
bls_cpi_u,Consumer Price Index for All Urban Consumers (CPI-U),U.S. Bureau of Labor Statistics,income_poverty_hardship,"Monthly consumer price index; U.S. city average all items, not seasonally adjusted, series CUUR0000SA0 (1982-84=100) with annual average in period M13; also regional, division and metro-area indexes.",https://download.bls.gov/pub/time.series/cu/cu.txt,https://download.bls.gov/pub/time.series/cu/cu.data.1.AllItems,bulk_download,Descriptive User-Agent required. CUUR0000SA0 is also in cu.data.0.Current and cu.data.2.Summaries.,Public domain (U.S. federal government work),nation;region;division;cbsa;other:city-size classes,Monthly Jan 1913 to Aug 2026 (CUUR0000SA0); annual averages 1913-2025,Monthly (typically the 10th-14th of the following month),Methodology improvements are not applied retroactively (use R-CPI-U-RS for a consistent research series); Oct 2025 index not published (footnote X); the 2025 annual average (321.943) equals the mean of the 11 available months.,None; '-' with footnote X for Oct 2025.,"Area indexes show change over time only, not price-level differences between areas; Census recommends R-CPI-U-RS rather than CPI-U for ACS income comparisons across years.",verified,2026-09-28,"Fetched cu.txt (file list, SA0 in AllItems and Summaries, base 1982-84, annual averages for unadjusted series) and the BLS 2025 shutdown CPI impact page.",retrieved,2026-09-28,cu.data.1.AllItems (2.7 MB): CUUR0000SA0 2024 M13 = 313.689; 2025 M13 = 321.943; 2025 M10 '-' (X); series begins 1913 M01.
bls_r_cpi_u_rs,R-CPI-U-RS: Consumer Price Index Retroactive Series using current methods (formerly CPI-U-RS),U.S. Bureau of Labor Statistics,income_poverty_hardship,Research price index estimating the CPI-U from 1978 as if current methods had been used throughout; monthly values and annual averages (December 1977 = 100). Census uses it to inflation-adjust ACS dollar estimates across years.,https://www.bls.gov/cpi/research-series/r-cpi-u-rs-home.htm,https://www.bls.gov/cpi/research-series/r-cpi-u-rs-allitems.xlsx,bulk_download,"Single XLSX (sheet 'All items'; header row 6: YEAR, JAN-DEC, AVG; note row after 2025).",Public domain (U.S. federal government work),nation,1978-2025 monthly and annual average (AVG column); December 1977 = 100,Annual (published once a year in March),"Values can change at each annual update (BLS posted incorrect values on Mar 31, 2026 and corrected them in April 2026); Oct 2025 unavailable but the 2025 AVG is populated (474.994); differences from CPI-U are large before 1999.",None.,"Research series with extrapolated adjustments; national only; Census 2024 guidance factor 1.02937903 (2023 to 2024) differs slightly from the ratio of the current XLSX annual averages (1.02948), so record the vintage used.",verified,2026-09-28,"Fetched R-CPI-U-RS homepage: estimates CPI-U from 1978, published once a year in March, correction notice, link 'All items, 1977-2025 (XLSX)'.",retrieved,2026-09-28,Downloaded r-cpi-u-rs-allitems.xlsx (13.9 KB): AVG 2019 = 375.813; 2023 = 449.265; 2024 = 462.511; 2025 = 474.994.
bea_cainc,"BEA Regional Accounts: county personal income (CAINC1, CAINC4, CAINC5N, CAINC30)",U.S. Bureau of Economic Analysis,income_poverty_hardship;employment_labor;industries_business,"Annual county personal income (residence-adjusted), BEA midyear population, per capita personal income, income components (net earnings, dividends/interest/rent, transfer receipts), earnings by place of work and earnings by NAICS industry.",https://apps.bea.gov/regional/downloadzip.htm,"https://apps.bea.gov/regional/zip/CAINC1.zip (also CAINC4.zip, CAINC5N.zip, CAINC30.zip); API: https://apps.bea.gov/api/data?UserID={key}&method=GetData&datasetname=Regional&TableName=CAINC1&LineCode=3&GeoFips=COUNTY&Year=ALL",bulk_download,"Zip files need no key. BEA API requires a free 36-character UserID (limits 100 requests/min, 100 MB/min, 30 errors/min). Nonexistent zip names return an HTML error page with status 200, so check Content-Type.",Public domain (U.S. federal government work),nation;state;county;other:BEA regions (8);other:Virginia county-independent city combination areas,"1969-2024 (CAINC1, CAINC4, CAINC30); 2001-2024 NAICS industry earnings (CAINC5N); SIC industry earnings for earlier years in CAINC5S","Annual (2024 county statistics released Feb 5, 2026 with revisions to 2020-2023)","Connecticut: 8 counties 1969-2023 and 9 planning regions for 2024 only (no overlap); Alaska area changes (1979, 1988, 1991, 1993, 2008, 2009, 2013, 2020); Broomfield CO from 2002; Menominee WI separate from 1989; NAICS industry detail from 2001; metro and other county-aggregate statistics discontinued; county employment table CAEMP25N ended with 2022 data.",(NA) not available; (NM) not meaningful; (D) not shown to avoid disclosure but included in higher-level totals (industry tables such as CAINC5N and CAGDP2); (L) not observed in current county files.,"Current dollars only; per capita uses the population vintage of each release; independent cities under 100,000 (1980) combined with adjacent Virginia counties; Kalawao HI combined with Maui; the BEA U.S. total is the sum of states and DC and differs from NIPA personal income.",verified,2026-09-28,"Fetched BEA download page and zip-list JSON, CAINC1 footnotes/definition XML (lines 1-3), FAQ 105 (state total vs NIPA), FAQ 1481 (aggregates dropped), BEA API user guide.",retrieved,2026-09-28,"CAINC1.zip (3.47 MB): CAINC1__ALL_AREAS_1969_2024.csv, 9,627 rows, 3,209 areas; Lake County IN (18089) 2024 per capita personal income = 58,423."
bea_sainc,BEA Regional Accounts: state annual personal income (SAINC tables),U.S. Bureau of Economic Analysis,income_poverty_hardship,"Annual state personal income, population, per capita personal income and components (SAINC1, SAINC4, SAINC30 and other SAINC tables) for states, BEA regions and the United States.",https://apps.bea.gov/regional/downloadzip.htm,https://apps.bea.gov/regional/zip/SAINC.zip (contains SAINC1__ALL_AREAS_1929_2025.csv and per-state files); https://apps.bea.gov/regional/zip/SAINC1.zip does not exist,bulk_download,"No key for the zip; BEA API (datasetname=Regional, TableName=SAINC1) requires a UserID.",Public domain (U.S. federal government work),nation;state;other:BEA regions (8),1929-2025 annual (Alaska and Hawaii from 1950); quarterly state personal income in SQINC,"Annual (2025 released Apr 9, 2026 with revisions to 2020-2024); quarterly (SQINC)",Population vintage and recent years revised at each release.,(NA) not available; (NM) not meaningful.,"SAINC1 dollars are in millions (CAINC1 in thousands); population vintage differs from CAINC1 (2024 U.S. population 340,003,797 vs 340,110,988), so do not mix releases without recording vintage.",verified,2026-09-28,Fetched BEA zip-list JSON (SAINC = Annual Personal Income by State; no SAINC1 zip) and read SAINC1 footnotes from the zip.,retrieved,2026-09-28,"SAINC.zip (17.5 MB, 1,017 files): SAINC1__ALL_AREAS_1929_2025.csv; U.S. 2025 per capita personal income = 76,393; Indiana 2025 = 66,292."
bea_cagdp,"BEA GDP by county (CAGDP1, CAGDP2, CAGDP9)",U.S. Bureau of Economic Analysis,industries_business,"Annual county gross domestic product: real GDP in chained 2017 dollars, chain-type quantity index and current-dollar GDP (CAGDP1); current-dollar GDP by NAICS industry (CAGDP2); real GDP by industry (CAGDP9).",https://www.bea.gov/data/gdp/gdp-by-county,https://apps.bea.gov/regional/zip/CAGDP1.zip ; https://apps.bea.gov/regional/zip/CAGDP2.zip ; https://apps.bea.gov/regional/zip/CAGDP9.zip,bulk_download,No key for the zips; BEA API requires a UserID.,Public domain (U.S. federal government work),nation;state;county;other:BEA regions (8),2001-2024 annual,"Annual (2024 released Feb 5, 2026)","Connecticut planning regions from 2024 (8 counties earlier); metro-area GDP (county aggregates) discontinued; chained dollars use reference year 2017; Alaska, Broomfield and Virginia combination-area notes as in CAINC.","(D) not shown to avoid disclosure (10,337 cells in the CAGDP2 Indiana file); (NA) not available; (NM) not meaningful.",Output is measured where production occurs (workplace-based); chained-dollar values are not additive across areas or industries; industry detail is heavily suppressed for small counties.,verified,2026-09-28,"Fetched BEA GDP by county page (Feb 5, 2026 release for 2024) and CAGDP1/CAGDP2 footnote files in the zips.",retrieved,2026-09-28,"CAGDP1.zip (1.9 MB): Lake County IN 2024 current-dollar GDP = 31,242,109 and real GDP = 24,764,214 (thousands of chained 2017 dollars)."
bea_rpp,"BEA Regional Price Parities and real personal income (SARPP, MARPP, PARPP)",U.S. Bureau of Economic Analysis,income_poverty_hardship,"Regional Price Parities (price level relative to U.S. = 100) for all items, goods, housing, utilities and other services; implicit regional price deflators; state real personal income and real per capita personal income (SARPI).",https://www.bea.gov/data/prices-inflation/regional-price-parities-state-and-metro-area,https://apps.bea.gov/regional/zip/SARPP.zip ; https://apps.bea.gov/regional/zip/MARPP.zip ; https://apps.bea.gov/regional/zip/PARPP.zip,bulk_download,No key for the zips; BEA API requires a UserID.,Public domain (U.S. federal government work),nation;state;cbsa;other:metro and nonmetro portions of states (PARPP),2008-2024 annual,"Annual (2024 released Feb 19, 2026 with revisions to 2008-2023)",Each release revises the 2008-forward series; metro areas follow current OMB delineations.,(NA) where applicable.,"Spatial price levels for a single year, not an inflation index; no county or place RPPs; metro real personal income not provided.",verified,2026-09-28,"Fetched BEA RPP page: RPPs measure price-level differences across states and metros for a given year; latest 2024 released Feb 19, 2026.",retrieved,2026-09-28,SARPP.zip (39 KB) and MARPP.zip (146 KB): Austin-Round Rock-San Marcos MSA RPP all items 2024 = 98.066; Kansas City MSA = 92.543.
census_saipe,Small Area Income and Poverty Estimates (SAIPE): states and counties,U.S. Census Bureau,income_poverty_hardship;children_early_childhood,"Model-based annual estimates of people in poverty (all ages, ages 0-17, related children 5-17; ages 0-4 for states and nation only) and median household income, with 90% confidence intervals, combining ACS with administrative data.",https://www.census.gov/data/developers/data-sets/Poverty-Statistics.html,"https://api.census.gov/data/timeseries/poverty/saipe ; bulk: https://www2.census.gov/programs-surveys/saipe/datasets/{year}/{year}-state-and-county/est{yy}all.txt (also est{yy}-{st}.txt, est{yy}all.xls)",api_key,Census API key for the API (project adapter). Bulk files are fixed-width text without a header row (layout: https://www2.census.gov/programs-surveys/saipe/technical-documentation/file-layouts/state-county/2024-estimate-layout.txt).,Public domain (U.S. federal government work),nation;state;county;sd,"1989, 1993, 1995-2024 (states and counties); school districts 1995, 1997, 1999-2024 in a separate dataset",Annual (2024 files dated 2026-01-27),2004 to 2005 switch from CPS ASEC to ACS inputs (comparisons across the break not advised); ACS group quarters added 2006; counts not comparable across the 2010 census benchmark; Connecticut planning regions from 2022 (8 counties through 2021).,None; all states and counties estimated; confidence intervals published.,Model-based with wide intervals for small counties; SAIPE and ACS are correlated so standard significance tests are conservative; county names truncated to 45 characters in text files.,verified,2026-09-28,"Fetched Census developer page (1989, 1993, 1995-2024), SAIPE cautions page, 2024 file layout, and API variables.json (SAEPOVRTALL_PT, SAEMHI_PT, _MOE, _LB90, _UB90).",retrieved,2026-09-28,"Downloaded est24-in.txt (24 KB): Lake County IN 2024 people in poverty 66,427 (13.3%, CI 11.8-14.8); median household income 73,228 (CI 70,499-75,957)."
census_susb,Statistics of U.S. Businesses (SUSB),U.S. Census Bureau,industries_business,"Annual firms, establishments, employment (week of March 12) and payroll by enterprise employment size and NAICS industry; receipts in years ending in 2 and 7.",https://www.census.gov/programs-surveys/susb/about.html,"https://www2.census.gov/programs-surveys/susb/tables/2022/ (us_state_6digitnaics_2022.txt, county_3digitnaics_2022.xlsx, msa_3digitnaics_2022.xlsx, cd_naicssector_2022.xlsx)",bulk_download,None; files about 5-53 MB.,Public domain (U.S. federal government work),nation;state;county;cbsa;cd,Annual from 1997 (some tables from 1992); latest 2022 (released 2025),Annual (multi-year lag),NAICS vintage changes; receipts only in years ending in 2 and 7.,"Noise flags on employment, payroll and receipts (EMPLFL_N, PAYRFL_N, RCPTFL_N; e.g., G, H).","Enterprise size reflects the whole firm nationally, not the local establishment; county detail limited to 3-digit NAICS; lagged.",verified,2026-09-28,"Fetched SUSB About page: firms, establishments, March 12 employment and payroll by enterprise size for U.S., states, MSAs, counties and congressional districts.",retrieved,2026-09-28,"Range request of us_state_6digitnaics_2022.txt: U.S. total FIRM = 6,395,635; ESTB = 8,298,562; EMPL = 135,748,407 (flag G)."
census_abs,Annual Business Survey (ABS): company summary,U.S. Census Bureau,industries_business,"Employer firms, sales/receipts, employment and payroll by owner sex, race, ethnicity and veteran status, and by firm age and size; survey-based.",https://api.census.gov/data/2023/abscs/variables.json,https://api.census.gov/data/2023/abscs,api_key,Census API key (project adapter).,Public domain (U.S. federal government work),nation;state;county;cbsa;cd,API reference years include 2022 and 2023 (verified); 2024 not available as of 2026-09-28,Annual,2023 data use NAICS2022 codes; owner-characteristic categories may change between years.,"Relative standard errors published (FIRMPDEMP_S, RCPPDEMP_S, EMP_S, PAYANN_S); withheld-cell rules not reviewed.",Sample survey; owner-demographic detail is sparse for small areas; employer firms only.,verified,2026-09-28,"Fetched ABS API metadata: variables.json (FIRMPDEMP, RCPPDEMP, EMP, PAYANN, SEX, RACE_GROUP, ETH_GROUP, VET_GROUP) and geography.json (us, state, county, MSA, CD).",not_attempted,2026-09-28,Census API requires a key; verified by project adapter
census_bfs,Business Formation Statistics (BFS): annual business applications by county,U.S. Census Bureau,industries_business,"Annual counts of business applications by county (county file), alongside the monthly national BFS series.",https://www.census.gov/econ/bfs/data/county.html,https://www.census.gov/econ/bfs/xlsx/bfs_county_apps_annual.xlsx,bulk_download,"None; single XLSX (sheet 'County Data'; header in row 3: State, County, County Code, state_fips, county_fips, BA2005-BA2025).",Public domain (U.S. federal government work),nation;county,2005-2025 annual county data (released 2026-06-10),Annual (county); monthly (national),Connecticut: 8 counties 2005-2021 and 9 planning regions 2022-2025 (blank outside each span); the June 2026 release used differentially private geometric noise; later releases are to follow Commerce DAO 216-26.,Differentially private noise in the 2026 release; no cell suppression observed.,"Applications are not business starts or employer births; noise matters for small counties; large 2020-2021 increases (e.g., Lake County IN 4,503 in 2019 vs 7,796 in 2020).",verified,2026-09-28,"Fetched BFS county page: 2005-2025 county data released June 10, 2026; differentially private noise note; DAO 216-26 statement.",retrieved,2026-09-28,"bfs_county_apps_annual.xlsx (526 KB): Lake County IN (18089) BA2019 = 4,503; BA2020 = 7,796; BA2025 = 6,991."
census_bds,Business Dynamics Statistics (BDS),U.S. Census Bureau,industries_business,"Annual firm and establishment counts, establishment entry and exit, job creation and destruction and reallocation rates from the Longitudinal Business Database, for nation, states, counties and metros with firm age and size tabulations.",https://api.census.gov/data/timeseries/bds/variables.json,"https://www2.census.gov/programs-surveys/bds/tables/time-series/2023/bds2023_st_cty.csv (18 MB; sector, age and size variants 52-262 MB); API: https://api.census.gov/data/timeseries/bds",bulk_download,None for CSV; Census API key for the API.,Public domain (U.S. federal government work),nation;state;county;cbsa,1978-2023 annual (2023 files dated 2025-09-25),Annual,Industry coded to 2017 NAICS in the API; county geography per release.,API carries flag variables (_F) for cells; flag values not reviewed here.,Employer businesses only; rates use the DHS denominator (DENOM); small counties can be volatile.,verified,2026-09-28,"Fetched BDS API variables.json: ESTABS_ENTRY_RATE, ESTABS_EXIT_RATE, JOB_CREATION_RATE, NET_JOB_CREATION_RATE, DENOM (DHS denominator), NAICS (2017).",retrieved,2026-09-28,"Range request of bds2023_st_cty.csv: 27 columns (year, st, cty, firms, estabs, emp, denom, estabs_entry_rate, ...); first row 1978 Autauga AL estabs = 430."
census_lehd_qwi,Quarterly Workforce Indicators (QWI),U.S. Census Bureau (LEHD),employment_labor;industries_business,"Quarterly employment, hires, separations, turnover, job flows and average monthly earnings by industry, worker sex/age, race/ethnicity, education and firm age/size for states, counties and metros, from LEHD administrative data; workplace-based.",https://lehd.ces.census.gov/data/qwi/latest_release/in/version_qwi.txt,"https://lehd.ces.census.gov/data/qwi/latest_release/{st}/ (e.g., qwi_in_rh_f_gc_ns_op_u.csv.gz)",bulk_download,"None; files are large (e.g., 103 MB gzip for one Indiana county-by-sector file); the QWI API on api.census.gov needs a key.",Public domain (U.S. federal government work),state;county;cbsa,Indiana 1998 Q1-2025 Q4 in release R2026Q3; start year varies by state,Quarterly,Each release can revise history; coverage begins when each state joined LEHD.,"Each indicator has an s-prefixed status flag column (sEmp, sEarnS, ...): 1 OK; 5 suppressed (publication standards); 9 significantly distorted, fuzzed value released; -1 not computable; -2 no data.",Workplace-based; the most recent quarters are missing for some indicators (Indiana QWI_FA ends 2025 Q3).,verified,2026-09-28,"Fetched Indiana version_qwi.txt (QWI_F 1998:1-2025:4, release R2026Q3), LEHD schema variables_qwi.csv (EmpS, EarnS definitions) and label_flags.csv.",retrieved,2026-09-28,"Decompressed a 60 KB range of qwi_in_rh_f_gc_ns_op_u.csv.gz: 82 columns incl. Emp, EmpS, HirA, Sep, TurnOvrS, EarnS, Payroll; first row 1998 Q1 county 18001."
irs_soi_county,IRS Statistics of Income (SOI) county income data,"Internal Revenue Service, Statistics of Income Division",income_poverty_hardship,"Annual counts of individual income tax returns, adjusted gross income (AGI) and other income and tax items by AGI size class (8 classes) for states, counties and metro areas, from filed individual returns.",https://www.irs.gov/statistics/soi-tax-stats-county-data-2023,https://www.irs.gov/pub/irs-soi/23incyallagi.csv (by AGI class); 23incyallnoagi.csv (totals); 23incbsa.csv (metro/micro); users guide 23incydocguide.docx,bulk_download,None.,Public domain (U.S. federal government work),state;county;cbsa,Tax years 1989-2023 (2011-2023 as CSV/XLSX; 1989-2010 as zipped Excel),Annual (tax year 2023 CSV last modified 2026-08-21),Tax law and filing-population changes alter comparability over time; AGI class boundaries defined in each year's users guide.,Small-cell rules described in the users guide (not reviewed here).,Covers tax filers only (non-filers absent); returns approximate households; AGI is not total money income; geography is based on the return address.,verified,2026-09-28,"Fetched SOI county data pages: years 2011-2023 plus 1989-2010 zips; 2023 file list incl. 23incyallagi.csv, 23incbsa.csv and the users guide.",retrieved,2026-09-28,"First 60 KB of 23incyallagi.csv: columns STATEFIPS, STATE, COUNTYFIPS, COUNTYNAME, agi_stub (1-8), N1, ..., A00100 (AGI); Alabama agi_stub 1 N1 = 27,010."
census_hps,Household Pulse Survey (HPS) / Household Trends and Outlook Pulse Survey (HTOPS),U.S. Census Bureau,income_poverty_hardship,"Experimental rapid-response survey of household conditions including difficulty paying usual household expenses, food sufficiency, housing and employment; HPS 2020-2024, relaunched within HTOPS from January 2025.",https://www.census.gov/programs-surveys/household-pulse-survey.html,"https://www.census.gov/programs-surveys/household-pulse-survey/data/tables.html (e.g., https://www2.census.gov/programs-surveys/demo/tables/hhp/2024/cycle09/spending1_cycle09.xlsx); public-use files also published",bulk_download,None; Excel tables per cycle and topic with separate standard-error workbooks (_se).,Public domain (U.S. federal government work),nation;state;cbsa,"HPS Apr 2020-Sep 2024 (tables for U.S., 50 states + DC, 15 largest metros); HTOPS 2025 longitudinal and cross-sectional from Mar 2026 (tables U.S. only); latest tables Jul 2026",Irregular (HPS weeks and cycles; HTOPS about every other month),"Questions, reference periods and designs change across phases: difficulty paying expenses asked for the last 7 days (HPS; June 2025 HTOPS) vs the last two months (2026 HTOPS tables); longitudinal design in 2025, cross-sectional from Mar 2026.",Standard errors published in _se workbooks; tables caution about small subgroups.,Experimental; HTOPS tables are national only; metro coverage limited to 15 largest MSAs; not comparable across phases with different wording.,verified,2026-09-28,"Fetched HPS program page (HTOPS relaunch Jan 2025, cross-sectional from Mar 2026), 2020 press release (national/state; 15 largest MSAs) and 2026 release pages.",retrieved,2026-09-28,"spending1_cycle09.xlsx (407 KB): 67 sheets (US, 50 states + DC, 15 metros); HTOPS 2506, 2603 and 2607 spending1 tables each have a single US sheet."
census_sipp,Survey of Income and Program Participation (SIPP),U.S. Census Bureau,income_poverty_hardship,"Nationally representative longitudinal panel survey of income, program participation, wealth and well-being, including food security and adult well-being items (e.g., unable to pay rent/mortgage or utility bills).",https://www.census.gov/programs-surveys/sipp/about.html,https://www2.census.gov/programs-surveys/sipp/data/datasets/2025/pu2025_csv.zip (84 MB; schema pu2025_schema.json),bulk_download,"None; microdata analysis needs weights and replicate weights (rw2025_csv.zip, 511 MB) for variance estimation.",Public domain (U.S. federal government work),nation,Annual public-use files 2018-2025 (2025 SIPP covers January-December 2024); earlier panels 1984-2014,Annual (2025 file posted 2026-07-14),Panel design; variable sets change across years.,Public-use disclosure edits not reviewed here.,"Designed for national estimates; state identifiers (TST_INTV, TEHC_ST) exist but state samples are small; hardship items are person-level recodes.",verified,2026-09-28,Fetched SIPP About page (nationally representative panels; food security and economic well-being) and datasets page (2018-2025; 2025 covers Jan-Dec 2024).,not_attempted,2026-09-28,"Not attempted: public-use zip is 84 MB; schema JSON (736 KB) retrieved and lists RFOODS, EAWBMORT, EAWBGAS, THCYINCPOV."
unitedforalice_alice,ALICE Threshold and Household Survival Budget (United For ALICE),United For ALICE (United Way of Northern New Jersey),income_poverty_hardship,"County-level cost-of-basics budgets and the share of households below the ALICE Threshold (households in poverty plus ALICE households), built from ACS income data and cost sources; state reports and data sheets.",https://www.unitedforalice.org/methodology,https://www.unitedforalice.org/state-overview/indiana (data sheet link /Attachments/StateDataSheet/2026 ALICE - Indiana Data Sheet.xlsx),manual_download,Download from state pages; terms of use apply to any reuse.,Terms of use: download for personal non-commercial use; no modification or redistribution without prior written consent of UWNNJ; credit 'Used with permission of United Way of Northern New Jersey'.,nation;state;county;puma,2026 reports use 2024 data (Indiana: 38% of households below the ALICE Threshold in 2024); earlier methodology documents cover data years back to 2016,Periodic reports (methodology reviewed every two years),"Methodology revised across report years (separate methodology documents for 2026, 2025, 2024-25, 2022-23, 2020-21, 2019 and 2018 reports).",Not stated.,"Not an official statistic; budget assumptions vary by county; restrictive reuse terms, so obtain permission before publishing.",verified,2026-09-28,Fetched ALICE methodology page (definitions; threshold rounded to ACS income categories) and Terms of Use (no reuse without written consent).,not_attempted,2026-09-28,"Not downloaded because terms restrict reuse; HTTP HEAD confirmed the 2026 Indiana data sheet XLSX (221 KB, modified 2026-03-30)."
feedingamerica_mmg,Map the Meal Gap,Feeding America,income_poverty_hardship;food_access,"Annual model-based estimates of overall and child food insecurity, food budget shortfall and cost per meal for every county and congressional district, using CPS food security data with state-level models applied to local covariates.",https://www.feedingamerica.org/research/map-the-meal-gap/how-we-got-the-map-data,https://feedingamerica.az1.qualtrics.com/jfe/form/SV_5tJt5m9K62hRC6N (dataset request form); interactive map https://map.feedingamerica.org/,manual_download,Dataset provided on request through a web form; interactive map viewable without registration.,Not published on the fetched pages; terms are presumably provided with the dataset request (unverified).,nation;state;county;cd,"Annual releases since 2013; latest 2026 release (2024 data; technical appendix published July 28, 2026)",Annual,Methodology refined over time (separate technical brief for each data year); check comparability before trend use.,Not stated.,Modeled rather than locally surveyed; relies on state-level coefficients applied to county covariates; access requires a request.,verified,2026-09-28,Fetched MMG by-county page (request form; county and congressional district coverage) and 'How We Got the Map Data' (2026 technical appendix for 2024 data).,requires_registration,2026-09-28,Dataset available only through a request form; form not submitted.
cdc_places,CDC PLACES: Local Data for Better Health,"CDC National Center for Chronic Disease Prevention and Health Promotion, Division of Population Health",health;food_access,"Model-based small-area estimates (multilevel regression and poststratification of BRFSS with ACS poverty and Census population) for 40 adult measures: 12 health outcomes, 7 prevention, 4 risk behaviors, 7 disability, 3 health status, 7 health-related social needs; crude and age-adjusted prevalence with 95% CIs. 2025 release Socrata IDs: county swc5-untb; place eav7-hnsx; tract cwsq-ngmh; ZCTA qnzd-25i4 (GIS-friendly wide format: i46a-9kgh; vgc8-iyc4; yjkw-uj5s; kee5-23sr). Archived 2024 release: fu4u-a9bh; sd8v-uq83; ai6z-tcin; 4r2x-hcfq. Archived 2023 release: h3ej-a9ec; krqc-563j; em5e-5hvn; 9umn-c3jf. Long-format fields (county): year; stateabbr; statedesc; locationname; datasource; category; measure; data_value_unit; data_value_type; data_value; data_value_footnote_symbol; data_value_footnote; low_confidence_limit; high_confidence_limit; totalpopulation; totalpop18plus; locationid; categoryid; measureid; datavaluetypeid; short_question_text; geolocation (tract adds countyname and countyfips; ZCTA omits state fields)",https://www.cdc.gov/places/methodology/index.html,https://data.cdc.gov/resource/swc5-untb.json;https://data.cdc.gov/resource/eav7-hnsx.json;https://data.cdc.gov/resource/cwsq-ngmh.json;https://data.cdc.gov/resource/qnzd-25i4.json,api_open,"None (Socrata SODA API, no key; page with $limit and $offset; 2025 tract table has 3,047,284 rows)",Public Domain (data.cdc.gov dataset metadata),nation;county;place;tract;zcta,PLACES releases 2020-2025 covering BRFSS data years 2017-2023 (2025 release: BRFSS 2023 for 35 measures and 2022 for 5); predecessor 500 Cities releases 2016-2019 (500 largest cities and their tracts),Annual release (2025 release rows loaded 2025-12-04); current dataset IDs are overwritten each year and prior releases are re-published under new IDs,"2024 release moved to 2020 Census geography (tracts, ZCTAs, places) and Connecticut planning regions (2023 release had 72,337 tracts, 2025 release 83,522); 2023 release added 7 disability measures and changed the CI simulation (wider CIs); 2024 release added 7 social-needs measures and dropped KIDNEY, CERVICAL, COREM, COREW; ISOLATION renamed LONELINESS in 2025; DEPRESSION and GHLTH first appear in 2021 release",Values suppressed where population is under 50 (footnote *); 2023-BRFSS measures missing for Kentucky and Pennsylvania in the 2025 release; social-needs measures only for the 39 states + DC that fielded the BRFSS social determinants module,"Model-based estimates, not direct survey values; CDC cautions against using them for program or policy evaluation and states the approach cannot track local change over time; release-to-release differences mix real change with method, input-year and geography changes; BRFSS 2024 excluded TN and BRFSS 2025 excluded CA, MS and NV, which may leave gaps in later releases",verified,2026-09-28,"Methodology page: MRP model, 1,000 Monte Carlo draws, 95% CI; Socrata metadata: 'This dataset contains model-based county estimates' using BRFSS 2023/2022",retrieved,2026-09-28,"$limit=3 rows from each of 4 IDs; county table 229,298 rows, 3,145 counties; Drew Co AR arthritis 2023 crude 29.9% (CI 26.6-33.3)"
cdc_brfss_prevalence,BRFSS Prevalence Data (2011 to present),"CDC National Center for Chronic Disease Prevention and Health Promotion, Division of Population Health",health,"Direct weighted survey estimates from the Behavioral Risk Factor Surveillance System: crude prevalence with 95% CI and sample size for each question and response by state, territory and nationwide, with age, sex, race/ethnicity, education and income breakouts (Socrata dttw-5yxu; age-adjusted variant d2rk-yvas; metro/micro area SMART data j32a-sa6u)",https://www.cdc.gov/brfss/annual_data/annual_2025.html,https://data.cdc.gov/resource/dttw-5yxu.json,api_open,None,Public Domain (data.cdc.gov dataset metadata),nation;state;other:MMSA (separate SMART dataset),2011-2025 annual (2025 data released August 2026),Annual,2011 introduced raking weights and the cell-phone sample; CDC states later data are not directly comparable with years before 2011; some questions are asked only in alternate years or in optional state modules,"Footnote fields present (data_value_footnote_symbol, data_value_footnote); suppression thresholds not verified","State level only (small-area values come from PLACES models); self-reported; jurisdictions dropped for not meeting minimum requirements: KY and PA (2023), TN (2024), CA, MS, NV and VI (2025)",verified,2026-09-28,"2025 BRFSS page: released Aug 2026; CA, MS, NV, VI did not meet minimum requirements; not directly comparable to years before 2011",retrieved,2026-09-28,"dttw-5yxu: 3,211,643 rows, years 2011-2025; 2025 DIABETE4 overall rows lack CA, MS, NV; AL 2024 alcohol (ages 18-24) 49.07% CI 42.13-56.01"
cdc_atsdr_svi,CDC/ATSDR Social Vulnerability Index (SVI),"CDC/ATSDR Geospatial Research, Analysis, and Services Program (GRASP)",health;environment_climate,"Percentile rankings (0-1) of social vulnerability for census tracts and counties (and ZCTAs in 2022) built from 16 ACS 5-year variables in 4 themes (socioeconomic status; household characteristics; racial and ethnic minority status; housing type and transportation), with E_ estimates, EP_ percentages, M_ and MP_ margins of error, theme ranks RPL_THEME1-4, overall rank RPL_THEMES and F_ flags (90th percentile or higher); US files rank nationally and state files rank within state",https://www.atsdr.cdc.gov/place-health/php/svi/svi-data-documentation-download.html,https://svi.cdc.gov/Documents/Data/2022/csv/states_counties/SVI_2022_US_county.csv;https://svi.cdc.gov/Documents/Data/2022/csv/states/SVI_2022_US.csv;https://svi.cdc.gov/Documents/Data/2022/csv/zcta/SVI_2022_US_ZCTA.csv,bulk_download,None (URL pattern https://svi.cdc.gov/Documents/Data/{year}/csv/{states|states_counties|zcta}/...),No explicit license found; U.S. federal government work; CDC requests a suggested citation,county;tract;zcta,"2000, 2010, 2014, 2016, 2018, 2020, 2022 (ZCTA files for 2022 only)",Every 2 years since 2014 (2022 is latest; files last modified 2024-11-25),"Ranks are relative within each release, so CDC says percentile scores are not comparable across years; 2000 built from Census 2000, 2010 onward from ACS 5-year; 2020 redesign added below-150%-poverty, housing cost burden and no-health-insurance variables, dropped per capita income, and moved limited English to theme 2; tract boundaries differ for 2000, 2010-2018 and 2020-2022",Missing or unavailable values coded -999,Relative index rather than an absolute measure; ACS inputs have large MOEs in small tracts; national and state-ranked files give different values; published corrections (2022 MP_CROWD; 2020 housing burden and overall SVI),verified,2026-09-28,"Download page lists 2000-2022 and says 'percentile scores of different tracts in different years are not comparable'; 2022 documentation: 2018-2022 ACS, -999 missing",retrieved,2026-09-28,"Range request (6 KB) of SVI_2022_US_county.csv (2.3 MB): 158 columns; Autauga County AL RPL_THEMES 0.2663, EP_UNINSUR 7.4; ZCTA and 2000-2018 files return HTTP 200"
census_sahie,Small Area Health Insurance Estimates (SAHIE),"U.S. Census Bureau, Small Area Estimates Branch",health,"Model-based single-year estimates of health insurance coverage (numbers and percents insured and uninsured, with 90% MOEs and CI bounds) for the nation, states and all counties, for ages under 65 by age group (AGECAT), sex (SEXCAT), income-to-poverty category (IPRCAT) and, for states only, race/ethnicity (RACECAT); combines ACS with federal tax returns, SNAP and Medicaid/CHIP records, County Business Patterns and census data; county estimates are adjusted to sum to state totals",https://www.census.gov/programs-surveys/sahie/about.html,https://api.census.gov/data/timeseries/healthins/sahie,api_key,Census API key (developer page: all Census Data API queries now require a key); keyless bulk CSV zips at https://www2.census.gov/programs-surveys/sahie/datasets/time-series/estimates-acs/,CC0 1.0 public domain dedication (Census API catalog license field),nation;state;county,2008-2024 consistent ACS-based series (2024 estimates released August 2026); API temporal range 2006-2024 also includes pre-ACS 2006-2007 estimates,Annual,Methodology switched to ACS-based inputs starting with 2008 estimates and Census advises against comparing them with earlier years; 2013 method-comparison file published; revised 2023 supplemental file (sahie-2023-sup) posted with the 2024 release in August 2026,,Under-65 population only; race/ethnicity detail only for states; model-based with wide intervals for small counties; coverage reflects ACS status at time of interview,verified,2026-09-28,"SAHIE About page: consistent estimates 2008 to 2024 from ACS, tax returns, SNAP, Medicaid/CHIP; API variables.json lists PCTUI_PT, NUI_PT, AGECAT, IPRCAT",not_attempted,2026-09-28,Census API requires a key; verified by project adapter
census_acs_1yr,"American Community Survey 1-year estimates (disability, health insurance, SNAP receipt tables)",U.S. Census Bureau,health;food_access,"Same detailed tables as the 5-year product (verified in 2024 1-year shells: B18101, C18108, B18135, B27001, B27010, C27007, B22001, B22003, B22010) for geographies with 65,000+ population; direct survey estimates with 90% MOEs",https://www2.census.gov/programs-surveys/acs/summary_file/2024/table-based-SF/documentation/ACS20241YR_Table_Shells.txt,https://api.census.gov/data/2024/acs/acs1,api_key,Census API key; keyless bulk alternative: https://www2.census.gov/programs-surveys/acs/summary_file/2024/table-based-SF/,CC0 1.0 public domain dedication (Census API catalog license field),nation;region;division;state;county;cousub;place;cbsa;csa;cd;puma;sd,Annual 2005-2024 for SNAP receipt and 2008-2024 for disability and health insurance; 2020 released only as experimental estimates; 2025 1-year not on the API as of 2026-09-28 (HTTP 404),Annual,Same 2008 disability and health insurance breaks as the 5-year product; Census: do not compare 2020 ACS 1-year experimental estimates with any other data,"Only geographies with 65,000+ population are published",Compare 1-year estimates only with other 1-year estimates; not available for most counties and places,verified,2026-09-28,"ACS20241YR_Table_Shells.txt (7.2 MB) fetched: B18101, C18108, B27001, B27010, C27007, B22001 present; comparing-ACS page warns against using 2020 experimental data",not_attempted,2026-09-28,Census API requires a key; verified by project adapter
hrsa_hpsa,"HRSA Health Professional Shortage Areas (primary care, dental, mental health)","HRSA Bureau of Health Workforce, Division of Policy and Shortage Designation",health,"Current and historical HPSA designations with HPSA ID, discipline, designation type (geographic, high-needs geographic, population, and facility including FQHC, look-alike, rural health clinic, IHS/tribal and correctional), status (designated, proposed for withdrawal, withdrawn), HPSA score, FTE, designation population, formal ratio, rural status, dates and component geographies (single county, county subdivision, census tract); shapefiles also offered",https://data.hrsa.gov/topics/health-workforce/shortage-areas,https://data.hrsa.gov/DataDownload/DD_Files/BCD_HPSA_FCT_DET_PC.csv;https://data.hrsa.gov/DataDownload/DD_Files/BCD_HPSA_FCT_DET_DH.csv;https://data.hrsa.gov/DataDownload/DD_Files/BCD_HPSA_FCT_DET_MH.csv,bulk_download,None,HRSA data download page: 'Usage limitations: None'; U.S. federal government data,county;cousub;tract;facility,"Current snapshot that also lists withdrawn designations with designation and withdrawal dates (e.g., a 1993 designation withdrawn in 2000)",Daily refresh (files dated 2026-09-28),"Designations change continuously, so history must be rebuilt from dates or archived snapshots; status 'No Data Provided' exists only in pre-August 2014 historical data; one HPSA has one row per component geography",,"Administrative designations that depend on applications and reviews, not a uniform measure of need; population HPSAs cover only specific groups (e.g., low-income) within an area; facility HPSAs are points; 9,915 primary care rows are 'Proposed For Withdrawal'",verified,2026-09-28,"Shortage-areas page: HPSA and MUA/P data for primary care, dental, mental health; download page: 'Refresh Cycle: Daily'; metadata XLSX: scores range 0 to 26",retrieved,2026-09-28,"Full primary care CSV (48.8 MB): 80,199 rows; 21,444 designated component rows and 7,822 designated HPSA IDs; components tract, county, cousub; scores 0-25"
hrsa_mua,HRSA Medically Underserved Areas/Populations (MUA/P),"HRSA Bureau of Health Workforce, Division of Policy and Shortage Designation",health,"MUA and MUP designations with Index of Medical Underservice (IMU) score and component scores (primary care physicians per 1,000, percent below 100% FPL, percent age 65+, infant mortality rate), status, designation and update dates, population type, rural status and component geographies (single county, county subdivision, census tract)",https://data.hrsa.gov/topics/health-workforce/shortage-areas,https://data.hrsa.gov/DataDownload/DD_Files/MUA_DET.csv,bulk_download,None,HRSA data download page: 'Usage limitations: None'; U.S. federal government data,county;cousub;tract,"Current snapshot including withdrawn designations with dates (e.g., 1994 designations still listed)",Daily refresh (file dated 2026-09-28),"IMU score reflects data at designation or update time, so long-standing designations carry old inputs; governor designations have no IMU score",,"Administrative designation rather than a current need estimate; the score applies to the whole MUA/P, not to each component",verified,2026-09-28,"Shortage-areas page covers MUA/P; metadata XLSX: IMU 0 (highest need) to 100, qualifies at 62.0 or less; download page: 'Usage limitations: None'",retrieved,2026-09-28,"Full MUA_DET.csv (8.8 MB): 20,132 rows; 17,082 designated component rows (tract 12,446; cousub 2,721; county 1,915); IMU Score field present"
hrsa_health_center_sites,HRSA Health Center Service Delivery and Look-Alike Sites,HRSA Bureau of Primary Health Care,health,"Active service delivery sites of HRSA Health Center Program awardees (FQHCs) and FQHC Look-Alikes: site name and address, longitude/latitude, location type (permanent, seasonal, mobile van), operating hours, site setting, county FIPS, 118th congressional district and parent organization",https://data.hrsa.gov/data/download,https://data.hrsa.gov/DataDownload/DD_Files/Health_Center_Service_Delivery_and_LookAlike_Sites.csv,bulk_download,None,HRSA data download page: 'Usage limitations: None'; U.S. federal government data,point;county;cd,Current snapshot of active sites (field 'Site Added to Scope this Date'); closed sites are not in the file,Daily refresh,"Point-in-time list, so trends require archived snapshots",Street address and ZIP suppressed for domestic violence shelter sites (city and state only),Site presence does not measure capacity or patients served (UDS covers patients); mobile and seasonal sites included; excludes non-HRSA clinics,verified,2026-09-28,"Data download page: health center sites file, 'Refresh Cycle: Daily', 'Usage limitations: None', 118th congressional districts, DV shelter addresses suppressed",retrieved,2026-09-28,"Full CSV (14.0 MB): 19,283 active sites; FQHC 14,603 permanent, 2,368 seasonal, 1,356 mobile van; 956 look-alike sites; X/Y coordinate fields present"
hrsa_ahrf,Area Health Resources Files (AHRF),"HRSA Bureau of Health Workforce, National Center for Health Workforce Analysis",health,"More than 6,000 county, state and national variables compiled from 60+ sources: health professions (AMA Physician Masterfile, NPI counts), facilities (hospitals, beds, FQHCs, rural health clinics), utilization, expenditures, population, economics and environment; the county CSV is split into hp, hf, pop, exp, utl, env and geo files",https://data.hrsa.gov/topics/health-workforce/ahrf,https://data.hrsa.gov/DataDownload/AHRF/AHRF_2024-2025_CSV.zip;https://data.hrsa.gov/DataDownload/AHRF/AHRF_SN_2024-2025_CSV.zip,bulk_download,None,AHRF page: 'Usage limitations: None'; U.S. federal government data,nation;state;county,"Annual releases from 1999 through 2024-2025 on the site; each release carries about two recent data years per variable (e.g., physicians 2022-2023, NPI counts 2023-2024)",Annual (2024-2025 files dated 2025-12-19),"Variable names carry year suffixes and change with each release (crosswalk file provided); the 2024-2025 county file holds both the 8 legacy Connecticut counties and the 9 planning regions (3,235 rows)",,"Headcounts by county, not FTE or patient-care capacity; data years differ across variables; rates need population denominators; variable labels here are read from AHRF names and should be confirmed in the technical documentation",verified,2026-09-28,"AHRF page: county, state and national files; 'more than 6,000 variables'; 'Usage limitations: None'; user/tech zip holds 2024-2025 documentation",retrieved,2026-09-28,"AHRF_2024-2025_CSV.zip (23.3 MB): hp file 1,927 cols x 3,235 rows; Autauga AL phys_nf_prim_care_pc_exc_rsdt_23 = 22, dent_npi_24 = 17"
cms_hospital_general_info,CMS Hospital General Information (Provider Data Catalog),Centers for Medicare & Medicaid Services,health,"List of Medicare-registered hospitals with CMS Certification Number (facility_id), address, county name, phone, hospital type, ownership, emergency services, birthing-friendly designation, overall star rating (1-5) and counts of measures better, no different or worse by measure group (mortality, safety, readmission)",https://data.cms.gov/provider-data/sites/default/files/data_dictionaries/hospital/HOSPITAL_Data_Dictionary.pdf,https://data.cms.gov/provider-data/api/1/datastore/query/xubh-q36u/0,api_open,None (CSV download also offered),No license in dataset metadata (license: null); U.S. federal government data,facility,"Current snapshot (metadata modified 2026-07-22, released 2026-08-13)","Quarterly refresh cycle (January, April, July, October) per data dictionary; not all measures update each quarter",Snapshot file; trends require archived quarterly files,,"No coordinates or county FIPS (county name and ZIP only); Medicare-registered hospitals only; 2,245 of 5,419 hospitals have overall rating 'Not Available' (including 983 critical access and all psychiatric hospitals)",verified,2026-09-28,"Data dictionary: Care Compare data refreshed each quarter (Jan, Apr, Jul, Oct); overall star ratings summarize quality measures; metastore describes xubh-q36u",retrieved,2026-09-28,"API query (limit=3) and full CSV (1.45 MB): 5,419 hospitals (3,107 acute care, 1,382 critical access); Southeast Health Medical Center (Dothan AL) rating 4"
cdc_wonder_ucd,CDC WONDER Underlying Cause of Death (NVSS mortality),CDC National Center for Health Statistics (via CDC WONDER),health,"Final death counts, crude and age-adjusted death rates (2000 U.S. standard population by default) and 95% CIs from U.S. resident death certificates, by underlying cause (ICD-10, e.g., 113 selected causes), age, sex, race and Hispanic origin, year and place of residence; single-race database 2018-2024 and bridged-race database 1999-2020",https://wonder.cdc.gov/wonder/help/ucd-expanded.html,https://wonder.cdc.gov/ucd-icd10-expanded.html,manual_download,"Interactive query form; user must accept the NCHS data-use restrictions; the WONDER API returns only national vital statistics (no state, county or urbanization grouping)",NCHS data-use restrictions: no attempt to identify persons; do not present or publish statistics representing nine or fewer deaths,nation;region;division;state;county;other:HHS region;other:NCHS urbanization category,1999-2024 final data (single race 2018-2024; bridged race 1999-2020); 2024 final deaths added February 2026,Annual final data (separate provisional database),"ICD-10 coding from 1999 (ICD-9 for 1979-1998); single-race categories from 2018 versus bridged race 1999-2020; with the 2024 data the unreliable-rate rule changed from fewer than 20 deaths to CI width over 160% of the rate; Connecticut county rates unavailable for 2022 and later (deaths by 8 legacy counties, population by planning regions)",Sub-national counts of 1-9 deaths suppressed; rates suppressed for 0-9 deaths; populations under 10 suppressed; rates flagged unreliable and hidden when the 95% CI width exceeds 160% of the rate,"County detail only through the web form (no API), so automated pipelines need manual exports; small counties often suppressed unless years are pooled",verified,2026-09-28,UCD help page: single race 2018-2024; 1-9 deaths suppressed; unreliable if CI width >160% of rate. API page: only national data can be queried via API,not_attempted,2026-09-28,County query needs the web form and acceptance of data-use terms (user consent required); API cannot return state or county data
nchs_vsrr_county_overdose,VSRR Provisional County-Level Drug Overdose Death Counts,CDC National Center for Health Statistics,health,"Provisional 12-month-ending counts of drug overdose deaths by county of residence and ending month, with percent of records pending investigation, NCHS 2013 urban-rural code and completeness notes (Socrata gb4e-yj24)",https://www.cdc.gov/nchs/nvss/vsrr/prov-county-drug-overdose.htm,https://data.cdc.gov/resource/gb4e-yj24.json,api_open,None,Public Domain U.S. Government (data.cdc.gov metadata),county,12-month-ending periods ending January 2020 through December 2025 (data as of 2026-07-05),Quarterly,Provisional counts are revised as records arrive; deaths are reported about 6 months after death; a completeness note flags counties with low historical completeness,Counts of 1-9 suppressed (NCHS confidentiality standards),"Counts only (no rates); provisional and incomplete, with pending investigations understating counts; overlapping 12-month windows are not independent",verified,2026-09-28,"VSRR page: county provisional counts for 12 month-ending periods, quarterly updates, counts between 1 and 9 suppressed, counts only",retrieved,2026-09-28,"gb4e-yj24: 226,368 rows, 3,142 counties, Jan 2020-Dec 2025; Los Angeles County 12 months ending Dec 2025 = 1,824 provisional deaths"
cdc_ncipc_injury_dashboard,"CDC Mapping Injury, Overdose, and Violence Dashboard data",CDC National Center for Injury Prevention and Control,health,"Death counts and rates per 100,000 by place of residence for drug overdose (unintentional or undetermined intent), suicide, homicide and firearm deaths, annual and trailing twelve months, from provisional and final NVSS data; rate_m flags Bayesian-modeled rates (with credible intervals) where 1-9 deaths (county Socrata psx4-wq38; national, state and tract-group files also published)",https://www.cdc.gov/injury-violence-data/about/index.html,https://data.cdc.gov/resource/psx4-wq38.json,api_open,None,Public Domain U.S. Government (data.cdc.gov metadata),"nation;state;county;other:census tract groups of at least 10,000 people",Annual 2019-2024 plus trailing twelve months (May 2025-April 2026 as of 2026-09-04),Monthly,Provisional data are finalized once a year; geocoded (tract) death data collected since 2022; rates change as newer population estimates are adopted,Counts under 10 shown as '1-9'; rates for 1-9 deaths are Bayesian-modeled; unstable modeled rates suppressed,"Rates per 100,000 people with no age adjustment stated; mixes direct and modeled rates (check rate_m); intents limited to overdose, suicide, homicide and firearm",verified,2026-09-28,"About page: counts and rates per 100,000 at national, state, county and tract levels; 1-9 deaths shown as a range; Bayesian model for rates with 1-9 deaths",retrieved,2026-09-28,"psx4-wq38: about 3,141 counties x 6 intents for 2019-2024 and TTM; Alexander Co NC All_Suicide TTM count 1-9, modeled rate 17.2 (11.3-25.1)"
nchs_usaleep,U.S. Small-area Life Expectancy Estimates Project (USALEEP),CDC National Center for Health Statistics with NAPHSIS and Robert Wood Johnson Foundation,health,"Life expectancy at birth with standard error for census tracts (2010 boundaries) from abridged period life tables for 2010-2015, with a flag showing whether the estimate used observed, partly predicted or fully predicted age-specific death rates; state and New York City files plus national file",https://www.cdc.gov/nchs/nvss/usaleep/usaleep.html,https://ftp.cdc.gov/pub/Health_Statistics/NCHS/Datasets/NVSS/USALEEP/CSV/US_A.CSV;https://data.cdc.gov/resource/5h56-n989.json,bulk_download,None,Public Domain U.S. Government (data.cdc.gov metadata),state;tract,2010-2015 (single pooled period),One-time release; no update announced (page last reviewed June 2020),"Uses 2010 census tracts, so a crosswalk is needed for 2020 tracts","No estimates for Maine, Wisconsin or tracts with insufficient data (65,662 tracts, 88.7% of all)",Dated; small-tract estimates have large standard errors and may rely on predicted death rates,verified,2026-09-28,"USALEEP page: tract life expectancy 2010-2015 on 2010 tracts, abridged life tables, flags for observed vs predicted; Socrata metadata: 65,662 tracts, excludes ME and WI",retrieved,2026-09-28,"US_A.CSV range (600 bytes): fields Tract ID, e(0), se(e(0)), Abridged life table flag; tract 1001020100 e(0) 73.1, se 2.2348"
uwphi_chrr,County Health Rankings & Roadmaps national data,University of Wisconsin Population Health Institute,health;food_access,"Annual county, state and national compilation of ranked and additional measures from other sources (NCHS mortality, PLACES/BRFSS models, SAHIE, AHRF, Food Environment Atlas, Map the Meal Gap and others), with numerators, denominators, CIs, flags and race/ethnicity breakouts; national analytic CSV and trends CSV",https://www.countyhealthrankings.org/health-data/methodology-and-sources/data-documentation,https://www.countyhealthrankings.org/sites/default/files/media/document/analytic_data2025_v3.csv;https://www.countyhealthrankings.org/sites/default/files/media/document/chr_trends_csv_2025.csv,bulk_download,None (free download),"CHR&R Terms of Use: non-exclusive license for personal or non-profit use (educational, research, public health); commercial use requires written consent; preferred citation required",nation;state;county,"Annual releases 2010-2025 plus a March 2026 supplemental release; each measure uses its own data years (2025 release: premature death 2020-2022, uninsured SAHIE 2022, primary care physicians 2021)",Annual (March); program describes an open-source project to preserve and extend its data assets beyond 2026,Measure definitions and sources change across releases (documented in 'Changes to Select Measures 2010-2024'); population-estimate method changes affect data years 2004-2006 and 2019-2021; Connecticut shown as planning regions with some measures for former counties,"Per-measure flags: 1 = unreliable, 2 = suppressed (e.g., v001_flag)","Secondary compilation, so check the original source; rankings are within state; BRFSS-based and Food Environment Index measures carry state effects and CHR&R urges caution comparing counties across states; license restricts commercial use",verified,2026-09-28,"Data page: 2025 analytic CSV plus March 2026 supplemental release; terms page grants use for 'personal or non-profit purposes', commercial use needs consent",retrieved,2026-09-28,"Range 120 KB of analytic_data2025_v3.csv (13.1 MB): 796 columns; US v001_rawvalue (premature death YPLL per 100,000) = 8351.7, v147 life expectancy 77.1"
usda_ers_fara,USDA ERS Food Access Research Atlas (SNAP-authorized Retailer Access Map 2025; Large Retailer Access Map 2019),USDA Economic Research Service,food_access,"Tract-level low-income and low-access (LILA) flags and counts or shares of population subgroups beyond 0.5, 1, 10 and 20 miles from food retailers. 2025 SRAM: all SNAP-authorized retailers (excluding farmers markets and delivery routes) as of June 2025, straight-line (SD_ prefix) and driving-distance (DD_ prefix) versions, LandScan 2020 population grid, 2020 Census and 2020-24 ACS, 2020 tracts. LRAM (formerly FARA): supermarkets, supercenters and large grocery stores for 2019, 2015 and 2010, straight-line only, 2010 tracts",https://www.ers.usda.gov/data-products/food-access-research-atlas/documentation,https://www.ers.usda.gov/media/29395/2025-snap-authorized-retailer-access-map-sram-data.zip;https://www.ers.usda.gov/media/5627/2019-large-retailer-access-map-lram-formerly-known-as-the-food-access-research-atlas-fara-data.zip,bulk_download,None,No explicit license found; U.S. federal government work; ERS recommended citation provided in file readme,tract,"2025 SRAM (released July 2026); LRAM 2019, 2015 and 2010; archived 2006 Food Desert Locator (2000 tracts)","Irregular (2011, 2013, 2017, 2021, 2026)","July 2026: new SRAM added and prior atlas renamed LRAM; SRAM uses a different store universe, driving distance and gridded population, so it is not comparable with LRAM; LRAM 2010, 2015 and 2019 are comparable on 2010 tracts; the 2006 locator used 2000 tracts",Cells left blank when data are unavailable or not applicable,"Measures geographic proximity only (not affordability, store quality or online and pantry access); residential-based; SRAM counts every SNAP-authorized store type including convenience and dollar stores; tract IDs in the SRAM general-characteristics file lack the leading zero",verified,2026-09-28,"Documentation page: SRAM 2025 uses STARS June 2025, 2020 Census, LandScan 2020, 2020-24 ACS; LRAM 2019 uses 2019 supermarket list and 2010 Census; revision history page",retrieved,2026-09-28,"SRAM zip (18.9 MB): 84,119 tracts, 135 cols per distance file; LRAM 2019 CSV: 72,531 tracts, 147 cols; tract 01001020100 SD_SRAM_LA1and10 = 1"
usda_ers_fea,USDA ERS Food Environment Atlas,USDA Economic Research Service,food_access;health,"County and state indicators (300+ variables) on food store and restaurant counts per 1,000 population, SNAP- and WIC-authorized stores, low access to stores, food assistance participation, food insecurity, food prices and taxes, local foods and health; long-format CSV (FIPS, State, County, Variable_Code, Value) plus variable list",https://www.ers.usda.gov/data-products/food-environment-atlas/documentation,https://www.ers.usda.gov/media/5570/food-environment-atlas-csv-files.zip,bulk_download,None,No explicit license found; U.S. federal government work; ERS recommended citation in readme,county;state,"Current version released July 2025, mostly two time points per indicator (store counts 2016 and 2020; SNAP-authorized stores 2017 and 2023; low access 2015 and 2019; state food insecurity 2018-20 and 2021-23); earlier versions 2011-2020 archived","Irregular (versions 2011, June 2012, November 2012, 2014, 2015, 2017, 2020, 2025)","Each version re-bases indicator years, so older versions are not simply extended; store counts come from County Business Patterns NAICS codes; state-level indicators (marked *) are repeated on every county row",-9999 or N/A = not available or suppressed; -8888 = county did not exist that year,"Compiled from other sources 'with no further quality control checks' from ERS; mixed data years; state-level measures such as food insecurity and SNAP participation are not county values; USDA announced termination of future Household Food Security Reports (Sept 2025), the source of the food insecurity indicators",verified,2026-09-28,"Download page: current version 7/30/2025, 300+ variables, -9999 and -8888 codes; documentation page: CBP NAICS store counts, SNAP stores from FNA",retrieved,2026-09-28,"CSV zip (6.5 MB): StateAndCountyData.csv 957,753 long rows; Autauga AL GROCPTH20 0.0712, SNAPSPTH23 0.7148, PCT_LACCESS_POP19 33.9"
usda_fna_snap_retailers,SNAP Retailer Locator Historical Data,USDA Food and Nutrition Administration (formerly Food and Nutrition Service),food_access,"Point list of retailers authorized to accept SNAP at any time in the past 20 calendar years: record ID, store name, store type (e.g., Supermarket, Super Store, Convenience Store, Farmers' Market), address, county, latitude, longitude, authorization date and end date",https://www.fna.usda.gov/snap/retailer-locator/data,https://www.fna.usda.gov/sites/default/files/resource-files/snap-retailer-locator-data2005-2025.zip,bulk_download,None (fns.usda.gov URLs redirect to fna.usda.gov),No explicit license found; U.S. federal government data,point,"Authorizations 2005-2025 with start and end dates; current as of December 31, 2025","Periodic (page updated February 19, 2026)",Point-in-time retailer counts must be rebuilt from authorization and end dates; store types are FNA administrative categories,,"Authorization does not measure store size, quality or stock; ERS found coordinate errors (about 5% of stores in the wrong county before its edits); no NAICS codes",verified,2026-09-28,"Retailer data page: zipped CSV of retailers authorized in past 20 calendar years, current as of Dec. 31, 2025, with type, address, location and authorization dates",retrieved,2026-09-28,"Zip 24.0 MB (CSV 95.2 MB): 703,441 records; 249,063 with no end date; 375,809 Convenience Store records; lat/long and authorization dates present"
usda_fna_snap_data,"SNAP Data Tables (national, state and county/project area)",USDA Food and Nutrition Administration (formerly Food and Nutrition Service),food_access,"Administrative SNAP participation (persons, households), benefits and issuance: national annual summary 1969 onward; state monthly files FY1989 onward; bi-annual (January and July) county or project-area participation and issuance (FNS-388A)",https://www.fna.usda.gov/pd/supplemental-nutrition-assistance-program-snap,https://www.fna.usda.gov/sites/default/files/resource-files/snap-zip-fns388a-2.zip;https://www.fna.usda.gov/sites/default/files/resource-files/snap-zip-fy69tocurrent-9.zip;https://www.fna.usda.gov/sites/default/files/resource-files/snap-persons-9.xlsx,bulk_download,None,No explicit license found; U.S. federal government data,nation;state;county;other:SNAP project area,"National 1969-2025; state monthly FY1989-FY2026 (latest June 2026, preliminary); county or project area January and July 1989-July 2025","State tables monthly; county file twice a year (January data reported in May, July data in December)","Recent months are preliminary and revised; large 2025-2026 changes in some states (e.g., Arizona persons 886,806 in June 2025 vs 421,147 in June 2026 initial)",,Not all states report at county or project-area level and project areas may not match counties; county files are Excel sheets with a state-county-office code; figures may include disaster assistance,verified,2026-09-28,SNAP tables page: state monthly data through June 2026; bi-annual project area/county data FY89 through July 2025; not all states report at county level,retrieved,2026-09-28,"FNS-388A zip (14.8 MB, 74 files): July 2025 Autauga Co AL 7,764 persons, 3,597 households, $1,513,303 issuance; US persons June 2026 initial 36,352,716"
census_pep,"Population Estimates Program (PEP) county, state and national totals and components of change, Vintage 2025 (CO-EST2025-ALLDATA, NST-EST2025-ALLDATA)","U.S. Census Bureau, Population Division",demographics,"Annual July 1 resident population estimates 2020-2025, the April 1 2020 estimates base, and components of change (births, deaths, natural change, international, domestic and net migration, residual, group quarters) with rates per 1,000 for nation, regions, divisions, states and counties.",https://www2.census.gov/programs-surveys/popest/technical-documentation/file-layouts/2020-2025/CO-EST2025-ALLDATA.pdf,https://www2.census.gov/programs-surveys/popest/datasets/2020-2025/counties/totals/co-est2025-alldata.csv;https://www2.census.gov/programs-surveys/popest/datasets/2020-2025/state/totals/NST-EST2025-ALLDATA.csv,bulk_download,"None (keyless HTTPS). CSV is Latin-1 (ISO-8859-1), not UTF-8; STATE/COUNTY are zero-padded text codes; SUMLEV 040 state and 050 county rows in the county file; NST file adds 010 nation, 020 region, 030 division.",Public domain (U.S. federal government work),nation;region;division;state;county,4/1/2020 estimates base; 7/1/2020-7/1/2025 annual estimates; components 4/1/2020-6/30/2025 (Vintage 2025),Annual vintage (nation/state about December-January; counties about March; V2025 counties released March 2026). Each vintage revises all post-2020 years.,"Boundaries as of January 1, 2025. Connecticut appears as 9 planning regions (09110-09190) since Vintage 2022 (V2021 used legacy counties 09001-09015). 2010-2019 must come from the 2010-2020 intercensal files and 2000-2009 from the 2000-2010 intercensal files.",None; totals published for every county.,"Model-based estimates with no published error; never mix vintages; residual component; ESTIMATESBASE2020 differs slightly from 2020 Census counts (e.g., Marion Co. IN 977,202 vs intercensal CENSUS2020POP 977,206).",verified,2026-09-28,"Fetched layout PDF (release March 2026): fields SUMLEV to RNETMIG2025; notes say boundaries are 'as of January 1, 2025'.",retrieved,2026-09-28,"Downloaded full CSV (2,071,735 bytes; 51 SUMLEV 040 + 3,144 SUMLEV 050 rows). Marion Co. IN (18097) POPESTIMATE2025 = 992,196; one Latin-1 byte (0xF1)."
census_pep_county_characteristics,"PEP county population by age, sex, race and Hispanic origin, Vintage 2025 (CC-EST2025)","U.S. Census Bureau, Population Division",demographics,"Annual county estimates by 5-year age group, sex, race (alone and alone-or-in-combination) and Hispanic origin (ALLDATA); AGESEX files give broad age groups and median age; SYASEX files give single years of age.",https://www2.census.gov/programs-surveys/popest/technical-documentation/file-layouts/2020-2025/CC-EST2025-ALLDATA.pdf,https://www2.census.gov/programs-surveys/popest/datasets/2020-2025/counties/asrh/cc-est2025-alldata.csv;https://www2.census.gov/programs-surveys/popest/datasets/2020-2025/counties/asrh/cc-est2025-agesex-all.csv;https://www2.census.gov/programs-surveys/popest/datasets/2020-2025/counties/asrh/cc-est2025-syasex.csv,bulk_download,None (keyless). National ALLDATA file is 105 MB; per-state files cc-est2025-alldata-{ss}.csv and cc-est2025-agesex-{ss}.csv use 2-digit state FIPS.,Public domain (U.S. federal government work),county,YEAR 1 = 4/1/2020 base; YEAR 2-7 = 7/1/2020-7/1/2025,Annual (June; V2025 released June 2026),"AGEGRP 0 = total, 1-18 = 0-4 ... 85+. Race follows 1997 OMB standards with Some Other Race responses modified, so race counts differ from 2020 Census tables. Same layout in 2010-2020 intercensal CC-EST2020INT files (YEAR 1-12); 2000-2010 files differ (AGEGRP 99 = total).",None.,"Modeled, no error measures; race detail for small counties is imputed-heavy; not directly comparable to ACS or Census race tables that include Some Other Race.",verified,2026-09-28,"Fetched CC-EST2025-ALLDATA.pdf (release June 2026): YEAR 1=4/1/2020 base, 2-7=7/1/2020-2025; AGEGRP 0=Total, 1-18 five-year groups; SUMLEV 050.",retrieved,2026-09-28,"HEAD national cc-est2025-alldata.csv = 105,377,321 bytes; downloaded cc-est2025-alldata-18.csv (3,031,972 bytes; 12,236 rows = 92 counties x 7 years x 19 AGEGRP)."
census_pep_housing_units,"PEP housing unit estimates, Vintage 2025 (CO-EST2025-HU and NST-EST2025-HU tables)","U.S. Census Bureau, Population Division",housing,"Annual July 1 housing unit estimates 2020-2025 with April 1 2020 base for the nation, states and counties, published as formatted Excel tables (no 2020s CSV dataset located).",https://www.census.gov/programs-surveys/popest/technical-documentation/methodology.html,https://www2.census.gov/programs-surveys/popest/tables/2020-2025/housing/totals/CO-EST2025-HU.xlsx;https://www2.census.gov/programs-surveys/popest/tables/2020-2025/housing/totals/NST-EST2025-HU.xlsx;https://www2.census.gov/programs-surveys/popest/tables/2020-2025/housing/totals/CO-EST2025-HU-18.xlsx,bulk_download,"None (keyless). Tables identify areas by name only (e.g., '.Adams County, Indiana'); no FIPS column.",Public domain (U.S. federal government work),nation;state;county,4/1/2020 base; 7/1/2020-7/1/2025 (V2025). Vintage 2020 CSV for 2010-2020: https://www2.census.gov/programs-surveys/popest/datasets/2010-2020/housing/HU-EST2020_ALL.csv,Annual (May; V2025 tables dated May 2026),"Each vintage revises the series. County geography as of January 1, 2025 (CT planning regions).",None.,"Modeled, no error measures; names must be matched to FIPS codes; no subcounty housing unit estimates located for the 2020s.",verified,2026-09-28,Fetched PEP methodology page: Vintage 2025 documents include a Housing Units methodology alongside population methodologies.,retrieved,2026-09-28,"Downloaded CO-EST2025-HU-18.xlsx (103 rows): Indiana 4/1/2020 base 2,923,175 and 7/1/2025 3,052,602 housing units; rows named, no FIPS column."
census_pep_county_1970_1999,"Historical county population estimates 1970-1999 (e7079co, e8089co, CO-99-8 text files)","U.S. Census Bureau, Population Division",demographics,"Fixed-width text tables of July 1 population estimates for the nation, states and counties: preliminary intercensal 1970-1979, intercensal 1980-1989, and Vintage 1999 county estimates for 1990-1999 with the 4/1/1990 base.",https://www2.census.gov/programs-surveys/popest/tables/1900-1980/counties/totals/e7079co.txt,https://www2.census.gov/programs-surveys/popest/tables/1900-1980/counties/totals/e7079co.txt;https://www2.census.gov/programs-surveys/popest/tables/1980-1990/counties/totals/e8089co.txt;https://www2.census.gov/programs-surveys/popest/tables/1990-2000/counties/totals/99c8_18.txt,bulk_download,None (keyless). Fixed-width text with prose headers; 1990s county files are per state (99c8_{ss}.txt).,Public domain (U.S. federal government work),nation;state;county,"1970-1999 annual July 1 estimates, with 1970 and 1980 census counts and the 4/1/1990 estimates base",Discontinued (historical products),"County geography of each decade (not recast to current codes). 1990s values are Vintage 1999 postcensal estimates released March 9, 2000.",None.,"1970s state estimates rounded to thousands and county estimates to hundreds; 99c8 lists years in reverse order (1999 first, 1990 base last); needs custom parsing.",verified,2026-09-28,"Fetched file headers: e7079co describes 1970s intercensal method and rounding; e8089co issued March 1992; 99c8 Internet release March 9, 2000.",retrieved,2026-09-28,"Read e7079co.txt (range request) and full 99c8_18.txt: Indiana 7/1/1999 = 5,942,901; Autauga AL 7/1/1971 = 25,500 (county values rounded to hundreds)."
census_bps,Building Permits Survey (BPS): new privately-owned residential construction authorized,U.S. Census Bureau,housing,"Buildings, housing units and construction valuation authorized by building permits for new privately-owned residential buildings by structure size (1, 2, 3-4, 5+ units), for permit-issuing places, counties, CBSAs, states and the nation; 'estimates with imputation' and 'reported only' versions.",https://www2.census.gov/econ/bps/Documentation/placeasc.pdf,https://www2.census.gov/econ/bps/County/co2025a.txt;https://www2.census.gov/econ/bps/Place/Midwest%20Region/mw2025a.txt;https://www2.census.gov/econ/bps/Place/Northeast%20Region/ne2025a.txt;https://www2.census.gov/econ/bps/Place/South%20Region/so2025a.txt;https://www2.census.gov/econ/bps/Place/West%20Region/we2025a.txt,bulk_download,None (keyless). Comma-delimited text with two header lines and a blank third line; place files split into four Census regions; names space-padded (county names truncated to 30 characters).,Public domain (U.S. federal government work),nation;region;division;state;county;cbsa;place;cousub;other:county unincorporated permit office (FIPS place 99990),"County annual 1990-2025 (co1990a.txt-co2025a.txt); county monthly current/YTD files 2000-01 to 2026-08; place annual 1980-2025 by region (e.g., mw1980a.txt-mw2025a.txt)",Monthly (current-month and year-to-date files) and annual (May),"Universe about 20,100 permit places January 2014-December 2022; annually updated universe from January 2023 (about 19,900). Place layout eras: 1980-1998 (YY99 date, no FIPS place), 1999-2002, 2003, 2004-2006, 2007+ (FIPS place and FIPS MCD). County files use CT planning regions from 2023 (2022 file uses legacy counties).",No suppression; nonrespondents imputed in the 'estimates with imputation' columns; 'reported only' columns exclude imputation.,"Permits authorized, not starts or completions; areas not requiring permits excluded (under 1% of units nationally, varies by state); valuation is construction cost; county file lists only counties with permit offices (3,029 in 2025).",verified,2026-09-28,"Fetched placeasc.pdf and cntyasc.pdf (Feb 2022) record layouts and BPS methodology page (universe about 20,100 places to 2022; annual universe from 2023).",retrieved,2026-09-28,"Downloaded co2025a.txt (3,029 county rows) and 4 regional 2025 place files (20,070 permit offices). Marion Co. IN 2025: 1,342 units (1-unit 1,041; 5+ 285)."
fhfa_hpi,"FHFA House Price Index: annual all-transactions indexes (developmental) for nation, states, CBSAs, counties, ZIP codes and census tracts",Federal Housing Finance Agency (FHFA),housing,"Annual repeat-sales house price indexes (all-transactions: sales prices and appraisals on Fannie Mae and Freddie Mac mortgages), not seasonally adjusted, with annual percent change and indexes based to first recorded year, 1990 and 2000.",https://www.fhfa.gov/data/hpi/datasets?tab=additional-data,https://www.fhfa.gov/hpi/download/annual/hpi_at_county.xlsx;https://www.fhfa.gov/hpi/download/annual/hpi_at_cbsa.xlsx;https://www.fhfa.gov/hpi/download/annual/hpi_at_state.xlsx;https://www.fhfa.gov/hpi/download/annual/hpi_at_national.xlsx;https://www.fhfa.gov/hpi/download/annual/hpi_at_zip5.xlsx;https://www.fhfa.gov/hpi/download/annual/hpi_at_zip3.xlsx;https://www.fhfa.gov/hpi/download/annual/hpi_at_tract.csv,bulk_download,None (keyless). XLSX files have 5 note rows above the header (header on row 6); tract file is a 90 MB CSV; ZIP5 xlsx is 40 MB.,Public domain (U.S. federal government work),nation;state;cbsa;county;tract;other:ZIP5;other:ZIP3,"1975-2025 (series start when data suffice; 2,795 counties in 2025; tract series start varies)","Annual (spring; files last updated March 31, 2026)","Full county history published on current geography (CT planning regions 09110-09190 back to 1975); CBSAs on July 2023 delineations (e.g., Indianapolis-Carmel-Greenwood); CBSA file also has state non-CBSA areas. Values can be revised each release.",Index not reported until sample is sufficient; missing values are blank in current files (notes mention '.'); 1990/2000-based columns blank if the base year is missing.,Developmental indexes; only conforming Enterprise-backed loans; nominal dollars; index levels are not comparable across areas (compare growth only).,verified,2026-09-28,"Fetched FHFA HPI datasets page: Annual House Price Indexes for U.S., states, CBSAs, counties, ZIP3, ZIP5, tracts, each a Developmental Index, NSA.",retrieved,2026-09-28,"Downloaded hpi_at_county.xlsx (5,334,194 bytes; 106,252 county-years 1975-2025; 2,795 counties). Marion IN 2025 HPI 802.03, change 3.42%, 2000-base 229.73."
hud_fmr,HUD Fair Market Rents (FMR),"U.S. Department of Housing and Urban Development (HUD), Office of Policy Development and Research (HUD USER)",housing,"Annual 40th-percentile gross rents for standard-quality units by bedroom count (0-4) for HUD FMR areas (metropolitan areas or HUD Metro FMR Areas and nonmetropolitan counties), used for voucher payment standards.",https://www.huduser.gov/portal/datasets/fmr.html,https://www.huduser.gov/portal/datasets/fmr/fmr2027/FY27_FMRs.xlsx;https://www.huduser.gov/portal/datasets/fmr/fmr2026/FY26_FMRs_revised.xlsx,bulk_download,None for Excel files (HUD USER API requires an access token; not used).,Public domain (U.S. federal government work),county;cousub;cbsa;other:HUD FMR area,"Fiscal-year files on page from FY2000 to FY2027 (FY2027 effective October 1, 2026)",Annual (federal fiscal year; FY2027 file dated August 2026),"FMR areas follow OMB CBSAs with HUD modifications; New England rows are towns (10-digit fips = state + county + county subdivision); FY2026 revised FMRs effective May 21, 2026; methodology changes across years.",None.,"Program parameter, not a market median; county rows inherit their FMR area value; fiscal-year basis; 2BR is the conventional headline.",verified,2026-09-28,"Fetched FMR page: FMRs are 40th percentile gross rents for standard quality units; FY2027 files listed; revised FY2026 FMRs effective May 21, 2026.",retrieved,2026-09-28,"Downloaded FY27_FMRs.xlsx (375,708 bytes; 4,764 rows; fields stusps..fmr_4 plus Field_Descriptions sheet). Marion Co. IN FY27 2BR = 1,536 dollars."
hud_safmr,HUD Small Area Fair Market Rents (SAFMR),"U.S. Department of Housing and Urban Development (HUD), Office of Policy Development and Research (HUD USER)",housing,"FMRs calculated for ZIP Codes within metropolitan FMR areas, by bedroom count, with 90% and 110% payment standard columns.",https://www.huduser.gov/portal/datasets/fmr/smallarea/index.html,https://www.huduser.gov/portal/datasets/fmr/fmr2027/FY27_safmrs.xlsx;https://www.huduser.gov/portal/datasets/fmr/fmr2026/fy2026_safmrs_revised.xlsx,bulk_download,"None (keyless Excel); column headers contain line breaks (e.g., 'SAFMR 2BR').",Public domain (U.S. federal government work),other:ZIP Code (USPS);cbsa,Annual fiscal-year files (FY2024-FY2027 verified on FMR page),Annual (federal fiscal year; FY2027 file dated August 2026),Mandatory for voucher payment standards in HUD-designated metro areas; optional elsewhere.,None.,"ZIP Codes are postal delivery areas, not ZCTAs; metro areas only.",verified,2026-09-28,Fetched SAFMR page: SAFMRs are FMRs calculated for ZIP Codes; required for voucher payment standards in HUD-designated areas.,retrieved,2026-09-28,"Downloaded FY27_safmrs.xlsx (4,388,722 bytes; 51,871 ZIP rows). ZIP 76437 (Abilene, TX MSA) FY27 SAFMR 2BR = 1,150 dollars."
hud_chas,HUD Comprehensive Housing Affordability Strategy (CHAS) special tabulations of ACS 5-year data,"U.S. Department of Housing and Urban Development (HUD), Office of Policy Development and Research (HUD USER)",housing,"Custom ACS 5-year tabulations of households by HUD-adjusted median family income (HAMFI) category, tenure, housing problems, cost burden, race, household type, elderly and disability status, and affordability of units.",https://www.huduser.gov/portal/datasets/cp.html,https://www.huduser.gov/portal/datasets/cp/2018thru2022-050-csv.zip;https://www.huduser.gov/portal/datasets/cp/2018thru2022-040-csv.zip;https://www.huduser.gov/portal/datasets/cp/2018thru2022-160-csv.zip;https://www.huduser.gov/portal/datasets/cp/2018thru2022-140-csv.zip;https://www.huduser.gov/portal/datasets/cp/CHAS-data-dictionary-18-22.xlsx,bulk_download,"None for zip files (URL pattern cp/{start}thru{end}-{sumlevel}-csv.zip; sumlevels 040, 050, 060, 070, 140, 155, 160, 170); CHAS API requires a HUD USER token.",Public domain (U.S. federal government work),nation;state;county;place;cousub;tract;other:county-place split (155);other:consolidated city (170),ACS 5-year periods 2006-2010 through 2018-2022 in download tool (older 2000 Census and 2005-2007 versions separate),"Irregular, about annual (2018-2022 released December 23, 2025)",HUD says no substantive table changes since the 2021 release; Census disclosure avoidance suppresses some previously available estimates; geography follows the ACS vintage.,Census disclosure avoidance suppresses some cells (per HUD).,Lags ACS by about 3 years; small-area MOEs large (T*_moe columns provided); income categories relative to HUD area median family income.,verified,2026-09-28,"Fetched CHAS page: 2018-2022 CHAS released Dec 23, 2025; data dictionary (CHAS-data-dictionary-18-22.xlsx) lists Tables 1-18C with universes.",retrieved,2026-09-28,"Downloaded 2018thru2022-040-csv.zip (556,761 bytes; 24 table CSVs); Table1.csv has 52 state rows with source,sumlevel,geoid,name,st,T1_est*,T1_moe* columns."
hud_pit_hic,HUD Point-in-Time (PIT) homelessness counts and Housing Inventory Count (HIC) by Continuum of Care,U.S. Department of Housing and Urban Development (HUD),housing,"Annual one-night counts of sheltered and unsheltered people experiencing homelessness (PIT) and inventories of emergency shelter, transitional housing and safe haven beds (HIC), by Continuum of Care (CoC) and state.",https://www.huduser.gov/portal/datasets/ahar/2025-ahar-part-1-pit-estimates-of-homelessness-in-the-us.html,https://www.huduser.gov/portal/sites/default/files/xls/2007-2025-PIT-Counts-by-CoC.xlsb;https://www.huduser.gov/portal/sites/default/files/xls/2007-2025-PIT-Counts-by-State.xlsb;https://www.huduser.gov/portal/sites/default/files/xls/2007-2025-HIC-Counts-by-CoC.xlsx;https://www.huduser.gov/portal/sites/default/files/xls/2011-2025-PIT-Veteran-Counts-by-CoC.xlsx,bulk_download,"None (keyless). PIT workbooks are Excel binary (.xlsb) with one sheet per year 2007-2025 (about 1,000 columns in 2025) plus 'CoC Mergers' and 'field list, all years' sheets.",Public domain (U.S. federal government work),nation;state;coc,2007-2025 annual (January count night); veteran detail 2011-2025,Annual (AHAR Part 1; 2025 files dated May 2026),"CoC mergers change territories over time (see 'CoC Mergers' sheet); reporting categories (age, gender, race/ethnicity) change across years (see field list sheet).",No suppression; MO-604 spans Missouri and Kansas and is split between states only in the state file.,CoC territories do not align with counties or places; one-night counts undercount and methods vary by CoC; counts are not rates.,verified,2026-09-28,"Fetched 2025 AHAR Part 1 page listing 2007-2025 PIT counts by CoC/state (.xlsb), HIC by CoC/state (.xlsx) and veteran counts 2011-2025.",retrieved,2026-09-28,"Parsed 2025 sheet of PIT-by-CoC xlsb (8,859,426 bytes; 1,019 columns): Total Overall Homeless 745,652; IN-503 Indianapolis CoC 1,815. HIC xlsx parsed."
hud_usps_vacancy,HUD Aggregated USPS Administrative Data on Address Vacancies,"U.S. Department of Housing and Urban Development (HUD), with U.S. Postal Service data",housing,"Quarterly counts of total, vacant and no-stat residential, business and other addresses from USPS carrier records, aggregated by HUD to census tracts, with vacancy-duration detail.",https://www.huduser.gov/portal/datasets/usps.html,https://www.huduser.gov/apps/public/usps/register;https://www.huduser.gov/portal/datasets/usps/USPS_HUD_Address_Vacancy_Data_Dictionaries.xlsx,restricted,Registration and login required; data available only to governmental entities and non-profit organizations under a sublicense 'stated purpose'.,Restricted sublicense (USPS agreement via HUD); use limited to the stated purpose,tract,"Quarterly from 2005 (day counts start November 18, 2005); dictionary layouts for pre-Q4 2007, Q4 2007 onward and Q4 2020 onward",Quarterly,Field layout changed Q4 2007 and Q4 2020; dictionary labels GEOID as a 2000 Census tract ID (confirm tract vintage in delivered files).,Not applicable (restricted microaggregates).,"Administrative mail-delivery status, not housing occupancy; no-stat addresses include rural vacancies and units under construction; cannot be redistributed publicly.",verified,2026-09-28,"Fetched USPS vacancy page: quarterly data available only to registered governmental entities and non-profits; data dictionary lists GEOID, AMS_RES, RES_VAC and others.",requires_registration,2026-09-28,"Data download requires HUD USER registration and eligible organization; only the public data dictionary (18,327 bytes) was retrieved."
census_hvs,Current Population Survey/Housing Vacancy Survey (CPS/HVS): vacancy and homeownership rates,U.S. Census Bureau,housing,"Quarterly and annual rental and homeowner vacancy rates, homeownership rates and housing inventory estimates from the CPS for the U.S. and regions, with annual state and 75-largest-MSA tables.",https://www.census.gov/housing/hvs/index.html,https://www.census.gov/housing/hvs/files/annual25/ann25t_3.xlsx;https://www.census.gov/housing/hvs/files/annual25/ann25t_15.xlsx;https://www.census.gov/housing/hvs/files/annual25/ann25t_16.xlsx;https://www.census.gov/housing/hvs/files/annual25/ann25t_b3.xlsx;https://www.census.gov/housing/hvs/data/histtab1.xlsx;https://www.census.gov/housing/hvs/data/histtab14.xlsx,bulk_download,None (keyless). Formatted Excel tables with several header blocks and dotted row labels.,Public domain (U.S. federal government work),nation;region;state;cbsa,U.S. quarterly rental vacancy 1956-present; state rental vacancy 1986-2025 and homeownership 1984-2025 (annual); 75 largest MSAs homeownership 2015-2025,Quarterly (U.S./regions); annual tables for states and MSAs,"Revised series columns (e.g., '1989r1'); weighting changes; caution for COVID-19 period collection.",None; MOEs published (annual Table B-3 for state vacancy and homeownership rates).,Small state/MSA samples with large MOEs; state and MSA rates annual only; no county or place estimates.,verified,2026-09-28,Fetched HVS page (CPS-based; caution for COVID-19 period) and historical table list; annual 2025 tables incl. B-3 MOEs for state rates.,retrieved,2026-09-28,"Downloaded ann25t_3.xlsx 'Rental Vacancy Rates, by State: 1986 to 2025' (US 1986 = 7.3) and ann25t_15.xlsx homeownership by state 1984-2025."
evictionlab_eviction_data,Eviction Lab eviction filing and judgment data,"Eviction Lab, Princeton University",housing,"Eviction filings, households threatened and judgments from proprietary and court records 2000-2018 (validated observed counts for county/tract; unvalidated for place/block group), modeled county/state/national filing estimates with 95% credible intervals, and Eviction Tracking System (ETS) files for tracked sites since 2020.",https://data-downloads.evictionlab.org/,https://eviction-lab-data-downloads.s3.amazonaws.com/data-for-analysis/county_proprietary_valid_2000_2018.csv;https://eviction-lab-data-downloads.s3.amazonaws.com/estimating-eviction-prevalance-across-us/county_eviction_estimates_2000_2018.csv;https://eviction-lab-data-downloads.s3.amazonaws.com/estimating-eviction-prevalance-across-us/place_proprietary_2000_2018.csv;https://eviction-lab-data-downloads.s3.amazonaws.com/ets/all_sites_monthly_2020_2021.csv,bulk_download,Public S3 bucket eviction-lab-data-downloads (no login); evictionlab.org 'Get the Data' page asks for an email.,Open Data Commons Attribution License (ODC-BY 1.0); cite per directory instructions,nation;state;county;place;tract;bg;other:ETS tracked site,"2000-2018 annual (county, place, tract, block group); ETS weekly/monthly files for tracked sites (file names say 2020_2021; updated September 2026)",Irregular (national data deposited May 2022; tract files updated 2024-2026),'Valid' files drop observations with low or unvalidated counts; modeled estimates fill all counties; place files are aggregated to census designated places per README.,Low-count or unvalidated observations removed from 'valid' files.,National coverage ends 2018; proprietary coverage uneven by state; a filing is not an executed eviction; cofips not zero-padded in county_proprietary_valid file.,verified,2026-09-28,Fetched data-downloads page: data shared under ODC-BY 1.0 with citation instructions; READMEs/codebooks define filing_rate per 100 renting households.,retrieved,2026-09-28,"Range-read county_proprietary_valid_2000_2018.csv (cofips,county,state,year,type,filings,filing_rate,...): Autauga AL 2001 filings 84, rate 2.73."
census_hist,"Population of Counties by Decennial Census: 1900 to 1990 (Census 'cencounts', NBER CSV copy)","U.S. Census Bureau, Population Division (compiled by Richard L. Forstall); redistributed by NBER",demographics,"Decennial census population counts 1900-1990 for every county, state and the nation as originally published, with notes on boundary changes, renamed and defunct counties.",https://data.nber.org/census/population/cencounts/00-90doc.txt,https://data.nber.org/census/population/cencounts/cencounts.csv;http://web.archive.org/web/20190421062823/https://www.census.gov/population/cencounts/in190090.txt;http://web.archive.org/web/20160205223446/http://www.census.gov:80/population/cencounts/tx190090.txt,bulk_download,None. Original Census state files (www.census.gov/population/cencounts/{st}190090.txt) now return HTTP 404; archived copies via the Internet Archive.,Underlying Census data public domain; NBER page states no license terms,nation;state;county,1900-1990 decennial (10 censuses),Static (compiled 1995; NBER CSV 2007),Counts as published at each census (later corrections not reflected); county boundary changes not adjusted; defunct counties carry decimal codes; Alaska 1930/1940 enumerated in 1929/1939.,None.,Not boundary-harmonized; codes reflect 1990 county set; state text files are fixed-width blocks of decades.,verified,2026-09-28,"Fetched NBER page and 00-90doc.txt (Forstall, April 20, 1995): county counts 1900-1990 as published at each census; later corrections not reflected.",retrieved,2026-09-28,"Downloaded cencounts.csv (275,148 bytes; 3,223 rows). Indiana 93 rows, Texas 255; Marion IN 1990 = 797,159. census.gov state files 404; Wayback copies (IN, TX) 200."
census_twps0027_urban_places,"Population of the 100 Largest Cities and Other Urban Places in the United States: 1790 to 1990 (Working Paper No. 27, Campbell Gibson)","U.S. Census Bureau, Population Division",demographics,"Census populations and ranks of the 100 largest urban places at each census 1790-1990, 1990 land area and density, maximum population and regional distributions.",https://www.census.gov/library/working-papers/1998/demo/POP-twps0027.html,https://www2.census.gov/library/working-papers/1998/demographics/pop-twps0027/tab01.txt;https://www2.census.gov/library/working-papers/1998/demographics/pop-twps0027/tab22.txt,bulk_download,"None. 26 fixed-width text tables tab01.txt-tab26.txt (tab02-tab22 = one census each, 1790-1990); no FIPS codes.",Public domain (U.S. federal government work),place;other:urban place (incl. towns/townships),1790-1990 decennial,"Static (Internet release June 15, 1998)",Only places in the top 100 at a given census; boundaries as of each census.,None.,Name matching to FIPS required; not a complete city time series.,verified,2026-09-28,Fetched landing page titled 'Population of the 100 Largest Cities and Other Urban Places...1790 to 1990' linking tab01-tab26 text files.,retrieved,2026-09-28,"Read tab01, tab02 (24 urban places, 1790), tab22 (1990: New York city 7,322,564) and tab23; directory lists 26 text tables (1.9-40 KB)."
census_historical_state_population,"Historical state population: Census population change and apportionment data 1910-2020, and Working Paper 56 (1790-1990 by race)",U.S. Census Bureau,demographics,"Resident population, percent change, density and apportionment for states, regions and the nation at each census 1910-2020 (CSV/XLSX); Working Paper 56 gives 1790-1990 totals by race (Hispanic origin 1970-1990) for the U.S., regions, divisions and states.",https://www.census.gov/data/tables/time-series/dec/popchange-data-text.html,https://www2.census.gov/programs-surveys/decennial/2020/data/apportionment/apportionment.csv;https://www2.census.gov/programs-surveys/decennial/2020/data/apportionment/population-change-data-table.xlsx;https://www2.census.gov/library/working-papers/2002/demo/pop-twps0056/appendixA.xlsx,bulk_download,None (keyless). apportionment.csv quotes numbers with thousands separators.,Public domain (U.S. federal government work),nation;region;state,1910-2020 decennial (apportionment.csv); 1790-1990 (Working Paper 56),Decennial,"57 areas per census in the CSV (50 states, DC, Puerto Rico, 4 regions, U.S.); WP56 appendices are per-decade formatted tables.",None.,"Representative fields blank for DC, Puerto Rico and regions; WP56 xlsx layout is presentation-oriented.",verified,2026-09-28,Fetched 'Historical Population Change Data (1910-2020)' page linking apportionment.csv and xlsx; WP56 page title and appendix xlsx links verified.,retrieved,2026-09-28,"Downloaded apportionment.csv (39,917 bytes; 684 rows = 57 areas x 12 censuses 1910-2020). Indiana 1910 resident population 2,700,876."
census_gazetteer,Census Gazetteer Files (2026 vintage),"U.S. Census Bureau, Geography Division",demographics;housing,"One record per entity with GEOID, fully qualified GEOID (GEOIDFQ), name, land and water area (square meters and square miles) and internal point latitude/longitude for states, counties, county subdivisions, places, tracts, ZCTAs, CBSAs, school districts, congressional and legislative districts and urban areas.",https://www.census.gov/programs-surveys/geography/technical-documentation/records-layout/gaz-record-layouts.html,https://www2.census.gov/geo/docs/maps-data/data/gazetteer/2026_Gazetteer/2026_Gaz_place_national.zip;https://www2.census.gov/geo/docs/maps-data/data/gazetteer/2026_Gazetteer/2026_Gaz_counties_national.zip;https://www2.census.gov/geo/docs/maps-data/data/gazetteer/2026_Gazetteer/2026_Gaz_cousubs_national.zip;https://www2.census.gov/geo/docs/maps-data/data/gazetteer/2026_Gazetteer/2026_Gaz_tracts_national.zip;https://www2.census.gov/geo/docs/maps-data/data/gazetteer/2026_Gazetteer/2026_Gaz_zcta_national.zip;https://www2.census.gov/geo/docs/maps-data/data/gazetteer/2026_Gazetteer/2026_Gaz_cbsa_national.zip;https://www2.census.gov/geo/docs/maps-data/data/gazetteer/2026_Gazetteer/2026_Gaz_unsd_national.zip;https://www2.census.gov/geo/docs/maps-data/data/gazetteer/2026_Gazetteer/2026_Gaz_elsd_national.zip;https://www2.census.gov/geo/docs/maps-data/data/gazetteer/2026_Gazetteer/2026_Gaz_scsd_national.zip,bulk_download,None (keyless). Zipped tab-delimited UTF-8 text with header row.,Public domain (U.S. federal government work),state;county;cousub;place;tract;zcta;cbsa;sd;cd,Annual vintages (2022_Gazetteer to 2026_Gazetteer folders plus older files); 2026 files dated September 2026,Annual,CT planning regions from the 2022 Gazetteer (2021 lists legacy counties); tracts and ZCTAs 2020-based; CBSAs July 2023 delineation (935 CBSAs).,None.,Area and codes reflect the vintage's boundaries; internal points are not centroids.,verified,2026-09-28,Fetched 2026 Gazetteer record layouts: GEOIDFQ is the fully qualified GEOID for data.census.gov joins; ALAND/AWATER in square meters; 15 entity types.,retrieved,2026-09-28,"Downloaded 2026 national zips: counties 3,222 rows; places 32,363; cousubs 36,381; tracts 85,396; ZCTAs 33,791; CBSAs 935; unified SDs 10,797."
census_geo_codes_2020,2020 Census ANSI/FIPS code files (national_place_by_county2020 and related lists),"U.S. Census Bureau, Geography Division",demographics;housing,"Pipe-delimited reference lists of 2020 Census codes: places by county (one record per place-county part), plus national county, county subdivision, place and school district code lists.",https://www.census.gov/library/reference/code-lists/ansi.html,https://www2.census.gov/geo/docs/reference/codes2020/national_place_by_county2020.txt;https://www2.census.gov/geo/docs/reference/codes2020/national_place2020.txt;https://www2.census.gov/geo/docs/reference/codes2020/national_county2020.txt;https://www2.census.gov/geo/docs/reference/codes2020/national_cousub2020.txt,bulk_download,None (keyless). Pipe-delimited UTF-8 text with header.,Public domain (U.S. federal government work),state;county;place;cousub;sd,2020 Census codes (files dated February 2023; no later codes directory found),Decennial (codes2020); boundary updates through annual Gazetteer/TIGER,2020 geography: CT legacy counties 09001-09015 (use ct_change crosswalk for planning regions).,None.,"Place-county file lists place parts, so places spanning counties repeat; newer incorporations after 2020 missing.",verified,2026-09-28,"Fetched ANSI code list page: Place by County file has at least one record per place, fields STATE...FUNCSTAT; 2020 Census codes.",retrieved,2026-09-28,"Downloaded national_place_by_county2020.txt (2,736,928 bytes; 33,618 rows; pipe-delimited UTF-8); CT rows use legacy county codes (e.g., 09001)."
census_geo_county_changes,Census documentation of substantial changes to counties (1970-present) and the Connecticut county-equivalent change,"U.S. Census Bureau, Geography Division; Federal Register",demographics;housing,"Lists of new, deleted, renamed and recoded counties and substantial boundary changes since 1970, including Connecticut's 2022 adoption of 9 planning regions as county equivalents, with a CT county-to-county-subdivision crosswalk.",https://www.census.gov/programs-surveys/geography/technical-documentation/county-changes.html,https://www2.census.gov/geo/docs/reference/ct_change/ct_cou_to_cousub_crosswalk.txt;https://www2.census.gov/geo/docs/reference/ct_change/ct_cou_to_cousub_crosswalk.xlsx;https://www2.census.gov/geo/pdfs/reference/ct_county_equiv_change.pdf;https://www.govinfo.gov/content/pkg/FR-2022-06-06/pdf/2022-12063.pdf,manual_download,None. Crosswalk TXT is pipe-delimited with a byte-order mark and quoted multi-line header names.,Public domain (U.S. federal government work),county;cousub,1970-present,As changes occur,"CT 09001-09015 to planning regions 09110-09190 (2022; FR 87 FR 34235); Valdez-Cordova 02261 split into Chugach 02063 and Copper River 02066 (January 2, 2019); Bedford city 51515 added to Bedford County 51019 (July 1, 2013); Shannon 46113 to Oglala Lakota 46102 (2015); Wade Hampton 02270 to Kusilvak 02158 (2015).",None.,Documentation only; harmonized series must be rebuilt from town/MCD or tract data.,verified,2026-09-28,"Fetched county-changes pages (2020s, 2010s), CT change PDF, and Federal Register API record 2022-12063 (87 FR 34235, June 6, 2022).",retrieved,2026-09-28,"Downloaded ct_cou_to_cousub_crosswalk.txt (22,091 bytes): e.g., Bridgeport town 0900108070 -> 0912008070 (Fairfield Co. -> Greater Bridgeport PR)."
ipums_nhgis,IPUMS National Historical Geographic Information System: Version 21.0 [dataset],"Jonathan Schroeder, David Van Riper, Steven Manson, Grace Cooper, Zachary Krause, Tracy Kugler, Tsu Zhu and Steven Ruggles; Minneapolis, MN: IPUMS, University of Minnesota, 2026; http://doi.org/10.18128/D050.V21.0",demographics;households_families;education;employment_labor;industries_business;income_poverty_hardship;housing;transportation,"Summary tables from every decennial census 1790-2020, the ACS, County Business Patterns 1970-2002, agricultural censuses and vital statistics (1915-2007); time series tables linking censuses (nominally integrated, and 1990-2020 counts standardized to 2010 units); boundary files 1790-2024; block-based geographic crosswalks.",https://www.nhgis.org/overview-nhgis-datasets,https://api.ipums.org/extracts?collection=nhgis&version=2,api_key,"Free IPUMS account registered for NHGIS (https://uma.pop.umn.edu/nhgis/registration/new) and an API key (IPUMS_API_KEY in .env, sent as the Authorization header); without the NHGIS registration, extract requests return HTTP 401. The metadata API also needs the key; crosswalk downloads redirect to the IPUMS login. R package ipumsr 0.10.0 exists but is not needed (httr2 client in R/providers/nhgis.R).","IPUMS NHGIS terms: cite Version 21.0 (doi:10.18128/D050.V21.0); ""You will not redistribute the data without permission"" (statistics derived for reports are fine; extracts stay in the git-ignored cache; the test fixture is made up)",nation;region;division;state;county;cousub;place;tract;bg;zcta;cbsa,"Decennial 1790-2020: states and counties from 1790, tracts from 1910 (8 cities; whole U.S. from 1990), places and county subdivisions from 1970, block groups from 1990; ACS 5-year 2005-2009 to 2020-2024; CBP 1970-2002 (states and counties)",Irregular releases (Version 21.0 in 2026),"Nominally integrated series link areas by name and code, so they stop when codes change (Connecticut in 2022); standardized series put 1990-2020 counts on 2010 units only (no medians or long-form data yet); race comparisons break in 2000 (multiple races); census income is for the prior calendar year in nominal dollars; the poverty definition changed in 1980; education was measured in years of school through 1980 and degrees from 1990; 1970 sample tables omit places under 2,500.",As published by the Census Bureau (negative values in 1970 tables mark suppressed cells).,"Used for census years 1970-2000 of seven time series tables (AX6, B69, B79, B84, BD5, C53, CL6) for the nation, regions, divisions, states, counties, county subdivisions and places, as nominally integrated series. One extract (about 6 minutes to produce) is cached. Tracts, boundary files and crosswalks are not used; Connecticut planning regions have no census values. CBP uses SIC industry codes before 1998.",verified,2026-09-28,"nhgis.org: data availability (tracts 1910-2020, whole U.S. from 1990), overview of datasets (CBP 1970-2002), time series tables (1990-2020 standardized to 2010 units, counts only), geographic crosswalks (nhgis_tr2010_co2022 for Connecticut), citation and use (no redistribution without permission); CRAN ipumsr 0.10.0 (2026-03-13).",retrieved,2026-09-29,"Extract of AX6, B69, B79, B84, BD5, C53 and CL6, census years, 7 levels: 225,236 area-years. U.S. median household income $16,841 (1979), $30,056 (1989), $41,994 (1999); per capita income $7,298 (1979); 1989 poverty 31,742,864 of 241,977,859 people (13.1%)."
